# ************************************************************
# Sequel Pro SQL dump
# Version 4541
#
# http://www.sequelpro.com/
# https://github.com/sequelpro/sequelpro
#
# Host: 160.153.74.193 (MySQL 5.6.47-cll-lve)
# Database: roommeetingdb
# Generation Time: 2020-06-23 14:47:20 +0000
# ************************************************************


/*!40101 SET @OLD_CHARACTER_SET_CLIENT=@@CHARACTER_SET_CLIENT */;
/*!40101 SET @OLD_CHARACTER_SET_RESULTS=@@CHARACTER_SET_RESULTS */;
/*!40101 SET @OLD_COLLATION_CONNECTION=@@COLLATION_CONNECTION */;
/*!40101 SET NAMES utf8 */;
/*!40014 SET @OLD_FOREIGN_KEY_CHECKS=@@FOREIGN_KEY_CHECKS, FOREIGN_KEY_CHECKS=0 */;
/*!40101 SET @OLD_SQL_MODE=@@SQL_MODE, SQL_MODE='NO_AUTO_VALUE_ON_ZERO' */;
/*!40111 SET @OLD_SQL_NOTES=@@SQL_NOTES, SQL_NOTES=0 */;


# Dump of table adjudicados_companies
# ------------------------------------------------------------

LOCK TABLES `adjudicados_companies` WRITE;
/*!40000 ALTER TABLE `adjudicados_companies` DISABLE KEYS */;

INSERT INTO `adjudicados_companies` (`id`, `nombre`, `rnc`, `direccion`, `email`, `codigo`, `telefono`, `hover`, `color`, `logo`, `from`, `crm`, `gestion_usuarios`, `proyectos_financiados`, `estado`, `created_at`, `updated_at`, `pure_chat`)
VALUES
	(1,'Banco Popular','10393924932','Calle Maximo Gomez','cristian.almanzar@gmail.com',1001,'8095554444','#0e457d','#0c66c1','http://admin.dtehost.com/public/imagenes/popular.png','bpd@notificaciones.com',1,1,1,'activo','2020-04-02 17:20:17','2020-04-02 17:20:19','f5cb0f1e-2915-4b61-b327-664a30ac0d4e'),
	(2,'Banco BHD Leon','10432043200','Calle Venezuela','bhdleon@notificaciones.com',1002,'8097774333','#388433','#50b949','http://admin.dtehost.com/public/imagenes/bhd.png','bhd@notificaiones.com',1,1,1,'activo','2020-04-03 11:44:09','2020-04-03 11:44:11','f5cb0f1e-2915-4b61-b327-664a30ac0d4e');

/*!40000 ALTER TABLE `adjudicados_companies` ENABLE KEYS */;
UNLOCK TABLES;


# Dump of table archivos_salones
# ------------------------------------------------------------

LOCK TABLES `archivos_salones` WRITE;
/*!40000 ALTER TABLE `archivos_salones` DISABLE KEYS */;

INSERT INTO `archivos_salones` (`id`, `descripcion`, `path`, `salon_id`, `empresa_id`, `created_at`, `updated_at`)
VALUES
	(1,'','Ergotec/archivos/0J1XvFzXQ2KulNei6gDAZkybvrYfTNnnsMNU5qDZ.jpeg',2,2,'2020-01-20 08:03:16','2020-01-20 08:03:16'),
	(14,'','Ergotec/archivos/gHr0Y79CrTWdWrmz2omOsUheAaFvYHpSh2rxVWoo.jpeg',2,2,'2020-01-31 00:14:41','2020-01-31 00:14:41'),
	(7,'','Ergotec/archivos/LRjaEnHutC0Olr7YoGkZZFuVqpeof34Wdd0S0BEb.jpeg',11,2,'2020-01-30 23:35:05','2020-01-30 23:35:05'),
	(6,'','Ergotec/archivos/4EL5I1vQDk5928E79p8qZPtKIUc2HDkzXAo8gjHu.jpeg',10,2,'2020-01-24 06:10:42','2020-01-24 06:10:42'),
	(9,'','Ergotec/archivos/6ueOMGTftBuqQeT2pzSNDLhTQD20GBl8pby06GoF.jpeg',7,2,'2020-01-31 00:04:53','2020-01-31 00:04:53'),
	(10,'','Ergotec/archivos/rEbsQ6edsZa5iiqYhAxSK65L5bKYju3IbDkKEGF4.jpeg',6,2,'2020-01-31 00:07:51','2020-01-31 00:07:51'),
	(11,'','Ergotec/archivos/s9FuPHBdVZnRbTHrgFVgKSDXVy7xfDwfEMy0HMPG.jpeg',5,2,'2020-01-31 00:10:05','2020-01-31 00:10:05'),
	(12,'','Ergotec/archivos/GnmnVfVjthWbD8hoZ0n246rFYUI22z32RveFpuUB.jpeg',4,2,'2020-01-31 00:10:37','2020-01-31 00:10:37'),
	(13,'','Ergotec/archivos/c5IXaSj3NwTXlTcrcS86N8JnjkuSN8H101OhHvCZ.jpeg',3,2,'2020-01-31 00:12:27','2020-01-31 00:12:27'),
	(15,'','Ergotec/archivos/VKzOrAlEjrTow2ACGStwpCenTtIA33eEHdbGn6cV.jpeg',1,2,'2020-01-31 00:16:41','2020-01-31 00:16:41'),
	(16,'','Ergotec/archivos/EKVwV4C9bYmCuQX2GgJwwxvxOs7x2wMp22N2HFmg.jpeg',9,2,'2020-01-31 00:19:50','2020-01-31 00:19:50'),
	(17,'','Ergotec/archivos/fS7dS2URxrUIyq5VgEjRtuArFwmHWaWEq7QBcEpI.jpeg',11,2,'2020-01-31 00:21:03','2020-01-31 00:21:03'),
	(18,'','Ergotec/archivos/iuBs8Kp1hT6JKFn1jVPGBWwXcHaJCOtTMC50TCBv.jpeg',10,2,'2020-01-31 00:21:34','2020-01-31 00:21:34'),
	(19,'','Ergotec/archivos/lPBvSZf0vAkqp6mT67kYkF2R13jWHAyMa0MeCHiy.jpeg',9,2,'2020-01-31 00:21:53','2020-01-31 00:21:53'),
	(20,'','Ergotec/archivos/JPza0FzFg6siO40tAjCQ80WOm7bHdFgPYRXBGGaJ.jpeg',6,2,'2020-01-31 00:22:43','2020-01-31 00:22:43'),
	(21,'','Ergotec/archivos/O8e7Q0LCq0O2TEbrnbxEXujatPWorym3CYJ1t5bz.jpeg',4,2,'2020-01-31 00:23:15','2020-01-31 00:23:15'),
	(22,'','Ergotec/archivos/JCvxMgH8gSML7VCDiYyTWh0JxI7e17mnkzl3LWGU.jpeg',3,2,'2020-01-31 00:23:44','2020-01-31 00:23:44'),
	(23,'','Ergotec/archivos/l8HbtYD679eUR1qRitEHvsXVkTcfhFpbHG2NfL70.jpeg',1,2,'2020-01-31 00:24:26','2020-01-31 00:24:26');

/*!40000 ALTER TABLE `archivos_salones` ENABLE KEYS */;
UNLOCK TABLES;


# Dump of table areas
# ------------------------------------------------------------



# Dump of table departamentos
# ------------------------------------------------------------



# Dump of table empleados
# ------------------------------------------------------------



# Dump of table empresa_modulo
# ------------------------------------------------------------

LOCK TABLES `empresa_modulo` WRITE;
/*!40000 ALTER TABLE `empresa_modulo` DISABLE KEYS */;

INSERT INTO `empresa_modulo` (`id`, `empresa_id`, `modulo_id`, `created_at`, `updated_at`)
VALUES
	(1,1,1,NULL,NULL),
	(2,1,2,NULL,NULL),
	(3,1,3,NULL,NULL),
	(4,1,4,NULL,NULL),
	(5,1,5,NULL,NULL),
	(6,1,6,NULL,NULL),
	(7,1,7,NULL,NULL),
	(8,2,1,NULL,NULL),
	(9,2,2,NULL,NULL),
	(10,2,5,NULL,NULL),
	(11,2,6,NULL,NULL),
	(12,2,7,NULL,NULL);

/*!40000 ALTER TABLE `empresa_modulo` ENABLE KEYS */;
UNLOCK TABLES;


# Dump of table empresa_roles
# ------------------------------------------------------------

LOCK TABLES `empresa_roles` WRITE;
/*!40000 ALTER TABLE `empresa_roles` DISABLE KEYS */;

INSERT INTO `empresa_roles` (`id`, `empresa_id`, `role_id`, `created_at`, `updated_at`)
VALUES
	(1,1,1,NULL,NULL),
	(2,1,2,NULL,NULL),
	(3,2,2,NULL,NULL),
	(4,2,3,NULL,NULL),
	(5,2,4,NULL,NULL),
	(6,2,5,NULL,NULL);

/*!40000 ALTER TABLE `empresa_roles` ENABLE KEYS */;
UNLOCK TABLES;


# Dump of table empresas
# ------------------------------------------------------------

LOCK TABLES `empresas` WRITE;
/*!40000 ALTER TABLE `empresas` DISABLE KEYS */;

INSERT INTO `empresas` (`id`, `nombre`, `nombre_corto`, `RNC`, `razon_social`, `direccion`, `correo_empresa`, `telefono_empresa`, `active`, `description`, `id_licencia`, `created_at`, `updated_at`, `image_path`, `email`)
VALUES
	(1,'Diseño y Tecnología Empresarial','Diseño y Tecnología Empresarial','018-0063-6521','Diseño y Tecnología Empresarial','DTE, Av. Rómulo Betancourt No 387 Suite 303, Santo Domingo, República Dominicana','info@dte-online.com','809-362-2626','true','DTE - (Diseño y Tecnología Empresarial) es una Empresa especializada en el manejo de las Tecnologías','3','2019-10-16 10:12:34','2019-10-17 07:58:28','DiseñoyTecnologíaEmpresarial/miLogo/WGv8bolXub7yqGpJ9q1qDFvFTLzaXPfvkvUqxtfH.png','cristian.almanzar@dte-online.com'),
	(2,'Ergotec','Ergotec','101-656-794','LAVE S.A.','Av. Abraham Lincoln No. 1057 Piso 4','notificaciones@ergotec.com.do','809-412-7575','true','Plan de 9 Salones - Oficinas Corporativas','4','2019-11-17 23:44:49','2020-03-04 23:39:29','Ergotec/miLogo/8fCDRrlU80hcy5hicHsaeGFTK0JXFskbQjwHKkht.jpeg',NULL);

/*!40000 ALTER TABLE `empresas` ENABLE KEYS */;
UNLOCK TABLES;


# Dump of table facilidades
# ------------------------------------------------------------



# Dump of table facilidades_reservas
# ------------------------------------------------------------



# Dump of table fondos
# ------------------------------------------------------------

LOCK TABLES `fondos` WRITE;
/*!40000 ALTER TABLE `fondos` DISABLE KEYS */;

INSERT INTO `fondos` (`id`, `nombre`, `path`, `empresa_id`, `created_at`, `updated_at`)
VALUES
	(1,'Fondo 1','Diseño y Tecnología Empresarial/fondos/hoPLWgVXSn1hXsoGwChhQayAIC2Dc7NxgW69iVkz.jpeg',1,'2019-10-16 16:03:18','2019-10-16 16:03:18'),
	(2,'Paisaje','Diseño y Tecnología Empresarial/fondos/86AOUzuOQw8hbhPL1Wbr8cox9QqAsFRUGaEfpdYm.jpeg',1,'2019-10-18 01:35:17','2019-10-18 01:35:17'),
	(3,'Escaleras','Diseño y Tecnología Empresarial/fondos/GaOmCuWYhSnnzYmpPcIqJXfGvbWP8GhRBShOzCwa.jpeg',1,'2019-10-18 01:39:43','2019-10-18 01:39:43'),
	(4,'Edificios','Diseño y Tecnología Empresarial/fondos/XuZagmg4W0sbUCaTEyAnKNu5LOEedsgyQSpLWPxQ.jpeg',1,'2019-10-18 01:40:17','2019-10-18 01:40:18'),
	(5,'Rascacielos','Diseño y Tecnología Empresarial/fondos/wE8AExFdktZtSSiISyyLkan52YjOkzJOQn2l2XJf.jpeg',1,'2019-10-18 01:41:33','2019-10-18 01:41:33'),
	(6,'Test Salón Estar','Ergotec/fondos/sbdrcJmGIJspUF48T5M7NSmlKu43wLgNEt2KdqFN.jpeg',2,'2019-11-22 10:21:08','2019-11-22 10:21:08'),
	(7,'Foto Playa','Ergotec/fondos/tpHd0MnmBKfjKiWTswBcU3myGXn9I0pJFh9mHVlk.jpeg',2,'2019-11-29 01:30:13','2019-11-29 01:30:13'),
	(8,'Playa1','Ergotec/fondos/kl2LSzaBKaGmBPnjmAkTgHrxgtz4BKUPfPPKFpXe.jpeg',2,'2019-11-29 01:34:20','2019-11-29 01:34:20'),
	(9,'Casa vieja','Ergotec/fondos/6czUKJZO1DHziLNI6pAqkfkLVl6ZmIqYb9G7Xgso.jpeg',2,'2019-11-29 01:36:40','2019-11-29 01:36:40'),
	(10,'Mariposa','Ergotec/fondos/q02zB3khZjpVZ7c8M65FfoJkyiyIoFx5SuIsC8tO.jpeg',2,'2019-11-29 01:36:58','2019-11-29 01:36:58'),
	(11,'Helecho','Ergotec/fondos/oVoREAShlV4YJTpKlHlvXTg9oPMwho9awxAuso3m.jpeg',2,'2019-11-29 01:37:17','2019-11-29 01:37:17'),
	(12,'Playa2','Ergotec/fondos/NPXGqeIfwgQGHX39ycCGdkJfHpD1xccgIFic5lfh.jpeg',2,'2019-11-29 01:49:57','2019-11-29 01:49:57'),
	(13,'Perrito','Ergotec/fondos/mP5OcV05enzu6eK8CKQHv8vadLVEtp2cLkoFHJOw.jpeg',2,'2019-11-29 01:51:27','2019-11-29 01:51:27'),
	(14,'Flor','Ergotec/fondos/uybDtljrYrSKJuwi9spSwGz0sxr7TkGKUqFxCrmk.jpeg',2,'2019-11-29 02:00:03','2019-11-29 02:00:03'),
	(15,'Casa playa','Ergotec/fondos/9rV1rjkidagFf4Xvyjp1WYKDsZHwOGi3kwHNORUL.jpeg',2,'2019-11-29 02:00:31','2019-11-29 02:00:31'),
	(16,'Abejas','Ergotec/fondos/qngtiYKM9Tknq73gCHLSlERtJSCjC9xPr6gCmTzb.jpeg',2,'2019-12-02 01:22:01','2019-12-02 01:22:01'),
	(17,'Abeja','Ergotec/fondos/bkaYW4YUwIbr08VvKG0p7shumkU2lD3ecCIhoy0N.jpeg',2,'2019-12-02 01:27:32','2019-12-02 01:27:33'),
	(18,'Loritos azules','Ergotec/fondos/c5jfKr4ODG2e1owomIPye4DtcPNVpcTASoGF0oX4.jpeg',2,'2019-12-02 01:35:54','2019-12-02 01:35:54'),
	(19,'Loritos azul y amarillo','Ergotec/fondos/j9A6F5qckJmVbPAMi54efaanKriVqnJxtnMPfzxY.jpeg',2,'2019-12-02 01:36:36','2019-12-02 01:36:36'),
	(20,'Playa 3','Ergotec/fondos/g1PaE66vuJK9IFgQoq2ZocbD28swyUTlKahDsCBJ.jpeg',2,'2019-12-02 01:43:42','2019-12-02 01:43:43'),
	(21,'Playa blanca','Ergotec/fondos/LigjOtF0knPSsdjXxZPhYCTyZ1bvNXlae4Gyc5rG.jpeg',2,'2019-12-02 01:44:11','2019-12-02 01:44:11'),
	(22,'Mariposa 2','Ergotec/fondos/0EleEWO0mBVhpPKNLTvwOM30u5S8s3yD3QkGo4o5.jpeg',2,'2019-12-02 01:47:58','2019-12-02 01:47:58'),
	(23,'Periquitos','Ergotec/fondos/JfjPX5GofFp2an3O4h3Pl1TPPA5bpPDFKtnk8Pyd.jpeg',2,'2019-12-02 01:49:31','2019-12-02 01:49:31'),
	(24,'Playa con barca','Ergotec/fondos/AVQsuxxwdhMTXh1rlZLSmGoUNiw2XtQy8kGf8y7E.jpeg',2,'2019-12-02 01:50:46','2019-12-02 01:50:46'),
	(25,'Abeja en flor morada','Ergotec/fondos/RarIi5LQLlUHRtQ9sa66x2G8e3b2bj3uloO5GxO0.jpeg',2,'2019-12-02 01:57:32','2019-12-02 01:57:32'),
	(26,'Casa en campo','Ergotec/fondos/uHWmlWbZGmpbahaZ3II4aObGeaZXJj7muAfqpWnI.png',2,'2019-12-02 22:01:17','2019-12-02 22:01:17'),
	(27,'Colibri','Ergotec/fondos/xkxbYQ9hLTRn7k3xzrGhMsSzT0pXB0AErLqDqRup.png',2,'2019-12-02 22:02:00','2019-12-02 22:02:00'),
	(28,'Agua de Mar','Ergotec/fondos/BMfzKCZe2xlWzUkM44yn4aSp61V92VvmRIiVUFvJ.jpeg',2,'2019-12-04 22:56:12','2019-12-04 22:56:12'),
	(29,'Gray Photo','Diseño y Tecnología Empresarial/fondos/4RTvaynyHkSbSzfAQ2c4rtZAuvRob9Gq0X0ozyzr.jpeg',1,'2019-12-06 08:25:47','2019-12-06 08:25:47');

/*!40000 ALTER TABLE `fondos` ENABLE KEYS */;
UNLOCK TABLES;


# Dump of table licencias
# ------------------------------------------------------------

LOCK TABLES `licencias` WRITE;
/*!40000 ALTER TABLE `licencias` DISABLE KEYS */;

INSERT INTO `licencias` (`id`, `nombre_empresa`, `token_licencia`, `salones`, `estado`, `mensaje`, `descripcion`, `created_at`, `updated_at`, `calendario_envio`)
VALUES
	(1,'Plan Básico 10','$2y$10$YZvxDckpvV8qE4mdoZMzEuN6/8PoCJKqBHDLFpoFarh68BbOjdJwS',10,'normal',NULL,'Este plan permite crear máximo 10 Salones,','2019-10-16 15:55:11','2019-11-17 23:34:45','google_calendar'),
	(2,'Plan Plus 20','$2y$10$3brqHfR2HKKr/pJZNfBvFeUpFuILmC26DU5VBoV/iL3Y3rXyyNEFe',20,'normal',NULL,'Este plan permite crear máximo 20 Salones,','2019-10-16 15:55:37','2019-11-17 23:34:58','google_calendar'),
	(3,'Plan Premium Max Ilimitado','$2y$10$DHSp1gLdHnrAknlKgAosS.R2d.FIAkUPsp4c27xXwczPTISEvQKnC',1000000,'normal',NULL,'Este plan permite crear máximo 1,000,000 Salones,','2019-10-16 15:56:05','2019-11-17 23:35:21','google_calendar'),
	(4,'Plan Básico 9','$2y$10$CVncT4SGBp2un5MzINCDIOc3FSTCmbvAPH0baBeAp1wlggAHnY1Je',9,'normal',NULL,'Plan Adquirido Máximo 9 Salones','2019-11-17 23:35:56','2019-11-17 23:36:19','google_calendar');

/*!40000 ALTER TABLE `licencias` ENABLE KEYS */;
UNLOCK TABLES;


# Dump of table localidads
# ------------------------------------------------------------



# Dump of table logos
# ------------------------------------------------------------

LOCK TABLES `logos` WRITE;
/*!40000 ALTER TABLE `logos` DISABLE KEYS */;

INSERT INTO `logos` (`id`, `nombre`, `path`, `empresa_id`, `created_at`, `updated_at`)
VALUES
	(1,'Vacio','Diseño y Tecnología Empresarial/logos/5Pswvou14iygE7vb1Mre1PzR6avxL0jENpTCY5w6.png',1,'2019-11-18 01:24:59','2019-11-18 01:24:59'),
	(2,'Logo 1','Diseño y Tecnología Empresarial/logos/mlCLEoSgrDK5KzBfZrcnPBvO0DJdsNTEOyigdbI8.png',1,'2019-10-16 16:02:11','2019-10-17 07:57:59'),
	(6,'Asociación-Cibao','Ergotec/logos/G6BQHzfvUQqAHvlZhp5kDk1sjuvIUZ4KGgydhouY.jpeg',2,'2019-11-29 01:22:12','2019-11-29 01:22:12'),
	(7,'Yellow','Ergotec/logos/s7qLZKZIfQ5lufXyknkXExa9KKFVRrbN3jAa821K.png',2,'2019-12-02 00:47:28','2019-12-02 00:47:28'),
	(8,'More Wiese','Ergotec/logos/tUbARtDtEk4IlGyBMVRVYPRXk7cTMsFDKZvEhqBm.png',2,'2019-12-12 05:58:54','2019-12-12 05:58:54'),
	(9,'Constructora OV','Ergotec/logos/oPhMPfBki4HU95b2EUNf3r7cEZ7Ycq26P0a2o76g.png',2,'2020-01-17 00:07:55','2020-01-17 00:07:55'),
	(10,'Anny Jimenez','Ergotec/logos/5A4lsUrmElqejx0rOiuwTkf9BIgmqah12XscPWp6.png',2,'2020-01-30 02:06:21','2020-01-30 02:06:21'),
	(11,'RIZEK CACAO','Ergotec/logos/yMw9M3hHb1R090NTM23NB2w0A8ySkoAZHd3f2mbC.png',2,'2020-02-06 04:47:50','2020-02-06 04:47:51'),
	(12,'Those Who Inspire Dominican Republic','Ergotec/logos/vwEWq0WsIhh8dY4E5ONcvcYQq8JXKhoOlBTGbcV9.jpeg',2,'2020-02-14 06:39:59','2020-02-14 06:39:59'),
	(13,'Symantel','Ergotec/logos/at7lQqKRNiTlXudsMuped1qpKxTTs4I8qYALjLV5.jpeg',2,'2020-02-18 06:15:03','2020-02-18 06:15:03'),
	(14,'Dynasoft','Ergotec/logos/uGnQbgc6x61M0iilDTS7w4OfVGaoLXSQOKSDNL4E.png',2,'2020-03-04 23:39:52','2020-03-04 23:39:52');

/*!40000 ALTER TABLE `logos` ENABLE KEYS */;
UNLOCK TABLES;


# Dump of table migrations
# ------------------------------------------------------------

LOCK TABLES `migrations` WRITE;
/*!40000 ALTER TABLE `migrations` DISABLE KEYS */;

INSERT INTO `migrations` (`id`, `migration`, `batch`)
VALUES
	(251,'2014_10_12_000000_create_users_table',1),
	(252,'2014_10_12_100000_create_password_resets_table',1),
	(253,'2019_06_11_142019_create_empresa_modulos_table',1),
	(254,'2019_06_11_145704_create_departamentos_table',1),
	(255,'2019_06_11_150048_create_areas_table',1),
	(256,'2019_06_11_150228_create_posicions_table',1),
	(257,'2019_06_11_150449_create_empleados_table',1),
	(258,'2019_06_11_153048_create_localidads_table',1),
	(259,'2019_06_11_164513_create_licencias_table',1),
	(260,'2019_06_14_142919_create_permission_tables',1),
	(261,'2019_06_14_143135_create_empresas_table',1),
	(262,'2019_06_14_143233_create_modulos_table',1),
	(263,'2019_06_17_031618_create_soportes_licencias_table',1),
	(264,'2019_06_25_135647_create_tarjeta_codigos_empleados_table',1),
	(265,'2019_08_27_100645_create_tipo_reservas_table',1),
	(266,'2019_08_27_102842_create_tipo_facilidades_table',1),
	(267,'2019_08_27_104257_create_facilidades_table',1),
	(268,'2019_08_27_114614_create_logos_table',1),
	(269,'2019_08_27_114926_create_fondos_table',1),
	(270,'2019_08_29_114039_create_salones_table',1),
	(271,'2019_09_04_160154_create_reservas_table',1),
	(272,'2019_09_04_173206_create_participantes_table',1),
	(273,'2019_09_19_120240_create_table_salon_facilidades',1),
	(274,'2019_09_25_145234_create_facilidades_reservas_table',1),
	(275,'2019_10_10_163017_add_event_id_to_reservas',1),
	(276,'2019_10_17_114014_add_logo_path_to_empresas_table',2),
	(277,'2019_11_29_165751_add_color_proximos_eventos_to_salones_table',2),
	(278,'2019_12_02_111944_add_config_to_salones_table',2),
	(279,'2019_12_04_163217_add_nullable_mensaje_to_reservas_table',3),
	(280,'2020_01_13_112127_create_archivos_salones_table',3),
	(285,'2020_01_30_111826_add_calendar_type_to_licencias_table',4),
	(286,'2020_04_01_181901_create_adjudicados_companies',4),
	(288,'2020_04_03_164541_add_pure_char_field_to_adjudicados_table',5);

/*!40000 ALTER TABLE `migrations` ENABLE KEYS */;
UNLOCK TABLES;


# Dump of table model_has_permissions
# ------------------------------------------------------------

LOCK TABLES `model_has_permissions` WRITE;
/*!40000 ALTER TABLE `model_has_permissions` DISABLE KEYS */;

INSERT INTO `model_has_permissions` (`permission_id`, `model_type`, `model_id`)
VALUES
	(1,'App\\User',1),
	(2,'App\\User',1),
	(3,'App\\User',1),
	(4,'App\\User',1),
	(5,'App\\User',1),
	(6,'App\\User',1),
	(7,'App\\User',1),
	(8,'App\\User',1),
	(9,'App\\User',1),
	(10,'App\\User',1),
	(11,'App\\User',1),
	(12,'App\\User',1),
	(13,'App\\User',1),
	(14,'App\\User',1),
	(15,'App\\User',1),
	(16,'App\\User',1),
	(17,'App\\User',1),
	(18,'App\\User',1),
	(19,'App\\User',1),
	(20,'App\\User',1),
	(21,'App\\User',1),
	(22,'App\\User',1),
	(23,'App\\User',1),
	(24,'App\\User',1),
	(25,'App\\User',1),
	(26,'App\\User',1),
	(27,'App\\User',1),
	(28,'App\\User',1),
	(29,'App\\User',1),
	(30,'App\\User',1),
	(31,'App\\User',1),
	(32,'App\\User',1),
	(33,'App\\User',1),
	(34,'App\\User',1),
	(35,'App\\User',1),
	(36,'App\\User',1),
	(37,'App\\User',1),
	(38,'App\\User',1),
	(39,'App\\User',1),
	(40,'App\\User',1),
	(41,'App\\User',1),
	(42,'App\\User',1),
	(43,'App\\User',1),
	(44,'App\\User',1),
	(45,'App\\User',1),
	(46,'App\\User',1),
	(47,'App\\User',1),
	(48,'App\\User',1),
	(49,'App\\User',1),
	(50,'App\\User',1),
	(51,'App\\User',1),
	(52,'App\\User',1),
	(53,'App\\User',1),
	(54,'App\\User',1),
	(55,'App\\User',1),
	(56,'App\\User',1),
	(57,'App\\User',1),
	(58,'App\\User',1),
	(59,'App\\User',1),
	(60,'App\\User',1),
	(61,'App\\User',1),
	(62,'App\\User',1),
	(63,'App\\User',1),
	(64,'App\\User',1),
	(65,'App\\User',1),
	(66,'App\\User',1),
	(1,'App\\User',2),
	(2,'App\\User',2),
	(3,'App\\User',2),
	(4,'App\\User',2),
	(5,'App\\User',2),
	(6,'App\\User',2),
	(7,'App\\User',2),
	(8,'App\\User',2),
	(9,'App\\User',2),
	(10,'App\\User',2),
	(11,'App\\User',2),
	(12,'App\\User',2),
	(13,'App\\User',2),
	(14,'App\\User',2),
	(15,'App\\User',2),
	(16,'App\\User',2),
	(17,'App\\User',2),
	(18,'App\\User',2),
	(19,'App\\User',2),
	(20,'App\\User',2),
	(21,'App\\User',2),
	(22,'App\\User',2),
	(23,'App\\User',2),
	(24,'App\\User',2),
	(25,'App\\User',2),
	(26,'App\\User',2),
	(27,'App\\User',2),
	(28,'App\\User',2),
	(29,'App\\User',2),
	(30,'App\\User',2),
	(31,'App\\User',2),
	(32,'App\\User',2),
	(33,'App\\User',2),
	(34,'App\\User',2),
	(35,'App\\User',2),
	(36,'App\\User',2),
	(37,'App\\User',2),
	(38,'App\\User',2),
	(39,'App\\User',2),
	(40,'App\\User',2),
	(41,'App\\User',2),
	(42,'App\\User',2),
	(43,'App\\User',2),
	(44,'App\\User',2),
	(45,'App\\User',2),
	(46,'App\\User',2),
	(47,'App\\User',2),
	(48,'App\\User',2),
	(49,'App\\User',2),
	(50,'App\\User',2),
	(51,'App\\User',2),
	(52,'App\\User',2),
	(53,'App\\User',2),
	(54,'App\\User',2),
	(55,'App\\User',2),
	(56,'App\\User',2),
	(57,'App\\User',2),
	(58,'App\\User',2),
	(59,'App\\User',2),
	(60,'App\\User',2),
	(61,'App\\User',2),
	(62,'App\\User',2),
	(63,'App\\User',2),
	(64,'App\\User',2),
	(65,'App\\User',2),
	(66,'App\\User',2),
	(1,'App\\User',3),
	(2,'App\\User',3),
	(3,'App\\User',3),
	(4,'App\\User',3),
	(5,'App\\User',3),
	(6,'App\\User',3),
	(7,'App\\User',3),
	(8,'App\\User',3),
	(9,'App\\User',3),
	(10,'App\\User',3),
	(11,'App\\User',3),
	(12,'App\\User',3),
	(13,'App\\User',3),
	(14,'App\\User',3),
	(27,'App\\User',3),
	(28,'App\\User',3),
	(29,'App\\User',3),
	(30,'App\\User',3),
	(31,'App\\User',3),
	(32,'App\\User',3),
	(33,'App\\User',3),
	(34,'App\\User',3),
	(35,'App\\User',3),
	(36,'App\\User',3),
	(37,'App\\User',3),
	(38,'App\\User',3),
	(39,'App\\User',3),
	(40,'App\\User',3),
	(41,'App\\User',3),
	(42,'App\\User',3),
	(43,'App\\User',3),
	(44,'App\\User',3),
	(45,'App\\User',3),
	(46,'App\\User',3),
	(47,'App\\User',3),
	(48,'App\\User',3),
	(49,'App\\User',3),
	(50,'App\\User',3),
	(51,'App\\User',3),
	(52,'App\\User',3),
	(53,'App\\User',3),
	(54,'App\\User',3),
	(55,'App\\User',3),
	(56,'App\\User',3),
	(57,'App\\User',3),
	(58,'App\\User',3),
	(59,'App\\User',3),
	(60,'App\\User',3),
	(61,'App\\User',3),
	(62,'App\\User',3),
	(63,'App\\User',3),
	(64,'App\\User',3),
	(65,'App\\User',3),
	(66,'App\\User',3),
	(67,'App\\User',3),
	(68,'App\\User',3),
	(1,'App\\User',4),
	(2,'App\\User',4),
	(3,'App\\User',4),
	(4,'App\\User',4),
	(5,'App\\User',4),
	(6,'App\\User',4),
	(7,'App\\User',4),
	(8,'App\\User',4),
	(9,'App\\User',4),
	(10,'App\\User',4),
	(11,'App\\User',4),
	(12,'App\\User',4),
	(13,'App\\User',4),
	(14,'App\\User',4),
	(27,'App\\User',4),
	(28,'App\\User',4),
	(29,'App\\User',4),
	(30,'App\\User',4),
	(31,'App\\User',4),
	(32,'App\\User',4),
	(33,'App\\User',4),
	(34,'App\\User',4),
	(35,'App\\User',4),
	(36,'App\\User',4),
	(37,'App\\User',4),
	(43,'App\\User',4),
	(44,'App\\User',4),
	(45,'App\\User',4),
	(46,'App\\User',4),
	(47,'App\\User',4),
	(48,'App\\User',4),
	(49,'App\\User',4),
	(50,'App\\User',4),
	(51,'App\\User',4),
	(52,'App\\User',4),
	(53,'App\\User',4),
	(54,'App\\User',4),
	(55,'App\\User',4),
	(56,'App\\User',4),
	(57,'App\\User',4),
	(58,'App\\User',4),
	(59,'App\\User',4),
	(60,'App\\User',4),
	(61,'App\\User',4),
	(62,'App\\User',4),
	(63,'App\\User',4),
	(64,'App\\User',4),
	(65,'App\\User',4),
	(66,'App\\User',4),
	(1,'App\\User',5),
	(2,'App\\User',5),
	(3,'App\\User',5),
	(4,'App\\User',5),
	(5,'App\\User',5),
	(6,'App\\User',5),
	(7,'App\\User',5),
	(8,'App\\User',5),
	(9,'App\\User',5),
	(10,'App\\User',5),
	(11,'App\\User',5),
	(12,'App\\User',5),
	(13,'App\\User',5),
	(14,'App\\User',5),
	(27,'App\\User',5),
	(28,'App\\User',5),
	(29,'App\\User',5),
	(30,'App\\User',5),
	(31,'App\\User',5),
	(32,'App\\User',5),
	(33,'App\\User',5),
	(34,'App\\User',5),
	(35,'App\\User',5),
	(36,'App\\User',5),
	(37,'App\\User',5),
	(43,'App\\User',5),
	(44,'App\\User',5),
	(45,'App\\User',5),
	(46,'App\\User',5),
	(47,'App\\User',5),
	(48,'App\\User',5),
	(49,'App\\User',5),
	(50,'App\\User',5),
	(51,'App\\User',5),
	(52,'App\\User',5),
	(53,'App\\User',5),
	(54,'App\\User',5),
	(55,'App\\User',5),
	(56,'App\\User',5),
	(57,'App\\User',5),
	(58,'App\\User',5),
	(59,'App\\User',5),
	(60,'App\\User',5),
	(61,'App\\User',5),
	(62,'App\\User',5),
	(63,'App\\User',5),
	(64,'App\\User',5),
	(65,'App\\User',5),
	(66,'App\\User',5),
	(1,'App\\User',6),
	(2,'App\\User',6),
	(3,'App\\User',6),
	(4,'App\\User',6),
	(5,'App\\User',6),
	(6,'App\\User',6),
	(7,'App\\User',6),
	(8,'App\\User',6),
	(9,'App\\User',6),
	(10,'App\\User',6),
	(11,'App\\User',6),
	(12,'App\\User',6),
	(13,'App\\User',6),
	(14,'App\\User',6),
	(27,'App\\User',6),
	(28,'App\\User',6),
	(29,'App\\User',6),
	(30,'App\\User',6),
	(31,'App\\User',6),
	(32,'App\\User',6),
	(33,'App\\User',6),
	(34,'App\\User',6),
	(35,'App\\User',6),
	(36,'App\\User',6),
	(37,'App\\User',6),
	(38,'App\\User',6),
	(39,'App\\User',6),
	(40,'App\\User',6),
	(41,'App\\User',6),
	(42,'App\\User',6),
	(43,'App\\User',6),
	(44,'App\\User',6),
	(45,'App\\User',6),
	(46,'App\\User',6),
	(47,'App\\User',6),
	(48,'App\\User',6),
	(49,'App\\User',6),
	(50,'App\\User',6),
	(51,'App\\User',6),
	(52,'App\\User',6),
	(53,'App\\User',6),
	(54,'App\\User',6),
	(55,'App\\User',6),
	(56,'App\\User',6),
	(57,'App\\User',6),
	(58,'App\\User',6),
	(59,'App\\User',6),
	(60,'App\\User',6),
	(61,'App\\User',6),
	(62,'App\\User',6),
	(63,'App\\User',6),
	(64,'App\\User',6),
	(65,'App\\User',6),
	(66,'App\\User',6),
	(67,'App\\User',6),
	(68,'App\\User',6),
	(1,'App\\User',7),
	(2,'App\\User',7),
	(3,'App\\User',7),
	(4,'App\\User',7),
	(5,'App\\User',7),
	(6,'App\\User',7),
	(7,'App\\User',7),
	(8,'App\\User',7),
	(9,'App\\User',7),
	(10,'App\\User',7),
	(11,'App\\User',7),
	(12,'App\\User',7),
	(13,'App\\User',7),
	(14,'App\\User',7),
	(15,'App\\User',7),
	(16,'App\\User',7),
	(17,'App\\User',7),
	(18,'App\\User',7),
	(19,'App\\User',7),
	(20,'App\\User',7),
	(21,'App\\User',7),
	(22,'App\\User',7),
	(23,'App\\User',7),
	(24,'App\\User',7),
	(25,'App\\User',7),
	(26,'App\\User',7),
	(27,'App\\User',7),
	(28,'App\\User',7),
	(29,'App\\User',7),
	(30,'App\\User',7),
	(31,'App\\User',7),
	(32,'App\\User',7),
	(33,'App\\User',7),
	(34,'App\\User',7),
	(35,'App\\User',7),
	(36,'App\\User',7),
	(37,'App\\User',7),
	(38,'App\\User',7),
	(39,'App\\User',7),
	(40,'App\\User',7),
	(41,'App\\User',7),
	(42,'App\\User',7),
	(43,'App\\User',7),
	(44,'App\\User',7),
	(45,'App\\User',7),
	(46,'App\\User',7),
	(47,'App\\User',7),
	(48,'App\\User',7),
	(49,'App\\User',7),
	(50,'App\\User',7),
	(51,'App\\User',7),
	(52,'App\\User',7),
	(53,'App\\User',7),
	(54,'App\\User',7),
	(55,'App\\User',7),
	(56,'App\\User',7),
	(57,'App\\User',7),
	(58,'App\\User',7),
	(59,'App\\User',7),
	(60,'App\\User',7),
	(61,'App\\User',7),
	(62,'App\\User',7),
	(63,'App\\User',7),
	(64,'App\\User',7),
	(65,'App\\User',7),
	(66,'App\\User',7),
	(27,'App\\User',8),
	(33,'App\\User',8),
	(34,'App\\User',8),
	(35,'App\\User',8),
	(36,'App\\User',8),
	(37,'App\\User',8),
	(53,'App\\User',8),
	(54,'App\\User',8),
	(56,'App\\User',8),
	(59,'App\\User',8),
	(60,'App\\User',8),
	(61,'App\\User',8),
	(62,'App\\User',8),
	(63,'App\\User',8),
	(65,'App\\User',8),
	(66,'App\\User',8),
	(67,'App\\User',8),
	(68,'App\\User',8),
	(27,'App\\User',9),
	(33,'App\\User',9),
	(34,'App\\User',9),
	(35,'App\\User',9),
	(36,'App\\User',9),
	(37,'App\\User',9),
	(53,'App\\User',9),
	(54,'App\\User',9),
	(56,'App\\User',9),
	(59,'App\\User',9),
	(60,'App\\User',9),
	(61,'App\\User',9),
	(62,'App\\User',9),
	(63,'App\\User',9),
	(65,'App\\User',9),
	(66,'App\\User',9),
	(67,'App\\User',9),
	(68,'App\\User',9),
	(27,'App\\User',10),
	(33,'App\\User',10),
	(34,'App\\User',10),
	(35,'App\\User',10),
	(36,'App\\User',10),
	(37,'App\\User',10),
	(53,'App\\User',10),
	(54,'App\\User',10),
	(56,'App\\User',10),
	(59,'App\\User',10),
	(60,'App\\User',10),
	(61,'App\\User',10),
	(62,'App\\User',10),
	(63,'App\\User',10),
	(65,'App\\User',10),
	(66,'App\\User',10),
	(67,'App\\User',10),
	(68,'App\\User',10),
	(27,'App\\User',11),
	(33,'App\\User',11),
	(34,'App\\User',11),
	(35,'App\\User',11),
	(36,'App\\User',11),
	(37,'App\\User',11),
	(53,'App\\User',11),
	(54,'App\\User',11),
	(56,'App\\User',11),
	(59,'App\\User',11),
	(60,'App\\User',11),
	(61,'App\\User',11),
	(62,'App\\User',11),
	(63,'App\\User',11),
	(65,'App\\User',11),
	(66,'App\\User',11),
	(67,'App\\User',11),
	(68,'App\\User',11),
	(27,'App\\User',12),
	(33,'App\\User',12),
	(34,'App\\User',12),
	(35,'App\\User',12),
	(36,'App\\User',12),
	(37,'App\\User',12),
	(53,'App\\User',12),
	(54,'App\\User',12),
	(56,'App\\User',12),
	(59,'App\\User',12),
	(60,'App\\User',12),
	(61,'App\\User',12),
	(62,'App\\User',12),
	(63,'App\\User',12),
	(65,'App\\User',12),
	(66,'App\\User',12),
	(67,'App\\User',12),
	(68,'App\\User',12),
	(1,'App\\User',13),
	(2,'App\\User',13),
	(3,'App\\User',13),
	(4,'App\\User',13),
	(5,'App\\User',13),
	(6,'App\\User',13),
	(7,'App\\User',13),
	(8,'App\\User',13),
	(9,'App\\User',13),
	(10,'App\\User',13),
	(11,'App\\User',13),
	(12,'App\\User',13),
	(13,'App\\User',13),
	(14,'App\\User',13),
	(27,'App\\User',13),
	(28,'App\\User',13),
	(29,'App\\User',13),
	(30,'App\\User',13),
	(31,'App\\User',13),
	(32,'App\\User',13),
	(33,'App\\User',13),
	(34,'App\\User',13),
	(35,'App\\User',13),
	(36,'App\\User',13),
	(37,'App\\User',13),
	(38,'App\\User',13),
	(39,'App\\User',13),
	(40,'App\\User',13),
	(41,'App\\User',13),
	(42,'App\\User',13),
	(43,'App\\User',13),
	(44,'App\\User',13),
	(45,'App\\User',13),
	(46,'App\\User',13),
	(47,'App\\User',13),
	(48,'App\\User',13),
	(49,'App\\User',13),
	(50,'App\\User',13),
	(51,'App\\User',13),
	(52,'App\\User',13),
	(53,'App\\User',13),
	(54,'App\\User',13),
	(55,'App\\User',13),
	(56,'App\\User',13),
	(57,'App\\User',13),
	(58,'App\\User',13),
	(59,'App\\User',13),
	(60,'App\\User',13),
	(61,'App\\User',13),
	(62,'App\\User',13),
	(63,'App\\User',13),
	(64,'App\\User',13),
	(65,'App\\User',13),
	(66,'App\\User',13),
	(67,'App\\User',13),
	(68,'App\\User',13),
	(27,'App\\User',14),
	(33,'App\\User',14),
	(34,'App\\User',14),
	(35,'App\\User',14),
	(36,'App\\User',14),
	(37,'App\\User',14),
	(53,'App\\User',14),
	(54,'App\\User',14),
	(56,'App\\User',14),
	(59,'App\\User',14),
	(60,'App\\User',14),
	(61,'App\\User',14),
	(62,'App\\User',14),
	(63,'App\\User',14),
	(65,'App\\User',14),
	(66,'App\\User',14),
	(67,'App\\User',14),
	(68,'App\\User',14),
	(27,'App\\User',15),
	(33,'App\\User',15),
	(34,'App\\User',15),
	(35,'App\\User',15),
	(36,'App\\User',15),
	(37,'App\\User',15),
	(53,'App\\User',15),
	(54,'App\\User',15),
	(56,'App\\User',15),
	(59,'App\\User',15),
	(60,'App\\User',15),
	(61,'App\\User',15),
	(62,'App\\User',15),
	(63,'App\\User',15),
	(65,'App\\User',15),
	(66,'App\\User',15),
	(67,'App\\User',15),
	(68,'App\\User',15),
	(27,'App\\User',16),
	(33,'App\\User',16),
	(34,'App\\User',16),
	(35,'App\\User',16),
	(36,'App\\User',16),
	(37,'App\\User',16),
	(53,'App\\User',16),
	(54,'App\\User',16),
	(56,'App\\User',16),
	(59,'App\\User',16),
	(60,'App\\User',16),
	(61,'App\\User',16),
	(62,'App\\User',16),
	(63,'App\\User',16),
	(65,'App\\User',16),
	(66,'App\\User',16),
	(67,'App\\User',16),
	(68,'App\\User',16),
	(27,'App\\User',17),
	(33,'App\\User',17),
	(34,'App\\User',17),
	(35,'App\\User',17),
	(36,'App\\User',17),
	(37,'App\\User',17),
	(53,'App\\User',17),
	(54,'App\\User',17),
	(56,'App\\User',17),
	(59,'App\\User',17),
	(60,'App\\User',17),
	(61,'App\\User',17),
	(62,'App\\User',17),
	(63,'App\\User',17),
	(65,'App\\User',17),
	(66,'App\\User',17),
	(67,'App\\User',17),
	(68,'App\\User',17),
	(27,'App\\User',18),
	(33,'App\\User',18),
	(34,'App\\User',18),
	(35,'App\\User',18),
	(36,'App\\User',18),
	(37,'App\\User',18),
	(53,'App\\User',18),
	(54,'App\\User',18),
	(56,'App\\User',18),
	(59,'App\\User',18),
	(60,'App\\User',18),
	(61,'App\\User',18),
	(62,'App\\User',18),
	(63,'App\\User',18),
	(65,'App\\User',18),
	(66,'App\\User',18),
	(67,'App\\User',18),
	(68,'App\\User',18),
	(27,'App\\User',19),
	(33,'App\\User',19),
	(34,'App\\User',19),
	(35,'App\\User',19),
	(36,'App\\User',19),
	(37,'App\\User',19),
	(53,'App\\User',19),
	(54,'App\\User',19),
	(56,'App\\User',19),
	(59,'App\\User',19),
	(60,'App\\User',19),
	(61,'App\\User',19),
	(62,'App\\User',19),
	(63,'App\\User',19),
	(65,'App\\User',19),
	(66,'App\\User',19),
	(67,'App\\User',19),
	(68,'App\\User',19),
	(27,'App\\User',20),
	(33,'App\\User',20),
	(34,'App\\User',20),
	(35,'App\\User',20),
	(36,'App\\User',20),
	(37,'App\\User',20),
	(53,'App\\User',20),
	(54,'App\\User',20),
	(56,'App\\User',20),
	(59,'App\\User',20),
	(60,'App\\User',20),
	(61,'App\\User',20),
	(62,'App\\User',20),
	(63,'App\\User',20),
	(65,'App\\User',20),
	(66,'App\\User',20),
	(67,'App\\User',20),
	(68,'App\\User',20),
	(27,'App\\User',21),
	(33,'App\\User',21),
	(34,'App\\User',21),
	(35,'App\\User',21),
	(36,'App\\User',21),
	(37,'App\\User',21),
	(53,'App\\User',21),
	(54,'App\\User',21),
	(56,'App\\User',21),
	(59,'App\\User',21),
	(60,'App\\User',21),
	(61,'App\\User',21),
	(62,'App\\User',21),
	(63,'App\\User',21),
	(65,'App\\User',21),
	(66,'App\\User',21),
	(67,'App\\User',21),
	(68,'App\\User',21),
	(27,'App\\User',22),
	(33,'App\\User',22),
	(34,'App\\User',22),
	(35,'App\\User',22),
	(36,'App\\User',22),
	(37,'App\\User',22),
	(53,'App\\User',22),
	(54,'App\\User',22),
	(56,'App\\User',22),
	(59,'App\\User',22),
	(60,'App\\User',22),
	(61,'App\\User',22),
	(62,'App\\User',22),
	(63,'App\\User',22),
	(65,'App\\User',22),
	(66,'App\\User',22),
	(67,'App\\User',22),
	(68,'App\\User',22),
	(27,'App\\User',23),
	(33,'App\\User',23),
	(34,'App\\User',23),
	(35,'App\\User',23),
	(36,'App\\User',23),
	(37,'App\\User',23),
	(53,'App\\User',23),
	(54,'App\\User',23),
	(56,'App\\User',23),
	(59,'App\\User',23),
	(60,'App\\User',23),
	(61,'App\\User',23),
	(62,'App\\User',23),
	(63,'App\\User',23),
	(65,'App\\User',23),
	(66,'App\\User',23),
	(67,'App\\User',23),
	(68,'App\\User',23),
	(27,'App\\User',24),
	(33,'App\\User',24),
	(34,'App\\User',24),
	(35,'App\\User',24),
	(36,'App\\User',24),
	(37,'App\\User',24),
	(53,'App\\User',24),
	(54,'App\\User',24),
	(56,'App\\User',24),
	(59,'App\\User',24),
	(60,'App\\User',24),
	(61,'App\\User',24),
	(62,'App\\User',24),
	(63,'App\\User',24),
	(65,'App\\User',24),
	(66,'App\\User',24),
	(67,'App\\User',24),
	(68,'App\\User',24),
	(27,'App\\User',25),
	(33,'App\\User',25),
	(34,'App\\User',25),
	(35,'App\\User',25),
	(36,'App\\User',25),
	(37,'App\\User',25),
	(53,'App\\User',25),
	(54,'App\\User',25),
	(56,'App\\User',25),
	(59,'App\\User',25),
	(60,'App\\User',25),
	(61,'App\\User',25),
	(62,'App\\User',25),
	(63,'App\\User',25),
	(65,'App\\User',25),
	(66,'App\\User',25),
	(67,'App\\User',25),
	(68,'App\\User',25),
	(27,'App\\User',26),
	(33,'App\\User',26),
	(34,'App\\User',26),
	(35,'App\\User',26),
	(36,'App\\User',26),
	(37,'App\\User',26),
	(53,'App\\User',26),
	(54,'App\\User',26),
	(56,'App\\User',26),
	(59,'App\\User',26),
	(60,'App\\User',26),
	(61,'App\\User',26),
	(62,'App\\User',26),
	(63,'App\\User',26),
	(65,'App\\User',26),
	(66,'App\\User',26),
	(67,'App\\User',26),
	(68,'App\\User',26),
	(27,'App\\User',27),
	(33,'App\\User',27),
	(34,'App\\User',27),
	(35,'App\\User',27),
	(36,'App\\User',27),
	(37,'App\\User',27),
	(53,'App\\User',27),
	(54,'App\\User',27),
	(56,'App\\User',27),
	(59,'App\\User',27),
	(60,'App\\User',27),
	(61,'App\\User',27),
	(62,'App\\User',27),
	(63,'App\\User',27),
	(65,'App\\User',27),
	(66,'App\\User',27),
	(67,'App\\User',27),
	(68,'App\\User',27),
	(27,'App\\User',28),
	(33,'App\\User',28),
	(34,'App\\User',28),
	(35,'App\\User',28),
	(36,'App\\User',28),
	(37,'App\\User',28),
	(53,'App\\User',28),
	(54,'App\\User',28),
	(56,'App\\User',28),
	(59,'App\\User',28),
	(60,'App\\User',28),
	(61,'App\\User',28),
	(62,'App\\User',28),
	(63,'App\\User',28),
	(65,'App\\User',28),
	(66,'App\\User',28),
	(67,'App\\User',28),
	(68,'App\\User',28),
	(27,'App\\User',29),
	(33,'App\\User',29),
	(34,'App\\User',29),
	(35,'App\\User',29),
	(36,'App\\User',29),
	(37,'App\\User',29),
	(53,'App\\User',29),
	(54,'App\\User',29),
	(56,'App\\User',29),
	(59,'App\\User',29),
	(60,'App\\User',29),
	(61,'App\\User',29),
	(62,'App\\User',29),
	(63,'App\\User',29),
	(65,'App\\User',29),
	(66,'App\\User',29),
	(67,'App\\User',29),
	(68,'App\\User',29);

/*!40000 ALTER TABLE `model_has_permissions` ENABLE KEYS */;
UNLOCK TABLES;


# Dump of table model_has_roles
# ------------------------------------------------------------

LOCK TABLES `model_has_roles` WRITE;
/*!40000 ALTER TABLE `model_has_roles` DISABLE KEYS */;

INSERT INTO `model_has_roles` (`role_id`, `model_type`, `model_id`)
VALUES
	(1,'App\\User',1),
	(1,'App\\User',2),
	(5,'App\\User',3),
	(2,'App\\User',4),
	(2,'App\\User',5),
	(5,'App\\User',6),
	(1,'App\\User',7),
	(3,'App\\User',8),
	(3,'App\\User',9),
	(3,'App\\User',10),
	(3,'App\\User',11),
	(3,'App\\User',12),
	(5,'App\\User',13),
	(3,'App\\User',14),
	(3,'App\\User',15),
	(3,'App\\User',16),
	(3,'App\\User',17),
	(3,'App\\User',18),
	(3,'App\\User',19),
	(3,'App\\User',20),
	(3,'App\\User',21),
	(3,'App\\User',22),
	(3,'App\\User',23),
	(3,'App\\User',24),
	(3,'App\\User',25),
	(3,'App\\User',26),
	(3,'App\\User',27),
	(3,'App\\User',28),
	(3,'App\\User',29);

/*!40000 ALTER TABLE `model_has_roles` ENABLE KEYS */;
UNLOCK TABLES;


# Dump of table modulos
# ------------------------------------------------------------

LOCK TABLES `modulos` WRITE;
/*!40000 ALTER TABLE `modulos` DISABLE KEYS */;

INSERT INTO `modulos` (`id`, `nombre`, `titulo`, `descripcion`, `clase`, `icon`, `color`, `base_url`, `created_at`, `updated_at`)
VALUES
	(1,'user','Usuarios','Administra Usuarios en el sistema','user_managment','person','col-light-blue','admin_users_managment','2019-10-16 10:12:34','2019-10-16 10:12:34'),
	(2,'roles','Roles','Administra Roles en el sistema','role_managment','account_box','col-light-blue','admin_roles_managment','2019-10-16 10:12:34','2019-10-16 10:12:34'),
	(3,'licencia_empresas','Licencia Empresas','Administra Licencia de las Empresas','licencias_managment','card_membership','col-light-green','licencias_managment','2019-10-16 10:12:34','2019-10-16 10:12:34'),
	(4,'empresas','Empresas','Administra las empresas','empresa_managment','home','col-light-green','empresa_managment','2019-10-16 10:12:34','2019-10-16 10:12:34'),
	(5,'avanzadas','Avanzadas','Maneja las opciones configurables del sistema','avanzadas_managment','settings','col-light-blue','avanzadas_managment','2019-10-16 10:12:34','2019-10-16 10:12:34'),
	(6,'salones','Salones','Administra los salones','salon_managment','home','col-light-green','salon_managment','2019-10-16 10:12:34','2019-10-16 10:12:34'),
	(7,'reservas','Reservas','Administra las reservas','reserva_managment','home','col-light-green','reserva_managment','2019-10-16 10:12:34','2019-10-16 10:12:34');

/*!40000 ALTER TABLE `modulos` ENABLE KEYS */;
UNLOCK TABLES;


# Dump of table participantes
# ------------------------------------------------------------

LOCK TABLES `participantes` WRITE;
/*!40000 ALTER TABLE `participantes` DISABLE KEYS */;

INSERT INTO `participantes` (`id`, `nombre`, `correo`, `telefono`, `reserva_id`, `empresa_id`, `created_at`, `updated_at`)
VALUES
	(1,'Ruth Jimenez','gestionhumana@ergotec.com.do',NULL,10,2,'2019-12-01 23:06:54','2019-12-01 23:06:54'),
	(2,'Nadia Peña','atencionalcliente@ergotec.com.do',NULL,10,2,'2019-12-01 23:06:54','2019-12-01 23:06:54'),
	(3,'Madelin perez','madelin@ergotec.com.do',NULL,11,2,'2019-12-01 23:08:58','2019-12-01 23:08:58'),
	(4,'Teresa Reyes','teresa.reyes@yellow.com.do',NULL,12,2,'2019-12-02 00:52:15','2019-12-02 00:52:15'),
	(5,'Teresa Reyes','teresa.reyes@yellow.com.do',NULL,14,2,'2019-12-02 06:10:30','2019-12-02 06:10:30'),
	(6,'Aida García','aida@ergotec.com.do',NULL,16,2,'2019-12-02 11:23:25','2019-12-02 11:23:25'),
	(7,'AIDA GARCIA','aida@ergotec.com.do','809-412-7575',17,2,'2019-12-02 22:45:57','2019-12-02 22:45:57'),
	(8,'Erika Tejeda','erika@ergotec.com.do','8095301233',31,2,'2019-12-04 00:07:00','2019-12-04 00:07:00'),
	(9,'Teresa Reyes','teresa.reyes@yellow.com.do',NULL,38,2,'2019-12-04 02:45:01','2019-12-04 02:45:01'),
	(10,'Carlos Valenzuela','carlos.valenzuela@dte-online.com',NULL,39,2,'2019-12-04 03:28:30','2019-12-04 03:28:30'),
	(11,'Aida García','aida@ergotec.com.do',NULL,40,2,'2019-12-04 03:44:54','2019-12-04 03:44:54'),
	(12,'AIDA GARCIA','aida@ergotec.com.do','809-412-7575',41,2,'2019-12-05 00:20:04','2019-12-05 00:20:04'),
	(13,'madelin Perez','madelin@ergotec.com.do',NULL,42,2,'2019-12-05 01:10:29','2019-12-05 01:10:29'),
	(14,'Madelin Perez','madelin@ergotec.com.do','809-978-4891',43,2,'2019-12-09 02:16:15','2019-12-09 02:16:15'),
	(15,'Marcia Rincon','marcia@ergotec.com.do','809-978-4887',43,2,'2019-12-09 02:21:35','2019-12-09 02:21:35'),
	(16,'Virginia Cabral','virginia@ergotec.com.do','809-978-4882',43,2,'2019-12-09 02:22:26','2019-12-09 02:22:26'),
	(17,'Elaine Genao','elaine@ergotec.com.do','809-978-4908',43,2,'2019-12-09 02:28:26','2019-12-09 02:28:26'),
	(18,'Fatima Duran','fatima@ergotec.com.do','829-770-4270',43,2,'2019-12-09 02:29:01','2019-12-09 02:29:01'),
	(19,'Diandra Cespedes','diandra@ergotec.com.do','809-978-4912',43,2,'2019-12-09 02:29:39','2019-12-09 02:29:39'),
	(20,'Millosi Tejera','millosi@ergotec.com.do','829-664-0565',43,2,'2019-12-09 02:30:10','2019-12-09 02:30:10'),
	(21,'Omar Contreras','omar@ergotec.com.do','809-863-6676',43,2,'2019-12-09 02:30:40','2019-12-09 02:30:40'),
	(22,'Alan Garcia','alan@ergotec.com.do','829-650-0764',43,2,'2019-12-09 02:31:08','2019-12-09 02:31:08'),
	(23,'Virginia Cabral','virginia@ergotec.com.do','809-978-4882',45,2,'2019-12-10 00:04:37','2019-12-10 00:04:37'),
	(24,'Virginia Cabral','virginia@ergotec.com.do','809-978-4882',46,2,'2019-12-10 00:18:45','2019-12-10 00:18:45'),
	(25,'Aida García','aida@ergotec.com.do',NULL,47,2,'2019-12-10 02:40:59','2019-12-10 02:40:59'),
	(26,'Madelin Perez','madelin@ergotec.com.do','809-978-4891',48,2,'2019-12-10 23:08:35','2019-12-10 23:08:35'),
	(27,'Mayra Jimenez','compras1@ergotec.com.do','809-978-4889',48,2,'2019-12-10 23:08:35','2019-12-10 23:08:35'),
	(28,'Erika Tejeda','erika@ergotec.com.do','829-650-1927',48,2,'2019-12-10 23:08:35','2019-12-10 23:08:35'),
	(29,'Katherine Lapaix','costos@ergotec.com.do','809-978-0111',48,2,'2019-12-10 23:08:35','2019-12-10 23:08:35'),
	(30,'Gesabeth Jorge','gesabeth@ergotec.com.do','809-978-4890',48,2,'2019-12-10 23:08:35','2019-12-10 23:08:35'),
	(31,'Joselin Morillo','cobros@ergotec.com.do','809-714-6273',48,2,'2019-12-10 23:08:35','2019-12-10 23:08:35'),
	(32,'Karla Laureano','cuentasporpagar@ergotec.com.do','809-412-7575',48,2,'2019-12-10 23:08:35','2019-12-10 23:08:35'),
	(33,'Aida Garcia','aida@ergotec.com.do','849-806-8209',48,2,'2019-12-10 23:08:35','2019-12-10 23:08:35'),
	(34,'Madelin Perez','madelin@ergotec.com.do','809-978-4891',49,2,'2019-12-10 23:22:11','2019-12-10 23:22:11'),
	(35,'Ylia Toribio','ylia@ergotec.com.do','829-650-1925',49,2,'2019-12-10 23:22:11','2019-12-10 23:22:11'),
	(36,'Raysa Rodriguez','raysa@ergotec.com.do','829-664-0531',49,2,'2019-12-10 23:22:11','2019-12-10 23:22:11'),
	(37,'Lorena Rodriguez','diseno02@ergotec.com.do','829-552-8643',49,2,'2019-12-10 23:22:11','2019-12-10 23:22:11'),
	(38,'Mavelys Peña','diseno03@ergotec.com.do','849-340-6034',49,2,'2019-12-10 23:22:11','2019-12-10 23:22:11'),
	(39,'Massiel Castillo','diseno04@ergotec.com.do','829-708-9466',49,2,'2019-12-10 23:22:11','2019-12-10 23:22:11'),
	(40,'AIDA GARCIA','aida@ergotec.com.do','809-412-7575',50,2,'2019-12-10 23:46:04','2019-12-10 23:46:04'),
	(41,'Cristian Almanzar','cristian.almanzar@dte-online.com',NULL,51,1,'2019-12-11 01:05:16','2019-12-11 01:05:16'),
	(42,'Miguel Reyes','reyesmusa@gmail.com',NULL,52,2,'2019-12-11 01:34:41','2019-12-11 01:34:41'),
	(44,'Virginia Cabral','virginia@ergotec.com.do',NULL,52,2,'2019-12-11 01:35:58','2019-12-11 01:35:58'),
	(45,'Lora Milan','lora.milan@gmail.com',NULL,52,2,'2019-12-11 02:46:40','2019-12-11 02:46:40'),
	(46,'Virginia Cabral','virginia@ergotec.com.do','809-978-4882',53,2,'2019-12-11 03:23:25','2019-12-11 03:23:25'),
	(47,'Erika Tejeda','erika@ergotec.com.do',NULL,54,2,'2019-12-11 05:54:24','2019-12-11 05:54:24'),
	(48,'Ylia Toribio','ylia@ergotec.com.do',NULL,54,2,'2019-12-11 05:54:24','2019-12-11 05:54:24'),
	(49,'Marcia Rincon','marcia@ergotec.com.do',NULL,54,2,'2019-12-11 05:54:24','2019-12-11 05:54:24'),
	(50,'Raysa Rodriguez','raysa@ergotec.com.do',NULL,54,2,'2019-12-11 05:54:24','2019-12-11 05:54:24'),
	(51,'Madelin Perez','madelin@ergotec.com.do',NULL,54,2,'2019-12-11 05:55:05','2019-12-11 05:55:05'),
	(52,'Raysa Rodriguez','raysa@ergotec.com.do',NULL,55,2,'2019-12-11 06:14:06','2019-12-11 06:14:06'),
	(53,'Elaine Genao','elaine@ergotec.com.do',NULL,55,2,'2019-12-11 06:14:06','2019-12-11 06:14:06'),
	(54,'Millosi Tejera','millosi@ergotec.com.do',NULL,55,2,'2019-12-11 06:14:06','2019-12-11 06:14:06'),
	(55,'Virginia Cabral','virginia@ergotec.com.do','809-978-4882',56,2,'2019-12-12 00:12:26','2019-12-12 00:12:26'),
	(56,'Virginia Cabral','virginia@ergotec.com.do','809-978-4882',57,2,'2019-12-12 00:13:33','2019-12-12 00:13:33'),
	(57,'Virginia Cabral','virginia@ergotec.com.do','809-978-4882',58,2,'2019-12-12 00:44:02','2019-12-12 00:44:02'),
	(58,'AIDA GARCIA','aida@ergotec.com.do',NULL,59,2,'2019-12-12 01:05:29','2019-12-12 01:05:29'),
	(59,'Gesabeth Jorge','gesabeth@ergotec.com.do',NULL,60,2,'2019-12-12 01:06:27','2019-12-12 01:06:27'),
	(60,'Virginia Cabral','virginia@ergotec.com.do',NULL,60,2,'2019-12-12 01:06:27','2019-12-12 01:06:27'),
	(61,'Mariluz Wiese','m.wiese@more-wiese.com',NULL,61,2,'2019-12-12 05:50:01','2019-12-12 05:50:01'),
	(62,'Virginia Cabral','virginia@ergotec.com.do',NULL,61,2,'2019-12-12 05:50:01','2019-12-12 05:50:01'),
	(63,'Marcia Rincon','marcia@ergotec.com.do',NULL,61,2,'2019-12-12 05:50:01','2019-12-12 05:50:01'),
	(64,'Virginia Cabral','virginia@ergotec.com.do','809-978-4882',62,2,'2019-12-12 07:52:45','2019-12-12 07:52:45'),
	(65,'Virginia Cabral','virginia@ergotec.com.do','809-978-4882',63,2,'2019-12-12 07:57:35','2019-12-12 07:57:35'),
	(66,'Madelin Perez','madelin@ergotec.com.do','809-978-4891',63,2,'2019-12-12 07:57:35','2019-12-12 07:57:35'),
	(67,'Gesabeth Jorge','gesabeth@ergotec.com.do','809-412-7575',63,2,'2019-12-12 07:57:35','2019-12-12 07:57:35'),
	(68,'Aida Garcia','aida@ergotec.com.do','809-412-7575',63,2,'2019-12-12 07:57:35','2019-12-12 07:57:35'),
	(69,'karla Laureano','cuentasporpagar@ergotec.com.do','809-412-7575',63,2,'2019-12-12 07:57:35','2019-12-12 07:57:35'),
	(70,'Joselin Morillo','cobros@ergotec.com.do','809-412-7575',63,2,'2019-12-12 07:57:35','2019-12-12 07:57:35'),
	(71,'Anny Jimenez','ventas@ergotec.com.do','809-412-7575',63,2,'2019-12-12 07:57:35','2019-12-12 07:57:35'),
	(72,'Raysa Rodriguez','raysa@ergotec.com.do','809-412-7575',63,2,'2019-12-12 07:57:35','2019-12-12 07:57:35'),
	(73,'Massiel Castillo','diseno04@ergotec.com.do','809-412-7575',63,2,'2019-12-12 07:57:35','2019-12-12 07:57:35'),
	(74,'Lorena Rosario','diseno02@ergotec.com.do','809-412-7575',63,2,'2019-12-12 07:57:35','2019-12-12 07:57:35'),
	(75,'Lorenna','diseno02@ergotec.com.do',NULL,55,2,'2019-12-12 08:12:07','2019-12-12 08:12:07'),
	(76,'Massiel','diseno04@ergotec.com.do',NULL,55,2,'2019-12-12 08:12:25','2019-12-12 08:12:25'),
	(77,'Fatima Duran','fatima@ergotec.com.do',NULL,55,2,'2019-12-12 08:12:43','2019-12-12 08:12:43'),
	(78,'Diandra Cespedes','diandra@ergotec.com.do',NULL,55,2,'2019-12-12 08:13:05','2019-12-12 08:13:05'),
	(79,'Anny Jimenez','anny@ergotec.com.do',NULL,55,2,'2019-12-12 08:13:21','2019-12-12 08:13:21'),
	(80,'Omar Contreras','omar@ergotec.com.do',NULL,55,2,'2019-12-12 08:13:43','2019-12-12 08:13:43'),
	(81,'Ylia Toribio','ylia@ergotec.com.do',NULL,55,2,'2019-12-12 08:13:57','2019-12-12 08:13:57'),
	(82,'Marcia Rincon','marcia@ergotec.com.do',NULL,55,2,'2019-12-12 08:14:12','2019-12-12 08:14:12'),
	(83,'Lorenna Rosario','diseno02@ergotec.com.do',NULL,64,2,'2019-12-12 08:33:53','2019-12-12 08:33:53'),
	(84,'Massiel','diseno04@ergotec.com.do',NULL,64,2,'2019-12-12 08:34:13','2019-12-12 08:34:13'),
	(85,'Raysa Rodriguez','raysa@ergotec.com.do',NULL,64,2,'2019-12-12 08:34:29','2019-12-12 08:34:29'),
	(86,'Anny Jimenez','anny@ergotec.com.do',NULL,64,2,'2019-12-12 08:34:47','2019-12-12 08:34:47'),
	(87,'Ylia Toribio','ylia@ergotec.com.do',NULL,64,2,'2019-12-12 08:35:04','2019-12-12 08:35:04'),
	(88,'Marcia Rincon','marcia@ergotec.com.do',NULL,64,2,'2019-12-12 08:35:16','2019-12-12 08:35:16'),
	(89,'Diandra Cespedes','diandra@ergotec.com.do',NULL,64,2,'2019-12-12 08:35:31','2019-12-12 08:35:31'),
	(90,'Fatima Duran','fatima@ergotec.com.do',NULL,64,2,'2019-12-12 08:35:41','2019-12-12 08:35:41'),
	(91,'Millosi Tejeda','millosi@ergotec.com.do',NULL,64,2,'2019-12-12 08:36:01','2019-12-12 08:36:01'),
	(92,'Omar Contreras','omar@ergotec.com.do',NULL,64,2,'2019-12-12 08:36:11','2019-12-12 08:36:11'),
	(93,'Elaine Genao','elaine@ergotec.com.do',NULL,64,2,'2019-12-12 08:37:36','2019-12-12 08:37:36'),
	(94,'Marcia Rincon','marcia@ergotec.com.do',NULL,65,2,'2019-12-12 22:59:03','2019-12-12 22:59:03'),
	(95,'Virginia Cabral','virginia@ergotec.com.do',NULL,65,2,'2019-12-12 22:59:03','2019-12-12 22:59:03'),
	(96,'Mariluz Wiese','m.wiese@more-wiese.com',NULL,65,2,'2019-12-12 22:59:03','2019-12-12 22:59:03'),
	(97,'Aida García','aida@ergotec.com.do',NULL,66,2,'2019-12-16 02:34:33','2019-12-16 02:34:33'),
	(98,'Aida García','aida@ergotec.com.do',NULL,67,2,'2019-12-17 03:26:42','2019-12-17 03:26:42'),
	(99,'Virginia Cabral','virginia@ergotec.com.do','809-978-4882',68,2,'2019-12-17 04:39:59','2019-12-17 04:39:59'),
	(100,'Virginia Cabral','virginia@ergotec.com.do','809-978-4882',69,2,'2019-12-17 04:41:18','2019-12-17 04:41:18'),
	(101,'Raysa Rodriguez','Raysa Rodriguez (raysa@ergotec.com.do)',NULL,70,2,'2019-12-17 05:18:14','2019-12-17 05:18:14'),
	(102,'Lorena Rosario','Lorena Rosario (diseno02@ergotec.com.do)',NULL,70,2,'2019-12-17 05:18:14','2019-12-17 05:18:14'),
	(103,'Mavelys Peña','Mavelys Peña (DISENO03@ergotec.com.do)',NULL,70,2,'2019-12-17 05:18:14','2019-12-17 05:18:14'),
	(104,'Massiel Castillo','Massiel Castillo (diseno04@ergotec.com.do)',NULL,70,2,'2019-12-17 05:18:14','2019-12-17 05:18:14'),
	(105,'Ylia Toribio','Ylia Toribio (ylia@ergotec.com.do)',NULL,70,2,'2019-12-17 05:18:14','2019-12-17 05:18:14'),
	(106,'Virginia Cabral','virginia@ergotec.com.do','809-978-4882',71,2,'2019-12-18 00:33:02','2019-12-18 00:33:02'),
	(107,'Aida García','aida@ergotec.com.do',NULL,72,2,'2019-12-18 02:46:38','2019-12-18 02:46:38'),
	(108,'Aida García','aida@ergotec.com.do',NULL,73,2,'2019-12-19 02:59:24','2019-12-19 02:59:24'),
	(109,'Virginia Cabral','virginia@ergotec.com.do','809-978-4882',74,2,'2020-01-07 02:09:11','2020-01-07 02:09:11'),
	(110,'Madelin Perez','madelin@ergotec.com.do','809-978-4891',74,2,'2020-01-07 02:09:11','2020-01-07 02:09:11'),
	(111,'Marcia Rincon','marcia@ergotec.com.do','809-978-4887',74,2,'2020-01-07 02:09:11','2020-01-07 02:09:11'),
	(112,'Gesabeth Jorge','gesabeth@ergotec.com.do','809-978-4890',74,2,'2020-01-07 02:09:11','2020-01-07 02:09:11'),
	(113,'Virginia Cabral','virginia@ergotec.com.do','809-978-4882',75,2,'2020-01-08 06:17:25','2020-01-08 06:17:25'),
	(114,'Madelin Perez','madelin@ergotec.com.do','809-978-4891',75,2,'2020-01-08 06:17:25','2020-01-08 06:17:25'),
	(115,'Gesabeth Jorge','gesabeth@ergotec.com.do','809-978-4890',75,2,'2020-01-08 06:17:25','2020-01-08 06:17:25'),
	(116,'Marcia Rincon','marcia@ergotec.com.do','809-978-4887',75,2,'2020-01-08 06:17:25','2020-01-08 06:17:25'),
	(117,'Erika','erika@ergotec.com.do',NULL,76,2,'2020-01-09 01:50:11','2020-01-09 01:50:11'),
	(118,'Madelin','madelin@ergotec.com.do',NULL,76,2,'2020-01-09 01:52:08','2020-01-09 01:52:08'),
	(119,'fatima','fatima@ergotec.com.do',NULL,77,2,'2020-01-09 04:36:16','2020-01-09 04:36:16'),
	(120,'millosi','millosi@ergotec.com.do',NULL,77,2,'2020-01-09 04:36:16','2020-01-09 04:36:16'),
	(121,'diandra','diandra@ergotec.com.do',NULL,77,2,'2020-01-09 04:36:16','2020-01-09 04:36:16'),
	(122,'elaine','elaine@ergotec.com.do',NULL,77,2,'2020-01-09 04:36:16','2020-01-09 04:36:16'),
	(123,'omar','omar@ergotec.com.do',NULL,77,2,'2020-01-09 04:36:16','2020-01-09 04:36:16'),
	(124,'raysa','raysa@ergotec.com.do',NULL,77,2,'2020-01-09 04:36:16','2020-01-09 04:36:16'),
	(125,'massiel','diseno04@ergotec.com.do',NULL,77,2,'2020-01-09 04:36:16','2020-01-09 04:36:16'),
	(126,'lorena','diseno02@ergotec.com.do',NULL,77,2,'2020-01-09 04:36:16','2020-01-09 04:36:16'),
	(127,'ylia','ylia@ergotec.com.do',NULL,77,2,'2020-01-09 04:36:16','2020-01-09 04:36:16'),
	(128,'marcia','marcia@ergotec.com.do',NULL,77,2,'2020-01-09 04:36:16','2020-01-09 04:36:16'),
	(129,'Madelin Perez','madelin@ergotec.com.do','809-978-4891',78,2,'2020-01-10 06:53:34','2020-01-10 06:53:34'),
	(130,'Virginia Cabral','virginia@ergotec.com.do','809-978-4882',79,2,'2020-01-12 22:58:06','2020-01-12 22:58:06'),
	(131,'Fatima Duran','fatima@ergotec.com.do','809-412-7575',79,2,'2020-01-12 22:58:06','2020-01-12 22:58:06'),
	(132,'Marcia Rincon','marcia@ergotec.com.do','809-412-7575',79,2,'2020-01-12 22:58:06','2020-01-12 22:58:06'),
	(133,'Virginia','virginia@ergotec.com.do',NULL,80,2,'2020-01-13 01:50:30','2020-01-13 01:50:30'),
	(134,'Marcia','marcia@ergotec.com.do',NULL,80,2,'2020-01-13 01:50:30','2020-01-13 01:50:30'),
	(135,'Gesabeth','gesabeth@ergotec.com.do',NULL,80,2,'2020-01-13 01:50:30','2020-01-13 01:50:30'),
	(136,'Recursos humanos','gestionhumana@ergotec.com.do',NULL,80,2,'2020-01-13 01:50:30','2020-01-13 01:50:30'),
	(137,'Madelin perez','madelin@ergotec.com.do',NULL,80,2,'2020-01-13 01:50:30','2020-01-13 01:50:30'),
	(138,'Elaine','elygenv@gmail.com','8099091984',81,2,'2020-01-13 04:50:36','2020-01-13 04:50:36'),
	(139,'Doña Virginia Cabral','virginia@ergotec.com.do',NULL,81,2,'2020-01-13 04:50:36','2020-01-13 04:50:36'),
	(140,'Marcia Rincon','marcia@ergotec.com.do',NULL,81,2,'2020-01-13 04:50:36','2020-01-13 04:50:36'),
	(141,'Elaine','elygenv@gmail.com','8099091984',82,2,'2020-01-13 04:56:03','2020-01-13 04:56:03'),
	(142,'Marcia Rincon','marcia@ergotec.com.do',NULL,82,2,'2020-01-13 04:56:03','2020-01-13 04:56:03'),
	(143,'Omar Contreras','OMAR',NULL,82,2,'2020-01-13 04:56:03','2020-01-13 04:56:03'),
	(144,'Fatima Duran','fatima@ergotec.com.do',NULL,82,2,'2020-01-13 04:56:03','2020-01-13 04:56:03'),
	(145,'Millosi Tejera','millosi@ergotec.com.do',NULL,82,2,'2020-01-13 04:56:03','2020-01-13 04:56:03'),
	(146,'Diandra Céspedes','diandra@ergotec.com.do',NULL,82,2,'2020-01-13 04:56:03','2020-01-13 04:56:03'),
	(147,'Madelin Perez','madelin@ergotec.com.do','809-412-7575',83,2,'2020-01-14 00:21:23','2020-01-14 00:21:23'),
	(148,'Luisa Gonzalez','lumagonje@gmail.com','809-412-7575',83,2,'2020-01-14 00:21:23','2020-01-14 00:21:23'),
	(149,'Erika','erika@ergotec.com.do',NULL,84,2,'2020-01-14 00:41:19','2020-01-14 00:41:19'),
	(150,'Ylia','ylia@ergotec.com.do',NULL,84,2,'2020-01-14 00:41:38','2020-01-14 00:41:38'),
	(151,'Hiedy','heidyjimenezstudio@gmail.com',NULL,84,2,'2020-01-14 00:43:05','2020-01-14 00:43:05'),
	(152,'Virginia Cabral','virginia@ergotec.com.do','809-978-4882',85,2,'2020-01-14 00:43:35','2020-01-14 00:43:35'),
	(153,'Madelin Perez','madelin@ergotec.com.do','809-412-7575',85,2,'2020-01-14 00:43:35','2020-01-14 00:43:35'),
	(154,'Gesabeth Jorge','gesabeth@ergotec.com.do','809-412-7575',85,2,'2020-01-14 00:43:35','2020-01-14 00:43:35'),
	(155,'Marcia Rincon','marcia@ergotec.com.do','809-412-7575',85,2,'2020-01-14 00:43:35','2020-01-14 00:43:35'),
	(156,'Aida','aida@ergotec.com.do',NULL,84,2,'2020-01-14 00:44:09','2020-01-14 00:44:09'),
	(157,'Gesabeth','gesabeth@ergotec.com.do',NULL,84,2,'2020-01-14 00:44:24','2020-01-14 00:44:24'),
	(158,'Madelin','madelin@ergotec.com.do',NULL,84,2,'2020-01-14 00:44:37','2020-01-14 00:44:37'),
	(159,'marcia','marcia@ergotec.com.do',NULL,86,2,'2020-01-14 01:17:09','2020-01-14 01:17:09'),
	(160,'YLIA','ylia@ergotec.com.do',NULL,86,2,'2020-01-14 01:17:09','2020-01-14 01:17:09'),
	(161,'FATIMA','fatima@ergotec.com.do',NULL,86,2,'2020-01-14 01:17:09','2020-01-14 01:17:09'),
	(162,'ELAINE','elaine@ergotec.com.do',NULL,86,2,'2020-01-14 01:17:09','2020-01-14 01:17:09'),
	(163,'MILLOSI','millosi@ergotec.com.do',NULL,86,2,'2020-01-14 01:17:09','2020-01-14 01:17:09'),
	(164,'DIANDRA','diandra@ergotec.com.do',NULL,86,2,'2020-01-14 01:17:09','2020-01-14 01:17:09'),
	(165,'OMAR','omar@ergotec.com.do',NULL,86,2,'2020-01-14 01:17:09','2020-01-14 01:17:09'),
	(166,'ANNY','anny@ergotec.com.do',NULL,86,2,'2020-01-14 01:17:09','2020-01-14 01:17:09'),
	(167,'LORENA','diseno02@ergotec.com.do',NULL,86,2,'2020-01-14 01:17:09','2020-01-14 01:17:09'),
	(168,'MASSIEL','diseno04@ergotec.com.do',NULL,86,2,'2020-01-14 01:17:09','2020-01-14 01:17:09'),
	(169,'ANNY JIMENEZ','anny@ergotec.com.do',NULL,87,2,'2020-01-17 00:09:26','2020-01-17 00:09:26'),
	(170,'Gesabeth Jorge','gesabeth@ergotec.com.do',NULL,88,2,'2020-01-17 04:15:57','2020-01-17 04:15:57'),
	(171,'JOSELIN MORILLO','cobros@ergotec.com.do',NULL,88,2,'2020-01-17 04:15:57','2020-01-17 04:15:57'),
	(172,'AIDA GARCIA','aida@ergotec.com.do',NULL,88,2,'2020-01-17 04:15:57','2020-01-17 04:15:57'),
	(173,'KARLA LAUREANO','cuentasporpagar@ergotec.com.do',NULL,88,2,'2020-01-17 04:15:57','2020-01-17 04:15:57'),
	(174,'Madelin Perez','madelin@ergotec.com.do','809-412-7575',89,2,'2020-01-20 00:21:10','2020-01-20 00:21:10'),
	(175,'Virginia Cabral','virginia@ergotec.com.do','809-978-4882',90,2,'2020-01-20 04:33:17','2020-01-20 04:33:17'),
	(177,'Marco Diaz','marco.antonio.diaz@dte-online.com',NULL,91,2,'2020-01-20 06:48:52','2020-01-20 06:48:52'),
	(178,'Madelin Pérez','madelin@ergotec.com.do',NULL,91,2,'2020-01-20 06:48:52','2020-01-20 06:48:52'),
	(179,'Gesabeth Jorge','gesabeth@ergotec.com.do',NULL,91,2,'2020-01-20 07:01:58','2020-01-20 07:01:58'),
	(180,'Virginia Cabral','virginia@ergotec.com.do','809-978-4882',92,2,'2020-01-22 22:44:22','2020-01-22 22:44:22'),
	(191,'general','general@ergotec.com.do','809-412-7575',93,2,'2020-01-23 06:45:40','2020-01-23 06:45:40'),
	(192,'Virginia Cabral','virginia@ergotec.com.do','809-978-4882',94,2,'2020-01-24 04:44:15','2020-01-24 04:44:15'),
	(193,'Erika Tejeda','erika@ergotec.com.do','809-412-7575',94,2,'2020-01-24 04:44:15','2020-01-24 04:44:15'),
	(194,'Katherine Lapaix','costos@ergotec.com.do','809-412-7575',94,2,'2020-01-24 04:44:15','2020-01-24 04:44:15'),
	(195,'Aida Garcia','aida@ergotec.com.do','809-412-7575',94,2,'2020-01-24 04:44:15','2020-01-24 04:44:15'),
	(196,'Ylia Toribio','ylia@ergotec.com.do','809-412-7575',94,2,'2020-01-24 04:44:15','2020-01-24 04:44:15'),
	(197,'Anny Jimenez','anny@ergotec.com.do','809-412-7575',94,2,'2020-01-24 04:44:15','2020-01-24 04:44:15'),
	(198,'Cristian Almanzar','cristian.almanzar@dte-online.com','8092275222',95,2,'2020-01-27 08:26:48','2020-01-27 08:26:48'),
	(199,'Cristian Almanzar','cristian.almanzar@dte-online.com','8092275222',96,2,'2020-01-27 08:37:08','2020-01-27 08:37:08'),
	(200,'Ruth Jimenez','rjimenez-25@hotmail.com','809-412-7575',97,2,'2020-01-27 23:34:09','2020-01-27 23:34:09'),
	(201,'Ruth Jimenez','rjimenez-25@hotmail.com','809-978-4897',98,2,'2020-01-28 00:31:59','2020-01-28 00:31:59'),
	(202,'Marco Diaz','marco.antonio.diaz@dte-online.com','809-412-7575',98,2,'2020-01-28 00:31:59','2020-01-28 00:31:59'),
	(203,'Cristian Almanzar','cristian.almanzar@dte-online.com','809-412-7575',98,2,'2020-01-28 00:31:59','2020-01-28 00:31:59'),
	(204,'Virginia Cabral','virginia@ergotec.com.do','809-978-4882',99,2,'2020-01-28 05:56:25','2020-01-28 05:56:25'),
	(205,'Virginia Cabral','virginia@ergotec.com.do','809-978-4882',100,2,'2020-01-28 05:58:26','2020-01-28 05:58:26'),
	(206,'Virginia Cabral','virginia@ergotec.com.do','809-978-4882',101,2,'2020-01-28 06:00:41','2020-01-28 06:00:41'),
	(207,'Joaquin Luciano','supervision@accomrd.com',NULL,102,2,'2020-01-29 05:58:34','2020-01-29 05:58:34'),
	(208,'Victor Peralta','victormanuelperalta@gmail.com',NULL,102,2,'2020-01-29 05:58:34','2020-01-29 05:58:34'),
	(209,'Heidy Jimenez','heidyjimenezstudio@gmail.com',NULL,102,2,'2020-01-29 05:58:34','2020-01-29 05:58:34'),
	(210,'Ylia Toribio','ylia@ergotec.com.do',NULL,102,2,'2020-01-29 05:58:34','2020-01-29 05:58:34'),
	(211,'Marcia Rincon','marcia@ergotec.com.do',NULL,102,2,'2020-01-29 05:58:34','2020-01-29 05:58:34'),
	(212,'Victor Peralta','palmarejorc@gmail.com',NULL,102,2,'2020-01-29 05:58:34','2020-01-29 05:58:34'),
	(213,'Victor Peralta','victormanuelperalta70@gmail.com',NULL,102,2,'2020-01-29 05:58:34','2020-01-29 05:58:34'),
	(214,'Virginia Cabral','virginia@ergotec.com.do',NULL,102,2,'2020-01-29 05:58:34','2020-01-29 05:58:34'),
	(215,'Madelin perez','madelin@ergotec.com.do',NULL,102,2,'2020-01-29 05:58:34','2020-01-29 05:58:34'),
	(216,'Teresa Reyes','teresa.reyes@yellow.com.do',NULL,103,2,'2020-01-29 09:43:34','2020-01-29 09:43:34'),
	(217,'Madelin perez','madelin@ergotec.com.do',NULL,103,2,'2020-01-29 09:43:34','2020-01-29 09:43:34'),
	(218,'Cristian Almanzar','cristian.almanzar@dte-online.com','8092275222',104,2,'2020-01-29 20:31:46','2020-01-29 20:31:46'),
	(219,'Diandra Cespedes','diandra@ergotec.com.do',NULL,105,2,'2020-01-30 02:10:22','2020-01-30 02:10:22'),
	(220,'Elaine Genao','elaine@ergotec.com.do',NULL,105,2,'2020-01-30 02:10:22','2020-01-30 02:10:22'),
	(221,'Milllosi Tejeda','millosi@ergotec.com.do',NULL,105,2,'2020-01-30 02:10:22','2020-01-30 02:10:22'),
	(222,'Fatima Duran','fatima@ergotec.com.do',NULL,105,2,'2020-01-30 02:10:22','2020-01-30 02:10:22'),
	(223,'Omar Contreras','omar@ergotec.com.do',NULL,105,2,'2020-01-30 02:10:22','2020-01-30 02:10:22'),
	(224,'Massiel Castillo','diseno04@ergotec.com.do',NULL,105,2,'2020-01-30 02:10:22','2020-01-30 02:10:22'),
	(225,'Mavelys Peña','diseno02@ergotec.com.do',NULL,105,2,'2020-01-30 02:10:22','2020-01-30 02:10:22'),
	(226,'Lorena Rosario','diseno03@ergotec.com.do',NULL,105,2,'2020-01-30 02:10:22','2020-01-30 02:10:22'),
	(227,'Marcia Rincon','marcia@ergotec.com.do',NULL,105,2,'2020-01-30 02:10:22','2020-01-30 02:10:22'),
	(228,'Ylia Toribio','ylia@ergotec.com.do',NULL,105,2,'2020-01-30 02:10:22','2020-01-30 02:10:22'),
	(229,'Raysa Rodriguez','raysa@ergotec.com.do',NULL,105,2,'2020-01-30 02:10:22','2020-01-30 02:10:22'),
	(230,'Madelin','madelin@ergotec.com.do',NULL,106,2,'2020-01-30 08:21:48','2020-01-30 08:21:48'),
	(231,'Ruth','marco.antonio.diaz@dte-online.com',NULL,106,2,'2020-01-30 08:21:48','2020-01-30 08:21:48'),
	(232,'Cristian Almanzar','cristian.almanzar@dte-online.com',NULL,106,2,'2020-01-30 08:21:48','2020-01-30 08:21:48'),
	(233,'Ruth','gestionhumana@ergotec.com.do',NULL,106,2,'2020-01-30 08:21:48','2020-01-30 08:21:48'),
	(234,'Marcos','marco.antonio.diaz@dte-online.com',NULL,107,2,'2020-01-31 09:48:00','2020-01-31 09:48:00'),
	(235,'Cristian','cristian.almanzar@outlook.com',NULL,107,2,'2020-01-31 09:48:00','2020-01-31 09:48:00'),
	(236,'Daniel','cristian.almanzar@dte-online.com',NULL,107,2,'2020-01-31 09:48:00','2020-01-31 09:48:00'),
	(237,'Marcia Rincon','marcia@ergotec.com.do',NULL,108,2,'2020-02-06 00:13:56','2020-02-06 00:13:56'),
	(238,'Madelin perez','madelin@ergotec.com.do',NULL,108,2,'2020-02-06 00:13:56','2020-02-06 00:13:56'),
	(239,'Cristian Almanzar','cristian.almanzar@outlook.com',NULL,109,1,'2020-02-06 01:28:55','2020-02-06 01:28:55'),
	(240,'Cristian Almanzar','cristian.almanzar@dte-online.com',NULL,110,2,'2020-02-06 01:58:54','2020-02-06 01:58:54'),
	(241,'Cristian','cristian.almanzar@outlook.com',NULL,110,2,'2020-02-06 01:58:54','2020-02-06 01:58:54'),
	(242,'Virginia Cabral','virginia@ergotec.com.do','809-978-4882',111,2,'2020-02-06 02:04:46','2020-02-06 02:04:46'),
	(243,'Cristian Almanzar','cristian.almanzar@gmail.com','8092275222',112,2,'2020-02-06 02:09:31','2020-02-06 02:09:31'),
	(244,'Daniel','cristian.almanzar@gmail.com',NULL,112,2,'2020-02-06 02:09:31','2020-02-06 02:09:31'),
	(245,'Marcos','marco.antonio.diaz@dte-online.com',NULL,112,2,'2020-02-06 02:09:31','2020-02-06 02:09:31'),
	(246,'Madelin','madelin@ergotec.com.do',NULL,112,2,'2020-02-06 02:09:31','2020-02-06 02:09:31'),
	(247,'Gestion Humana','gestionhumana@ergotec.com.do','8092275222',113,2,'2020-02-06 02:19:34','2020-02-06 02:19:34'),
	(248,'Cristian','cristian.almanzar@outlook.com',NULL,113,2,'2020-02-06 02:19:34','2020-02-06 02:19:34'),
	(249,'ruth','rjimenez-25@hotmail.com','809-412-7575',114,2,'2020-02-06 02:24:41','2020-02-06 02:24:41'),
	(250,'Cristian Almanzar','cristian.almanzar@dte-online.com','8092275222',115,2,'2020-02-06 02:35:48','2020-02-06 02:35:48'),
	(251,'Cristian','cristian.almanzar@outlook.com',NULL,115,2,'2020-02-06 02:35:48','2020-02-06 02:35:48'),
	(252,'Daniel Almanzar','cristian.almanzar@outlook.com',NULL,116,1,'2020-02-06 02:44:28','2020-02-06 02:44:28'),
	(253,'Daniel Almanzar','cristian.almanzar@outlook.com',NULL,117,1,'2020-02-06 02:46:13','2020-02-06 02:46:13'),
	(254,'ANNY JIMENEZ','anny@ergotec.com.do',NULL,118,2,'2020-02-06 03:32:39','2020-02-06 03:32:39'),
	(255,'FATIMA DURAN','fatima@ergotec.com.do',NULL,119,2,'2020-02-06 04:52:29','2020-02-06 04:52:29'),
	(256,'Marcia Rincon','marcia@ergotec.com.do','8099784887',120,2,'2020-02-06 05:49:48','2020-02-06 05:49:48'),
	(257,'Elaine','elygenv@gmail.com','8099091984',120,2,'2020-02-06 05:49:48','2020-02-06 05:49:48'),
	(258,'Ruth Jimenez','rjimenez-25@hotmail.com','809-412-7575',121,2,'2020-02-06 23:23:11','2020-02-06 23:23:11'),
	(261,'Ruth','gestionhumana@ergotec.com.do',NULL,123,2,'2020-02-07 02:40:34','2020-02-07 02:40:34'),
	(262,'Cristian','cristian.almanzar@outlook.com',NULL,123,2,'2020-02-07 02:40:34','2020-02-07 02:40:34'),
	(263,'Daniel','cristian.almanzar@dte-online.com',NULL,123,2,'2020-02-07 02:40:34','2020-02-07 02:40:34'),
	(264,'Nadia Peña','atencionacliente@ergotec.com.do',NULL,124,2,'2020-02-07 07:59:26','2020-02-07 07:59:26'),
	(265,'Madelin perez','madelin@ergotec.com.do',NULL,124,2,'2020-02-07 07:59:26','2020-02-07 07:59:26'),
	(266,'Raysa Rodriguez','raysa@ergotec.com.do',NULL,124,2,'2020-02-07 07:59:26','2020-02-07 07:59:26'),
	(267,'Ruth','marco.antonio.diaz@dte-online.com',NULL,125,2,'2020-02-07 08:45:36','2020-02-07 08:45:36'),
	(268,'Cristian','cristian.almanzar@dte-online.com',NULL,125,2,'2020-02-07 08:45:36','2020-02-07 08:45:36'),
	(269,'daniel','cristian.almanzar@outlook.com',NULL,125,2,'2020-02-07 08:45:36','2020-02-07 08:45:36'),
	(270,'Marco','marco.antonio.diaz@dte-online.com',NULL,126,2,'2020-02-07 08:58:44','2020-02-07 08:58:44'),
	(271,'Cristian','cristian.almanzar@outlook.com',NULL,126,2,'2020-02-07 08:58:44','2020-02-07 08:58:44'),
	(272,'danie','cristian.almanzar@dte-online.com',NULL,126,2,'2020-02-07 08:58:44','2020-02-07 08:58:44'),
	(273,'Marcos','cristian.almanzar@outlook.com',NULL,127,2,'2020-02-07 09:14:22','2020-02-07 09:14:22'),
	(274,'Cris','marco.antonio.diaz@dte-online.com',NULL,127,2,'2020-02-07 09:14:22','2020-02-07 09:14:22'),
	(275,'Danie','cristian.almanzar@dte-online.com',NULL,127,2,'2020-02-07 09:14:22','2020-02-07 09:14:22'),
	(276,'Marcos','marco.antonio.diaz@dte-online.com',NULL,128,2,'2020-02-07 09:15:37','2020-02-07 09:15:37'),
	(277,'Crisa','cristian.almanzar@outlook.com',NULL,128,2,'2020-02-07 09:15:37','2020-02-07 09:15:37'),
	(278,'Dani','cristian.almanzar@dte-online.com',NULL,128,2,'2020-02-07 09:15:37','2020-02-07 09:15:37'),
	(279,'Virginia Cabral','virginia@ergotec.com.do','809-978-4882',129,2,'2020-02-09 22:58:43','2020-02-09 22:58:43'),
	(280,'Madelin Perez','madelin@ergotec.com.do','809-978-4891',129,2,'2020-02-09 22:58:43','2020-02-09 22:58:43'),
	(281,'Gesabeth Jorge','gesabeth@ergotec.com.do','809-412-7575',129,2,'2020-02-09 22:58:43','2020-02-09 22:58:43'),
	(282,'Marcia Rincon','marcia@ergotec.com.do','809-412-7575',129,2,'2020-02-09 22:58:43','2020-02-09 22:58:43'),
	(283,'ANNY JIMENEZ','anny@ergotec.com.do',NULL,130,2,'2020-02-09 23:16:49','2020-02-09 23:16:49'),
	(284,'Raysa Rodriguez','raysa@ergotec.com.do',NULL,130,2,'2020-02-09 23:16:49','2020-02-09 23:16:49'),
	(285,'Lorena Rosario','diseno02@ergotec.com.do',NULL,130,2,'2020-02-09 23:16:49','2020-02-09 23:16:49'),
	(286,'Massiel Castillo','diseno',NULL,130,2,'2020-02-09 23:16:49','2020-02-09 23:16:49'),
	(287,'Mavelys Peña','diseno03@ergotec.com.do',NULL,130,2,'2020-02-09 23:16:49','2020-02-09 23:16:49'),
	(288,'Ylia Toribio','ylia@ergotec.com.do',NULL,130,2,'2020-02-09 23:16:49','2020-02-09 23:16:49'),
	(289,'Marcia Rincon','marcia@ergotec.com.do',NULL,130,2,'2020-02-09 23:16:49','2020-02-09 23:16:49'),
	(290,'Ruth Jimenez','gestionhumana@ergotec.com.do','809-412-7575',131,2,'2020-02-10 02:34:08','2020-02-10 02:34:08'),
	(291,'Virginia Cabral','virginia@ergotec.com.do','809-978-4882',132,2,'2020-02-11 01:19:32','2020-02-11 01:19:32'),
	(292,'Virginia Cabral','virginia@ergotec.com.do','809-978-4882',133,2,'2020-02-11 01:20:43','2020-02-11 01:20:43'),
	(293,'Madelin Perez','madelin@ergotec.com.do','809-412-7575',134,2,'2020-02-12 06:40:26','2020-02-12 06:40:26'),
	(294,'Madelin Perez','madelin@ergotec.com.do','809-412-7575',135,2,'2020-02-12 06:41:36','2020-02-12 06:41:36'),
	(295,'Fatima Duran','fatima@ergotec.com.do',NULL,136,2,'2020-02-14 01:22:42','2020-02-14 01:22:42'),
	(296,'ANNY JIMENEZ','anny@ergotec.com.do',NULL,136,2,'2020-02-14 01:22:42','2020-02-14 01:22:42'),
	(297,'Ruth','gestionhumana@ergotec.com.do',NULL,138,2,'2020-02-14 06:41:41','2020-02-14 06:41:41'),
	(298,'Cristian','cristian.almanzar@dte-online.com',NULL,139,1,'2020-02-17 00:43:28','2020-02-17 00:43:28'),
	(299,'Cristian Almanzar','cristian.almanzar@outlook.com',NULL,140,1,'2020-02-17 01:03:33','2020-02-17 01:03:33'),
	(300,'Madelin','madelin@ergotec.com.do',NULL,141,2,'2020-02-17 02:47:06','2020-02-17 02:47:06'),
	(301,'Ruth','gestionhumana@ergotec.com.do',NULL,141,2,'2020-02-17 02:47:06','2020-02-17 02:47:06'),
	(302,'Cristian','cristian.almanzar@outlook.com',NULL,141,2,'2020-02-17 02:47:06','2020-02-17 02:47:06'),
	(303,'Daniel','cristian.almanzar@dte-online.com',NULL,141,2,'2020-02-17 02:47:06','2020-02-17 02:47:06'),
	(304,'Madelin','madelin@ergotec.com.do',NULL,138,2,'2020-02-17 03:45:20','2020-02-17 03:45:20'),
	(305,'Virginia Cabral','virginia@ergotec.com.do','809-978-4882',142,2,'2020-02-17 05:21:47','2020-02-17 05:21:47'),
	(306,'Mayra','compras1@ergotec.com.do',NULL,143,2,'2020-02-17 06:39:23','2020-02-17 06:39:23'),
	(307,'Virginia Cabral','virginiacabral@yahoo.com','809-978-4882',144,2,'2020-02-17 06:56:17','2020-02-17 06:56:17'),
	(308,'Ruth Jimenez','rjimenez-25@hotmail.com','809-412-7575',144,2,'2020-02-17 06:56:17','2020-02-17 06:56:17'),
	(309,'Madelin Perez','madelin@ergotec.com.do',NULL,145,2,'2020-02-18 00:58:08','2020-02-18 00:58:08'),
	(310,'Raysa Rodriguez','raysa@ergotec.com.do',NULL,145,2,'2020-02-18 00:58:08','2020-02-18 00:58:08'),
	(311,'Ylia Toribio','ylia@ergotec.com.do',NULL,145,2,'2020-02-18 00:58:08','2020-02-18 00:58:08'),
	(312,'Madelin Peréz','madelin@ergotec.com.do',NULL,146,2,'2020-02-18 06:12:38','2020-02-18 06:12:38'),
	(313,'Ylia Toribio','ylia@ergotec.com.do',NULL,146,2,'2020-02-18 06:12:38','2020-02-18 06:12:38'),
	(314,'Heidy Jiménez','heidyjimenezstudio@gmail.com',NULL,146,2,'2020-02-19 00:26:01','2020-02-19 00:26:01'),
	(315,'Ruth Jimenez','gestionhumana@ergotec.com.do','809-412-7575',147,2,'2020-02-19 04:52:57','2020-02-19 04:52:57'),
	(316,'Milan Lora','lora.milan@gmail.com','809-978-4881',148,2,'2020-02-19 22:49:04','2020-02-19 22:49:04'),
	(317,'Madelin Perez','madelin@ergotec.com.do','809-412-7575',149,2,'2020-02-19 23:18:30','2020-02-19 23:18:30'),
	(318,'Madelin Perez','mad',NULL,150,2,'2020-02-20 01:15:56','2020-02-20 01:15:56'),
	(319,'Madelin Perez','madelin@ergotec.com.do',NULL,150,2,'2020-02-20 01:16:33','2020-02-20 01:16:33'),
	(320,'Ylia Toribio','ylia@ergotec.com.do',NULL,150,2,'2020-02-20 01:16:52','2020-02-20 01:16:52'),
	(321,'Raysa Rodriguez','raysa@ergotec.com.do',NULL,150,2,'2020-02-20 01:17:07','2020-02-20 01:17:07'),
	(322,'Anny Jimenez','anny@ergotec.com.do',NULL,151,2,'2020-02-20 03:17:43','2020-02-20 03:17:43'),
	(323,'Omar Contreras','omar@ergotec.com.do',NULL,152,2,'2020-02-21 00:11:15','2020-02-21 00:11:15'),
	(324,'Anny Jimenez','anny@ergotec.com.do',NULL,153,2,'2020-02-21 04:31:09','2020-02-21 04:31:09'),
	(325,'Virginia Cabral','virginia@ergotec.com.do','809-978-4882',154,2,'2020-02-23 23:09:35','2020-02-23 23:09:35'),
	(326,'Fatima Duran','fatima@ergotec.com.do','809-412-7575',155,2,'2020-02-24 08:33:35','2020-02-24 08:33:35'),
	(327,'Virginia Cabral','virginia@ergotec.com.do','809-412-7575',156,2,'2020-02-25 01:27:22','2020-02-25 01:27:22'),
	(328,'Virginia Cabral','gestionhumana@ergotec.com.do','809-412-7575',157,2,'2020-02-25 01:31:25','2020-02-25 01:31:25'),
	(329,'Anny Jimenez','anny@ergotec.com.do',NULL,158,2,'2020-02-25 03:10:59','2020-02-25 03:10:59'),
	(330,'Virginia Cabral','virginia@ergotec.com.do','809-412-7575',159,2,'2020-02-25 22:53:14','2020-02-25 22:53:14'),
	(331,'Marcia Rincon','marcia@ergotec.com.do','809-412-7575',159,2,'2020-02-25 22:53:14','2020-02-25 22:53:14'),
	(332,'Virginia Cabral','virginia@ergotec.com.do','809-412-7575',160,2,'2020-02-25 22:54:29','2020-02-25 22:54:29'),
	(333,'Marcia Rincon','marcia@ergotec.com.do','809-412-7575',160,2,'2020-02-25 22:54:29','2020-02-25 22:54:29'),
	(334,'Elaine','elygenv@gmail.com','8099091984',161,2,'2020-02-26 01:13:21','2020-02-26 01:13:21'),
	(335,'OMAR','OMAR',NULL,161,2,'2020-02-26 01:13:21','2020-02-26 01:13:21'),
	(336,'OMAR','omar@ergotec.com.do',NULL,162,2,'2020-02-26 01:31:26','2020-02-26 01:31:26'),
	(337,'Gesabeth Jorge','gesabeth@ergotec.com.do','809-412-7575',163,2,'2020-02-26 08:03:53','2020-02-26 08:03:53'),
	(338,'Madelin Perez','madelin@ergotec.com.do','809-412-7575',163,2,'2020-02-26 08:03:53','2020-02-26 08:03:53'),
	(339,'Marcia Rincon','marcia@ergotec.com.do','809-412-7575',163,2,'2020-02-26 08:03:53','2020-02-26 08:03:53'),
	(340,'Mayra Jimenez','compras1@ergotec.com.do','809-412-7575',163,2,'2020-02-26 08:03:53','2020-02-26 08:03:53'),
	(341,'Nadia Peña','atencionacliente@ergotec.com.do','809-412-7575',163,2,'2020-02-26 08:03:53','2020-02-26 08:03:53'),
	(342,'Joselin Morillo','cobros@ergotec.com.do','809-412-7575',163,2,'2020-02-26 08:03:53','2020-02-26 08:03:53'),
	(343,'Karla Laureano','cuentasporpagar@ergotec.com.do','809-412-7575',163,2,'2020-02-26 08:03:53','2020-02-26 08:03:53'),
	(344,'Aida Garcia','aida@ergotec.com.do','809-412-7575',163,2,'2020-02-26 08:03:53','2020-02-26 08:03:53'),
	(345,'Katherine Lapaix','costos@ergotec.com.do','809-412-7575',163,2,'2020-02-26 08:03:53','2020-02-26 08:03:53'),
	(346,'Diandra Cespedes','diandra@ergotec.com.do','809-412-7575',163,2,'2020-02-26 08:03:53','2020-02-26 08:03:53'),
	(347,'Elaine Genao','elaine@ergotec.com.do','809-412-7575',163,2,'2020-02-26 08:03:53','2020-02-26 08:03:53'),
	(348,'Fatima Duran','fatima@ergotec.com.do','809-412-7575',163,2,'2020-02-26 08:03:53','2020-02-26 08:03:53'),
	(349,'Millosi Tejera','millosi@ergotec.com.do','809-412-7575',163,2,'2020-02-26 08:03:53','2020-02-26 08:03:53'),
	(350,'Omar Contreras','omar@ergotec.com.do','809-412-7575',163,2,'2020-02-26 08:03:53','2020-02-26 08:03:53'),
	(351,'Raysa Rodriguez','raysa@ergotec.com.do','809-412-7575',163,2,'2020-02-26 08:03:53','2020-02-26 08:03:53'),
	(352,'Ylia Toribio','ylia@ergotec.com.do','809-412-7575',163,2,'2020-02-26 08:03:53','2020-02-26 08:03:53'),
	(353,'Anny Jimenez','anny@ergotec.com.do','809-412-7575',163,2,'2020-02-26 08:03:53','2020-02-26 08:03:53'),
	(354,'Massiel Castillo','diseno04@ergotec.com.do','809-412-7575',163,2,'2020-02-26 08:03:53','2020-02-26 08:03:53'),
	(355,'Lorena Rosario','diseno02@ergotec.com.do','809-412-7575',163,2,'2020-02-26 08:03:53','2020-02-26 08:03:53'),
	(356,'Madelin Pérez','madelin@ergotec.com.do',NULL,165,2,'2020-02-28 00:04:49','2020-02-28 00:04:49'),
	(357,'Ylia Toribio','ylia@ergotec.com.do',NULL,165,2,'2020-02-28 00:04:49','2020-02-28 00:04:49'),
	(358,'Raysa Rodriguez','raysa@ergotec.com.do',NULL,165,2,'2020-02-28 00:04:49','2020-02-28 00:04:49'),
	(359,'Madelin Perez','madelin@ergotec.com.do','809-412-7575',166,2,'2020-02-28 01:37:14','2020-02-28 01:37:14'),
	(360,'Lorena Rosario','diseno02@ergotec.com.do','809-412-7575',166,2,'2020-02-28 01:37:14','2020-02-28 01:37:14'),
	(361,'Nadia Pena','atencionacliente@ergotec.com.do',NULL,167,2,'2020-02-28 02:29:46','2020-02-28 02:29:46'),
	(362,'Gesabeth Jorge','gesabeth@ergotec.com.do','809-412-7575',168,2,'2020-03-01 23:11:23','2020-03-01 23:11:23'),
	(363,'Gesabeth Jorge','gesabeth@ergotec.com.do','809-412-7575',169,2,'2020-03-01 23:21:02','2020-03-01 23:21:02'),
	(364,'Nadia Pena','atencionacliente@ergotec.com.do',NULL,171,2,'2020-03-02 02:54:25','2020-03-02 02:54:25'),
	(365,'Ruth Jimenez','gestionhumana@ergotec.com.do','809-412-7575',172,2,'2020-03-02 23:20:19','2020-03-02 23:20:19'),
	(366,'Gesabeth Jorge','gesabeth@ergotec.com.do','809-412-7575',173,2,'2020-03-02 23:25:37','2020-03-02 23:25:37'),
	(367,'Aida Garcia','aida@ergotec.com.do','809-412-7575',173,2,'2020-03-02 23:25:37','2020-03-02 23:25:37'),
	(368,'Katherine Lapaix','costos@ergotec.com.do','809-412-7575',173,2,'2020-03-02 23:25:37','2020-03-02 23:25:37'),
	(369,'Ruth Jimenez','gestionhumana@ergotec.com.do','809-412-7575',174,2,'2020-03-03 23:08:26','2020-03-03 23:08:26'),
	(370,'Fatima Duran','fatima@ergotec.com.do','809-412-7575',175,2,'2020-03-03 23:54:11','2020-03-03 23:54:11'),
	(371,'Omar Contreras','omar@ergotec.com.do',NULL,176,2,'2020-03-04 02:48:38','2020-03-04 02:48:38'),
	(372,'Marcia','marcia@ergotec.com.do','8099784887',177,2,'2020-03-04 02:51:49','2020-03-04 02:51:49'),
	(373,'Ylia','ylia@ergotec.com.do',NULL,177,2,'2020-03-04 02:51:49','2020-03-04 02:51:49'),
	(374,'Marco Diaz','marco.antonio.diaz@dte-online.com',NULL,178,2,'2020-03-04 22:17:42','2020-03-04 22:17:42'),
	(375,'Guillermo Román','guillermo.roman@dynasoftsolutions.com',NULL,179,2,'2020-03-04 22:24:23','2020-03-04 22:24:23'),
	(376,'Madelin','madelin@ergotec.com.do',NULL,179,2,'2020-03-04 22:24:23','2020-03-04 22:24:23'),
	(377,'Gesabeth Jorge','gesabeth@ergotec.com.do',NULL,179,2,'2020-03-04 22:24:23','2020-03-04 22:24:23'),
	(378,'Ruth Jimenez','gestionhumana@ergotec.com.do','809-412-7575',180,2,'2020-03-04 22:55:06','2020-03-04 22:55:06'),
	(379,'Ruth Jimenez','gestionhumana@ergotec.com.do','809-412-7575',181,2,'2020-03-04 23:13:59','2020-03-04 23:13:59'),
	(380,'Ruth Jimenez','gestionhumana@ergotec.com.do','809-412-7575',182,2,'2020-03-04 23:44:41','2020-03-04 23:44:41'),
	(381,'Virginia Cabral','virginia@ergotec.com.do',NULL,183,2,'2020-03-05 01:22:58','2020-03-05 01:22:58'),
	(382,'Nadia Pena','atencionacliente@ergotec.com.do',NULL,184,2,'2020-03-05 03:24:39','2020-03-05 03:24:39'),
	(383,'Ruth Jimenez','gestionhumana@ergotec.com.do','809-412-7575',185,2,'2020-03-05 04:08:10','2020-03-05 04:08:10'),
	(384,'Gesabeth Jorge','gesabeth@ergotec.com.do','809-412-7575',186,2,'2020-03-05 07:24:58','2020-03-05 07:24:58'),
	(385,'Marcia Rincon','marcia@ergotec.com.do','809-412-7575',186,2,'2020-03-05 07:24:58','2020-03-05 07:24:58'),
	(386,'Madelin Perez','madelin@ergotec.com.do','809-412-7575',186,2,'2020-03-05 07:24:58','2020-03-05 07:24:58'),
	(387,'Lorena Rosario','diseno02@ergotec.com.do','809-412-7575',186,2,'2020-03-05 07:24:58','2020-03-05 07:24:58'),
	(388,'Massiel Castillo','diseno04@ergotec.com.do','809-412-7575',186,2,'2020-03-05 07:24:58','2020-03-05 07:24:58'),
	(389,'Elaine Genao','elaine@ergotec.com.do','809-412-7575',186,2,'2020-03-05 07:24:58','2020-03-05 07:24:58'),
	(390,'Fatima Duran','fatima@ergotec.com.do','809-412-7575',186,2,'2020-03-05 07:24:58','2020-03-05 07:24:58'),
	(391,'Millosi Tejeda','millosi@ergotec.com.do','809-412-7575',186,2,'2020-03-05 07:24:58','2020-03-05 07:24:58'),
	(392,'Diandra Cespedes','diandra@ergotec.com.do','809-412-7575',186,2,'2020-03-05 07:24:58','2020-03-05 07:24:58'),
	(393,'Omar Contreras','omar@ergotec.com.do','809-412-7575',186,2,'2020-03-05 07:24:58','2020-03-05 07:24:58'),
	(394,'Anny Jimenez','anny@ergotec.com.do','809-412-7575',186,2,'2020-03-05 07:24:58','2020-03-05 07:24:58'),
	(395,'Raysa Rodriguez','raysa@ergotec.com.do','809-412-7575',186,2,'2020-03-05 07:24:58','2020-03-05 07:24:58'),
	(396,'Joselin Morillo','cobros@ergotec.com.do','809-412-7575',186,2,'2020-03-05 07:24:58','2020-03-05 07:24:58'),
	(397,'Karla Laureano','cuentasporpagar@ergotec.com.do','809-412-7575',186,2,'2020-03-05 07:24:58','2020-03-05 07:24:58'),
	(398,'Aida Garcia','aida@ergotec.com.do','809-412-7575',186,2,'2020-03-05 07:24:58','2020-03-05 07:24:58'),
	(399,'Katherine Lapaix','costos@ergotec.com.do','809-412-7575',186,2,'2020-03-05 07:24:58','2020-03-05 07:24:58'),
	(400,'Virginia Cabral','virginia@ergotec.com.do','809-412-7575',186,2,'2020-03-05 07:24:58','2020-03-05 07:24:58'),
	(401,'Nadia Peña','atencionacliente@ergotec.com.do','809-412-7575',186,2,'2020-03-05 07:24:58','2020-03-05 07:24:58'),
	(402,'Ruth Jimenez','gestionhumana@ergotec.com.do','809-412-7575',187,2,'2020-03-05 22:55:11','2020-03-05 22:55:11'),
	(403,'Ruth Jimenez','gestionhumana@ergotec.com.do','809-412-7575',188,2,'2020-03-05 23:02:07','2020-03-05 23:02:07'),
	(404,'Ruth Jimenez','gestionhumana@ergotec.com.do','809-412-7575',189,2,'2020-03-05 23:03:29','2020-03-05 23:03:29'),
	(405,'Ruth Jimenez','gestionhumana@ergotec.com.do','809-412-7575',190,2,'2020-03-06 02:17:21','2020-03-06 02:17:21'),
	(406,'Ruth Jimenez','gestionhumana@ergotec.com.do','809-412-7575',191,2,'2020-03-08 23:02:34','2020-03-08 23:02:34'),
	(407,'Madelin perez','madelin@ergotec.com.do',NULL,192,2,'2020-03-08 23:45:04','2020-03-08 23:45:04'),
	(408,'Gesabeth Jorge','gesabeth@ergotec.com.do',NULL,193,2,'2020-03-09 00:11:15','2020-03-09 00:11:15'),
	(409,'Marcia Rincon','marcia@ergotec.com.do',NULL,193,2,'2020-03-09 00:11:15','2020-03-09 00:11:15'),
	(410,'Ruth Jimenez','gestionhumana@ergotec.com.do','809-412-7575',194,2,'2020-03-09 23:14:43','2020-03-09 23:14:43'),
	(411,'Omar Contreras','omar@ergotec.com.do',NULL,195,2,'2020-03-10 00:32:03','2020-03-10 00:32:03'),
	(412,'Raysa Rodriguez','raysa@ergotec.com.do',NULL,196,2,'2020-03-11 00:04:18','2020-03-11 00:04:18'),
	(413,'Ylia','ylia@ergotec.com.do',NULL,196,2,'2020-03-11 00:04:18','2020-03-11 00:04:18'),
	(414,'Marcia Rincon','marcia@ergotec.com.do',NULL,196,2,'2020-03-11 00:04:18','2020-03-11 00:04:18'),
	(415,'Gesabeth Jorge','gesabeth@ergotec.com.do',NULL,196,2,'2020-03-11 00:04:18','2020-03-11 00:04:18'),
	(416,'Madelin perez','madelin@ergotec.com.do',NULL,196,2,'2020-03-11 00:04:18','2020-03-11 00:04:18'),
	(417,'Guillermo','guillermo.roman@dynasoftsolutions.com',NULL,196,2,'2020-03-11 00:04:18','2020-03-11 00:04:18'),
	(418,'Madelin Pérez','madelin@ergotec.com.do',NULL,197,2,'2020-03-11 00:09:56','2020-03-11 00:09:56'),
	(419,'Gesabeth Ovalles','gesabeth@ergotec.com.do',NULL,198,2,'2020-03-11 01:33:28','2020-03-11 01:33:28'),
	(420,'Katherine Lapaix','costos@ergotec.com.do',NULL,198,2,'2020-03-11 01:33:28','2020-03-11 01:33:28'),
	(421,'Karla Laureano','cuentasporcobrar@ergotec.com.do',NULL,198,2,'2020-03-11 01:33:28','2020-03-11 01:33:28'),
	(422,'Joselin Morillo','cobros@ergotec.com.do',NULL,198,2,'2020-03-11 01:33:28','2020-03-11 01:33:28'),
	(423,'Aida García','aida@ergotec.com.do',NULL,198,2,'2020-03-11 01:33:28','2020-03-11 01:33:28'),
	(424,'Anny Jimenez','anny@ergotec.com.do',NULL,199,2,'2020-03-16 05:12:34','2020-03-16 05:12:34'),
	(425,'Omar Henry','omar@ergotec.com.do',NULL,200,2,'2020-03-16 22:47:47','2020-03-16 22:47:47');

/*!40000 ALTER TABLE `participantes` ENABLE KEYS */;
UNLOCK TABLES;


# Dump of table password_resets
# ------------------------------------------------------------



# Dump of table permissions
# ------------------------------------------------------------

LOCK TABLES `permissions` WRITE;
/*!40000 ALTER TABLE `permissions` DISABLE KEYS */;

INSERT INTO `permissions` (`id`, `name`, `title`, `guard_name`, `modulo_id`, `created_at`, `updated_at`)
VALUES
	(1,'ver_menu_principal_usuarios','Menú Principal Usuarios','web',1,'2019-10-16 10:12:34','2019-10-16 10:12:34'),
	(2,'list.users','Listar Usuarios','web',1,'2019-10-16 10:12:34','2019-10-16 10:12:34'),
	(3,'create.users','Registro Usuarios','web',1,'2019-10-16 10:12:34','2019-10-16 10:12:34'),
	(4,'show.users','Consultar Usuarios','web',1,'2019-10-16 10:12:34','2019-10-16 10:12:34'),
	(5,'update.users','Editar Usuarios','web',1,'2019-10-16 10:12:34','2019-10-16 10:12:34'),
	(6,'delete.users','Eliminar Usuarios','web',1,'2019-10-16 10:12:34','2019-10-16 10:12:34'),
	(7,'habilitar.users','Habilitar Usuarios','web',1,'2019-10-16 10:12:34','2019-10-16 10:12:34'),
	(8,'deshabilitar.users','Deshabilitar Usuarios','web',1,'2019-10-16 10:12:34','2019-10-16 10:12:34'),
	(9,'ver_menu_principal_roles','Menú Principal Roles','web',2,'2019-10-16 10:12:34','2019-10-16 10:12:34'),
	(10,'list.roles','Listar Roles','web',2,'2019-10-16 10:12:34','2019-10-16 10:12:34'),
	(11,'create.roles','Registro Roles','web',2,'2019-10-16 10:12:34','2019-10-16 10:12:34'),
	(12,'show.roles','Consultar Roles','web',2,'2019-10-16 10:12:34','2019-10-16 10:12:34'),
	(13,'update.roles','Editar Roles','web',2,'2019-10-16 10:12:34','2019-10-16 10:12:34'),
	(14,'delete.roles','Eliminar Roles','web',2,'2019-10-16 10:12:34','2019-10-16 10:12:34'),
	(15,'ver_menu_principal_licencias','Menú Principal Licencias','web',3,'2019-10-16 10:12:34','2019-10-16 10:12:34'),
	(16,'list.licencias','Listar Licencias','web',3,'2019-10-16 10:12:34','2019-10-16 10:12:34'),
	(17,'create.licencias','Registro Licencias','web',3,'2019-10-16 10:12:34','2019-10-16 10:12:34'),
	(18,'show.licencias','Consultar Licencias','web',3,'2019-10-16 10:12:34','2019-10-16 10:12:34'),
	(19,'update.licencias','Editar Licencias','web',3,'2019-10-16 10:12:34','2019-10-16 10:12:34'),
	(20,'delete.licencias','Eliminar Licencias','web',3,'2019-10-16 10:12:34','2019-10-16 10:12:34'),
	(21,'ver_menu_principal_empresa','Menú Principal Empresas','web',4,'2019-10-16 10:12:34','2019-10-16 10:12:34'),
	(22,'list.empresas','Listar Empresas','web',4,'2019-10-16 10:12:34','2019-10-16 10:12:34'),
	(23,'create.empresas','Registro Empresas','web',4,'2019-10-16 10:12:34','2019-10-16 10:12:34'),
	(24,'show.empresas','Consultar Empresas','web',4,'2019-10-16 10:12:34','2019-10-16 10:12:34'),
	(25,'update.empresas','Editar Empresas','web',4,'2019-10-16 10:12:34','2019-10-16 10:12:34'),
	(26,'delete.empresas','Eliminar Empresas','web',4,'2019-10-16 10:12:34','2019-10-16 10:12:34'),
	(27,'ver_menu_principal_avanzadas','Menú Principal Avanzadas','web',5,'2019-10-16 10:12:34','2019-10-16 10:12:34'),
	(28,'list.fondos','Listar fondos','web',5,'2019-10-16 10:12:35','2019-10-16 10:12:35'),
	(29,'create.fondos','Registro fondos','web',5,'2019-10-16 10:12:35','2019-10-16 10:12:35'),
	(30,'show.fondos','Consultar fondos','web',5,'2019-10-16 10:12:35','2019-10-16 10:12:35'),
	(31,'update.fondos','Editar fondos','web',5,'2019-10-16 10:12:35','2019-10-16 10:12:35'),
	(32,'delete.fondos','Eliminar fondos','web',5,'2019-10-16 10:12:35','2019-10-16 10:12:35'),
	(33,'list.logos','Listar logos','web',5,'2019-10-16 10:12:35','2019-10-16 10:12:35'),
	(34,'create.logos','Registro logos','web',5,'2019-10-16 10:12:35','2019-10-16 10:12:35'),
	(35,'show.logos','Consultar logos','web',5,'2019-10-16 10:12:35','2019-10-16 10:12:35'),
	(36,'update.logos','Editar logos','web',5,'2019-10-16 10:12:35','2019-10-16 10:12:35'),
	(37,'delete.logos','Eliminar logos','web',5,'2019-10-16 10:12:35','2019-10-16 10:12:35'),
	(38,'list.facilidades','Listar facilidades','web',5,'2019-10-16 10:12:35','2019-10-16 10:12:35'),
	(39,'create.facilidades','Registro facilidades','web',5,'2019-10-16 10:12:35','2019-10-16 10:12:35'),
	(40,'show.facilidades','Consultar facilidades','web',5,'2019-10-16 10:12:35','2019-10-16 10:12:35'),
	(41,'update.facilidades','Editar facilidades','web',5,'2019-10-16 10:12:35','2019-10-16 10:12:35'),
	(42,'delete.facilidades','Eliminar facilidades','web',5,'2019-10-16 10:12:35','2019-10-16 10:12:35'),
	(43,'list.tipo_reservas','Listar tipo de reservas','web',5,'2019-10-16 10:12:35','2019-10-16 10:12:35'),
	(44,'create.tipo_reservas','Registro tipo de reservas','web',5,'2019-10-16 10:12:35','2019-10-16 10:12:35'),
	(45,'show.tipo_reservas','Consultar tipo de reservas','web',5,'2019-10-16 10:12:35','2019-10-16 10:12:35'),
	(46,'update.tipo_reservas','Editar tipo de reservas','web',5,'2019-10-16 10:12:35','2019-10-16 10:12:35'),
	(47,'delete.tipo_reservas','Eliminar tipo de reservas','web',5,'2019-10-16 10:12:35','2019-10-16 10:12:35'),
	(48,'list.tipo_facilidades','Listar tipo de facilidades','web',5,'2019-10-16 10:12:35','2019-10-16 10:12:35'),
	(49,'create.tipo_facilidades','Registro tipo de facilidades','web',5,'2019-10-16 10:12:35','2019-10-16 10:12:35'),
	(50,'show.tipo_facilidades','Consultar tipo de facilidades','web',5,'2019-10-16 10:12:35','2019-10-16 10:12:35'),
	(51,'update.tipo_facilidades','Editar tipo de facilidades','web',5,'2019-10-16 10:12:35','2019-10-16 10:12:35'),
	(52,'delete.tipo_facilidades','Eliminar tipo de facilidades','web',5,'2019-10-16 10:12:35','2019-10-16 10:12:35'),
	(53,'ver_menu_principal_salones','Menú Principal Salones','web',6,'2019-10-16 10:12:35','2019-10-16 10:12:35'),
	(54,'list.salones','Listar Salones','web',6,'2019-10-16 10:12:35','2019-10-16 10:12:35'),
	(55,'create.salones','Registro de Salones','web',6,'2019-10-16 10:12:35','2019-10-16 10:12:35'),
	(56,'show.salones','Consultar Salones','web',6,'2019-10-16 10:12:35','2019-10-16 10:12:35'),
	(57,'update.salones','Editar Salones','web',6,'2019-10-16 10:12:35','2019-10-16 10:12:35'),
	(58,'delete.salones','Eliminar Salones','web',6,'2019-10-16 10:12:35','2019-10-16 10:12:35'),
	(59,'ver_menu_principal_reservas','Menú Principal Salones','web',7,'2019-10-16 10:12:35','2019-10-16 10:12:35'),
	(60,'list.reservas','Listar Reservas','web',7,'2019-10-16 10:12:35','2019-10-16 10:12:35'),
	(61,'create.reservas','Registro de Reservas','web',7,'2019-10-16 10:12:35','2019-10-16 10:12:35'),
	(62,'show.reservas','Consultar Reservas','web',7,'2019-10-16 10:12:35','2019-10-16 10:12:35'),
	(63,'update.reservas','Editar Reservas','web',7,'2019-10-16 10:12:35','2019-10-16 10:12:35'),
	(64,'delete.reservas','Eliminar Reservas','web',7,'2019-10-16 10:12:35','2019-10-16 10:12:35'),
	(65,'aprobar.reservas','Aprobar Reservas','web',7,'2019-10-16 10:12:35','2019-10-16 10:12:35'),
	(66,'cancelar.reservas','Cancelar Reservas','web',7,'2019-10-16 10:12:35','2019-10-16 10:12:35'),
	(67,'listado_total.reservas','Listado Total Reservas','web',7,'2019-12-05 13:22:38','2019-12-05 13:22:41'),
	(68,'actualizar_aprobadas.reservas','Editar Reservas Aprobadas ','web',7,'2019-12-05 13:22:38','2019-12-05 13:22:41');

/*!40000 ALTER TABLE `permissions` ENABLE KEYS */;
UNLOCK TABLES;


# Dump of table posicions
# ------------------------------------------------------------



# Dump of table reservas
# ------------------------------------------------------------

LOCK TABLES `reservas` WRITE;
/*!40000 ALTER TABLE `reservas` DISABLE KEYS */;

INSERT INTO `reservas` (`id`, `titulo`, `descripcion`, `fecha`, `hora_desde`, `hora_hasta`, `tipo_reserva_id`, `salon_id`, `logo_id`, `estado`, `solicitante_id`, `convocador_id`, `aprobador_id`, `empresa_id`, `mensaje`, `event_id`)
VALUES
	(1,'Presentación Sistema Zaphyrus MeetingRoom by DTE','Conferencia de Dart Language','2019-10-18','11:30:00','15:30:00',2,1,1,'aprobada',1,NULL,1,1,'Observaciones','ciibso8lqcvo1uke5c9kg5k6bk'),
	(2,'Reunión  Programadores DTE','Reunión  Programadores DTE','2019-10-18','15:40:00','17:30:00',1,1,1,'aprobada',1,NULL,NULL,1,'Reunión  Programadores DTE',NULL),
	(3,'Presentación Sistema Zaphyrus MeetingRoom by DTE','Punta Cana Dart Punta Cana','2019-10-17','16:00:00','20:30:00',1,1,1,'aprobada',1,NULL,1,1,'Punta Cana Dart Punta Cana','srdqs9602rpeino09km87t8cno'),
	(4,'Madelin\'s Reunion Cumpleaños','Madelin\'s Reunion Cumpleaños','2019-11-27','14:00:00','15:00:00',3,12,2,'aprobada',1,NULL,NULL,1,'Madelin\'s Birthday',NULL),
	(5,'Punta Cana Dart Punta Cana','Hola','2019-12-02','12:10:00','16:00:00',4,12,2,'aprobada',1,NULL,1,1,'N/A','ogi6286joeu3jflovevdrqp360'),
	(7,'Asociación Cibao de Ahorros y Prestamos / Moré & Wiese','Visita','2019-11-29','10:28:00','12:30:00',4,11,6,'cancelada',3,NULL,3,2,'Moré & Wiese','peuhjs3r5u57ujnmlfsh0q5udk'),
	(8,'Asociación Cibao de Ahorros y Prestamos / Moré & Wiese','Reunión','2019-11-29','11:30:00','13:30:00',4,11,6,'aprobada',3,NULL,3,2,'Visita','t4cstki5ndej9ffhstlfo25sf0'),
	(9,'Reunión Técnica','Reunión Técnica','2019-11-29','14:00:00','15:00:00',4,11,1,'aprobada',3,NULL,3,2,'Equipo proyectos','jh6majjglh5901ov2o157tscro'),
	(10,'Almuerzo','Almuerzo con colaboradores','2019-12-02','12:00:00','14:30:00',7,4,1,'aprobada',3,NULL,3,2,'Ningunas','46k0075uo5059clvl19ju1b2c8'),
	(16,'Momento de Lactancia','Lactancia','2019-12-02','12:30:00','13:00:00',8,5,1,'cancelada',11,NULL,NULL,2,'Lactancia',NULL),
	(17,'LACTANCIA','MOMENTO DE LACTANCIA','2019-12-03','12:30:00','13:00:00',7,5,1,'aprobada',11,NULL,11,2,'Momento de Lactancia','rsc9tflikss1edioj3dsbp5jr0'),
	(23,'Reunión equipo comercial','Reunión equipo comercial','2019-12-03','20:00:00','21:30:00',3,7,1,'cancelada',3,NULL,3,2,'ninguna','5ftvmtlgcak09ojjobeb8a4s4c'),
	(25,'Reunión equipo comercial','Reunión equipo comercial','2019-12-03','21:30:00','22:00:00',3,7,1,'aprobada',3,NULL,3,2,'ninguna','938em6ama2d3os371ndgh40l1k'),
	(26,'Ejemplo','Ejemplo','2019-12-04','17:30:00','18:00:00',20,12,2,'aprobada',7,NULL,7,1,'Bienvenidos a la reuion empresarial','aprur5ch02v0iedroq0lsmnmoo'),
	(29,'Reunión Operaciones y Logísticas','Reunión Operaciones y Logísticas','2019-12-03','21:00:00','22:30:00',3,10,1,'cancelada',3,NULL,3,2,'ninguna','5oer3fmkcdvi356s526ckhfre4'),
	(30,'Charla Motivación','Charla Motivación','2019-12-03','21:30:00','22:30:00',9,5,1,'cancelada',3,NULL,3,2,'ninguna','q769s87s9ute8jput9gqpa86kg'),
	(31,'Reunión de Proveedores','Reunion general de proveedores','2019-12-05','16:00:00','17:30:00',2,7,1,'aprobada',3,NULL,3,2,'ninguna','e3r67qllrk33akc8ume77kb63g'),
	(32,'Reunión Proyecto Inmobiliaria','Reunión Proyecto Inmobiliaria','2019-12-05','16:00:00','16:30:00',20,12,2,'aprobada',7,NULL,7,1,'N/A','pb2o2es2cmru1ja6mdcf8sf440'),
	(33,'Reunion Prueba','Configuración en los sistemas de información','2019-12-05','15:00:00','15:30:00',20,12,2,'aprobada',7,NULL,7,1,'N/A','7ue7aju2922nvpvsgvtdurk228'),
	(34,'Front-End Developer Interview','Configuración en los sistemas de información','2019-12-05','14:00:00','14:30:00',20,12,2,'aprobada',7,NULL,7,1,'N/A','4s9r78bcs7bci3pthmjffk916g'),
	(38,'Planificación y enfoque RRSS Ergotec','Planificación y enfoque RRSS Ergotec','2019-12-09','10:30:00','11:30:00',2,6,7,'aprobada',3,NULL,3,2,'ninguna','2t17c85hdelk4flvj3iiohp4sg'),
	(40,'Lactancia','Lactancia','2019-12-04','13:30:00','14:00:00',4,5,7,'aprobada',11,NULL,11,2,'Lactancia','7eqnl4dbi4o495tlhtem62no0c'),
	(41,'MOMENTO DE LACTANCIA','LACTANCIA','2019-12-05','12:30:00','13:00:00',8,5,1,'aprobada',11,NULL,11,2,'LACTANCIA','b8cp2e1v6gmjsvkgvofdt82t2c'),
	(42,'Entrega Angelito Travieso','Primera entrega de Angelito','2019-12-13','16:00:00','17:00:00',7,4,1,'aprobada',13,NULL,13,2,'Este dia estaremos entregando nuestro angelito travieso','38tbsujcb2kbk2855h7t64r9a8'),
	(43,'Capacitación Room Meeting','Capacitación Room Meeting al equipo Gerente de Cuentas y Dirección Comercial','2019-12-11','11:00:00','11:30:00',3,11,1,'aprobada',13,NULL,13,2,'Taller','u2ti8sbpbkbqtaa8eaomf27vds'),
	(44,'SUNON','SUNON PRICE LIST','2019-12-10','09:00:00','09:30:00',3,6,1,'cancelada',16,NULL,16,2,'CAPACITACION','tur699c20ucp428iabt7geov6c'),
	(45,'Reunión Augusto Penzo','Reunión Augusto Penzo','2019-12-10','10:00:00','10:30:00',10,11,1,'aprobada',13,NULL,13,2,'Reunión con el Sr. Augusto Penzo','klefbesr75sflgs63c5uadjcfo'),
	(46,'Reunión Jacinta','Fundación Rayo de Sol','2019-12-13','10:00:00','10:30:00',10,2,1,'aprobada',13,NULL,13,2,'Reunión con Jacinta de la Fundación Rayo de Sol','jctbvv9r0nm0l5vo7e2jeakus4'),
	(47,'Lactancia','Lactancia','2019-12-10','12:30:00','13:00:00',9,5,7,'aprobada',11,NULL,11,2,'Lactancia','2ai2pesq7dtfm6etvb7dgfpgmk'),
	(48,'Entrenamiento Room Meeting','Entrenamiento del programa Room Meeting','2019-12-11','15:30:00','16:00:00',3,11,1,'aprobada',13,NULL,13,2,'Entrenamiento del programa Room Meeting','07bfuc0taj7vpb09bj8igd1ro8'),
	(49,'Entrenamiento Room Meeting','Entrenamiento Programa Room Meeting','2019-12-11','16:00:00','16:30:00',3,11,1,'aprobada',13,NULL,13,2,'Entrenamiento Programa Room Meeting','520e1mm28uo7kutfgvao46jaoo'),
	(50,'LACTANCIA','LACTANCIA','2019-12-11','12:30:00','13:00:00',8,5,1,'aprobada',11,NULL,11,2,'LACTANCIA','i4t3c6i90cl0j63441m4av2e8s'),
	(51,'Reunión Inmobiliaria','Breve reunión para hablar sobre Inmobiliaria','2019-12-13','08:00:00','12:00:00',20,12,2,'aprobada',7,NULL,7,1,'N/A','n2gh4e9000ut9s3vdsmbesofuk'),
	(52,'Arq. Miguel Reyes','Validar lista de pendientes Workplace','2019-12-11','12:00:00','13:00:00',2,3,1,'aprobada',29,NULL,3,2,'ninguna','q9asolosff0sfr18f1g0m4s8lc'),
	(54,'Kick off Proyecto GBS','Entrega planos y plan de acción','2019-12-12','10:30:00','11:30:00',2,7,1,'aprobada',11,NULL,11,2,'ninguna','svtvl3vr0okgnn6mkmigvns2ao'),
	(55,'Taller Salud y Salas de estar','entrenamiento de las lineas varias','2019-12-13','09:30:00','10:00:00',3,7,1,'cancelada',28,NULL,28,2,'ninguna','jqd8jamb1rkffs9mj2eams57ks'),
	(56,'Reunión con Miguel Barletta','Reunión con Miguel Barletta','2019-12-12','11:30:00','12:00:00',10,2,1,'aprobada',13,NULL,13,2,'Ninguna','spavtbobepvcfvvp8c75nvdih8'),
	(57,'Reunión con Miguel Barletta','Reunión con Miguel Barletta','2019-12-12','11:30:00','12:00:00',10,11,1,'aprobada',13,NULL,13,2,'Ninguna','6jvnoqlbmgrf24uf5nkbefeap4'),
	(58,'Reunión Proyecto Humano','Proyecto Humano','2019-12-12','11:00:00','11:30:00',2,10,1,'aprobada',13,NULL,13,2,'Ninguna','4jg0im4v5l0roo0kfcmjqrmq6c'),
	(59,'LACTANCIA','LACTANCIA','2019-12-12','12:30:00','13:00:00',9,5,1,'aprobada',11,NULL,11,2,'LACTANCIA','uvrdo4s3l3m8sajossjlkt2970'),
	(60,'REUNION EJECUTIVA','Reunión Ejecutiva con la Presidencia','2019-12-12','16:00:00','17:00:00',2,10,1,'cancelada',10,NULL,10,2,'ninguna','t2s5nkd432v354qc984djf6ejg'),
	(61,'ARQ. MARILUZ WIESE','PROYECTO ASOC. CIBAO DE AHORROS Y PRESTAMOS','2019-12-12','11:00:00','12:30:00',10,1,8,'cancelada',21,NULL,21,2,'Refrigerio para la visita de jugo natural y unos chocolaticos y un brochure para entregar al final','6naf0r35rlg8rl59jkh16hloao'),
	(62,'Reunión con Brahim Selman','Reunión Brahim Selman','2019-12-13','11:30:00','12:00:00',10,2,1,'aprobada',13,NULL,13,2,'Ninguna','rt0o65mjf5445f5rg4l9dj63hk'),
	(63,'Entrenamiento Discurso Workplace','Discurso Workplace','2019-12-17','11:30:00','12:00:00',3,11,1,'aprobada',13,NULL,13,2,'Ninguna','0db0q8oeqq5no5qm6ov978a9pg'),
	(64,'Salud','Taller de capacitación enfocado en el area de la salud','2019-12-16','09:00:00','09:30:00',3,7,1,'aprobada',28,NULL,28,2,'Se ha pospuesto la capacitación por disponibilidad de la mayoria','be0q8rf063jjcu4akjpu1hn5kg'),
	(65,'ARQ. MARILUZ WIESE','PROYECTO ASOC. CIBAO DE AHORROS Y PRESTAMOS','2019-12-13','11:00:00','12:30:00',10,1,8,'aprobada',21,NULL,21,2,'Tener jugos y chocolates para compartir con el cliente','deg1gb9bivghhthuu7i38ugvok'),
	(66,'Lactancia','Lactancia','2019-12-16','12:30:00','13:00:00',5,5,1,'aprobada',11,NULL,11,2,'Lactancia','u4s03490c01ntvft6oohcorpbs'),
	(67,'Lactancia','Lactancia','2019-12-17','13:30:00','14:00:00',5,5,1,'aprobada',11,NULL,11,2,'Lactancia','uopgf12jnffdbi0hjqrf62hqfs'),
	(68,'Visita Padre Tomás','Visita Padre Tomás','2019-12-17','15:30:00','16:00:00',10,11,1,'aprobada',13,NULL,13,2,'Ninguna','6u2qp0r077aetvt8sradq98q38'),
	(69,'Reunión Brahim Selman','Reunión Brahim Selman','2019-12-17','16:00:00','16:30:00',10,2,1,'aprobada',13,NULL,13,2,'Ninguna','85smhdfpqbu7nlocqk9mfu9no8'),
	(70,'COTIZACION SUNON','COTIZACION SUNON','2019-12-19','09:00:00','10:30:00',3,6,1,'registrada',16,NULL,NULL,2,'CAPACITACION',NULL),
	(71,'Reunión con Salvador Lluberes','Reunión con Salvador Lluberes','2019-12-19','11:00:00','11:30:00',10,2,1,'aprobada',13,NULL,13,2,'Ninguna','0lk15bnbr6foc0v1vgu7r24o2g'),
	(72,'Lactancia','Lactancia','2019-12-18','12:30:00','13:00:00',9,5,1,'aprobada',11,NULL,11,2,'Lactancia','7fqj86h6lps49leccmojjeno20'),
	(73,'Lactancia','Lactancia','2019-12-19','13:00:00','13:30:00',6,5,1,'aprobada',11,NULL,11,2,'Lactancia','s89c59jopcu5kj3vb9efrkm5do'),
	(74,'JAS','JAS','2020-01-08','16:30:00','17:30:00',2,2,1,'cancelada',13,NULL,13,2,'Ninguna','o1dtct250h17r1ao2fo98ns4qk'),
	(75,'Jas','Jas','2020-01-09','16:00:00','17:00:00',2,2,1,'aprobada',13,NULL,13,2,'Ninguna','61pv7e2l7en7i4gt7c9gghpcm8'),
	(76,'Estrategia de Comunicación y documentación GBS','Para plantear lineamientos de comunicación general del proyecto','2020-01-09','17:00:00','17:30:00',2,6,1,'aprobada',3,NULL,3,2,'ninguna','j8lp93m69q2ko860n3tc88p2vc'),
	(77,'Salud','n/a','2020-01-10','10:00:00','10:30:00',3,7,1,'aprobada',28,NULL,28,2,'ninguna','rba16s0j15ra7rnirg0h9u4qp0'),
	(78,'Reunión con Adrianne Sanchez','Reunión de Procesos','2020-01-13','17:00:00','18:00:00',10,10,1,'aprobada',13,NULL,13,2,'Ninguna','jm4qspq2lvq5hq6i9moar5t1dg'),
	(79,'Reunión con Jeannette Sanoja y Sarah Rizek','Conocimiento de Proyecto Sanoja Rizek','2020-01-13','09:00:00','10:00:00',10,1,1,'aprobada',13,NULL,13,2,'Ninguna','vcfsbkdk35mci42s9u2hpi5ae0'),
	(80,'Propuesta 2020','Visión 2020 y definir rol de presidencia y dirección.','2020-01-14','10:00:00','11:00:00',2,2,1,'aprobada',3,NULL,3,2,'ninguna','5pn9cb6cl0e92hnfsfirci6ai4'),
	(81,'Reunión de preventa','Propuesta actualizada para oficinas de Embajada de Francia','2020-01-15','09:00:00','09:30:00',10,1,1,'aprobada',19,NULL,19,2,'presentación de propuesta modificada y terminaciones, definidas.','190hat8r4sa091pnojpr5lncos'),
	(82,'Reunion con Marcia','Ventas','2020-01-13','16:00:00','16:30:00',2,11,1,'registrada',19,NULL,NULL,2,'Reunion con gerentes de cuentas',NULL),
	(83,'Reunión con Luisa Gonzalez','Reunión de Reingeniería de Procesos','2020-01-14','17:00:00','17:30:00',10,10,1,'aprobada',13,NULL,13,2,'Ninguna','4tnr01dhmsa0p7fngllo48rnd4'),
	(84,'GBS Las Américas','Logística e instalación','2020-01-16','16:00:00','17:30:00',2,1,1,'aprobada',3,NULL,3,2,'ninguna','q0euk7bge2umud49tabidsjb3o'),
	(85,'Propuesta 2020','Visión 2020 y definir rol de Presidencia y Dirección','2020-01-14','11:00:00','12:00:00',2,2,1,'aprobada',13,NULL,13,2,'Ninguna','7s89bp4o9qrfb4ntlhbddqql2k'),
	(86,'COTIZACION DE PROPUESTAS ENFOCADAS A INSTALACION','.','2020-01-15','03:30:00','04:00:00',3,11,1,'aprobada',28,NULL,28,2,'.','29hhvsh7hse6vgvincoa2tlb40'),
	(87,'Constructora OV','Definición de mobiliario','2020-01-17','11:00:00','12:30:00',10,1,9,'aprobada',16,NULL,16,2,'Cafe, Agua','9b9b5itgvl2n498jneargr74dg'),
	(88,'REUNION EQUIPO FINANZAS','Reunion Equipo Finanzas','2020-01-17','15:00:00','15:15:00',2,6,1,'aprobada',10,NULL,10,2,'Reunion Equipo Finanzas','f5elerln38t7o20j3tu3a5hivk'),
	(89,'Reunión con Jose Luis Davila','Reunión Reingeniería de Procesos','2020-01-20','11:00:00','11:30:00',10,10,1,'aprobada',13,NULL,13,2,'Ninguna','83df6cjn6u838471d0fv3njieo'),
	(90,'Reunión con Carmen Grullón','Reunión Carmen Grullón','2020-01-24','11:00:00','11:30:00',10,2,1,'aprobada',13,NULL,13,2,'Ninguna','cv5nsj55nfm6heh3naa83o8ius'),
	(91,'Levantamiento de informacion Fase III Ergospace','Implementación de los indicadores y gestión de operaciones en Ergospace','2020-01-22','10:00:00','11:00:00',2,10,1,'aprobada',3,NULL,3,2,'ninguna','a6c9htbs9dkdqah5e4k6eoon6o'),
	(93,'Taller Ergospace','Taller Ergospace','2020-01-24','16:00:00','16:30:00',3,11,1,'aprobada',13,NULL,13,2,'Ninguna','gr8okci2kmmbifea485m20sa3s'),
	(99,'Reunión Juan Lebrón y Marie','Fiducial','2020-01-30','10:00:00','10:30:00',10,2,1,'aprobada',13,NULL,13,2,'Ninguna','sodgdef7ikp9ohm9qrv1s6rfo4'),
	(100,'Reunión Gustavo Pascal','Reunión Ejecutiva','2020-02-06','10:00:00','10:30:00',10,2,1,'aprobada',13,NULL,13,2,'Ninguna','a1dpgg7bamiavsjlo0ucnvbsdo'),
	(101,'Reunión Alejandro','Invitado Especial','2020-01-29','11:30:00','12:00:00',10,2,1,'aprobada',13,NULL,13,2,'Ninguna','8cshcj6j6ftthl9o9glcvshpcg'),
	(102,'Detalles eléctricos estaciones Proyecto GBS','Reunion con PALMAREJO para los detalles electricos de las estaciones del proyecto GBS.','2020-01-30','10:00:00','11:00:00',2,7,1,'aprobada',3,NULL,3,2,'ninguna','ijvo0jdbmfhg9gef90u8p6inlk'),
	(103,'Enfoque Redes Sociales','RRSS Feb-Jun 2020','2020-02-05','10:00:00','11:00:00',2,7,7,'aprobada',3,NULL,3,2,'ninguna','oruh580i5p46jla4fbmhc859ts'),
	(104,'Test Invitación','Prueba Calendar','2020-02-01','06:30:00','07:30:00',1,9,2,'aprobada',3,NULL,3,2,'Bienvenidos a la reuion empresarial','9uvd668bvau1shd05jb2rc6t80'),
	(105,'SUNON','SUNON','2020-02-04','10:00:00','10:45:00',3,7,10,'aprobada',16,NULL,16,2,'CAPACITACION','sqcb2je1ck5pjbo1cp2r0t41cg'),
	(106,'Cambios realizados calendario','Cambios realizados calendario','2020-01-31','04:45:00','05:00:00',3,6,2,'aprobada',3,NULL,3,2,'N/A',NULL),
	(107,'Prueba DTE','Prueba DTE','2020-01-31','20:15:00','20:30:00',2,10,2,'aprobada',3,NULL,3,2,'Cafe',NULL),
	(108,'Revision de reclamos','BANRESERVAS Y HUMANO SEGUROS','2020-02-06','10:30:00','11:30:00',2,6,1,'aprobada',3,NULL,3,2,'ninguna',NULL),
	(109,'Front-End Developer Interview','Configuración en los sistemas de información','2020-02-07','07:30:00','08:45:00',20,12,2,'aprobada',1,NULL,1,1,'N/A','7bfgh9e81jjau6fqt1i52p9048'),
	(111,'Reunión con Clara Reid','Reid & Compañia','2020-02-06','12:00:00','12:30:00',10,11,1,'aprobada',13,NULL,13,2,'Ninguna',NULL),
	(114,'Reunion Prueba','Prueba','2020-02-06','12:30:00','13:00:00',10,1,1,'aprobada',13,NULL,13,2,'Ninguna',NULL),
	(116,'PRUEBA 04','Configuración de Redes','2020-02-14','08:45:00','10:15:00',20,12,2,'aprobada',1,NULL,1,1,'N/A','13vcpng6l2ri3diavc3o470io8'),
	(117,'PRUEBA 05','Configuración en los sistemas de información','2020-02-11','10:00:00','11:45:00',20,12,2,'aprobada',1,NULL,1,1,'N/A',NULL),
	(118,'taller','taller','2020-02-06','13:00:00','14:15:00',3,5,10,'aprobada',16,NULL,16,2,'taller',NULL),
	(119,'REUNION JEANETTE','SELECCION DE MOBLIARIO RIZEK CACAO','2020-02-07','10:30:00','13:00:00',10,7,11,'aprobada',23,NULL,23,2,'Agua, cafe y semillas',NULL),
	(120,'Reactivar clientes pasivos potenciales','comunicación con clientes inactivos','2020-02-06','16:00:00','16:15:00',2,9,1,'aprobada',19,NULL,19,2,'notas para correo',NULL),
	(121,'Reunion Prueba','Prueba','2020-02-07','09:30:00','09:45:00',23,1,1,'aprobada',13,NULL,13,2,'Ninguna',NULL),
	(123,'Prueba Viernes 01','Equipos tecnológicos','2020-02-15','09:45:00','11:00:00',23,11,2,'aprobada',3,NULL,3,2,'Bienvenidos a la reuion empresarial',NULL),
	(124,'Revision programa instalacion febrero','Programacion instalacion y descargas','2020-02-10','08:30:00','09:00:00',2,1,1,'aprobada',3,NULL,3,2,'ninguna',NULL),
	(125,'PRUEBA VIERNES DTE','Equipos tecnológicos','2020-02-15','08:00:00','09:15:00',23,2,2,'aprobada',3,NULL,3,2,'N/A',NULL),
	(126,'PRUEBA VIERNES 02','Configuración en los sistemas de información','2020-02-13','08:15:00','09:00:00',23,11,2,'aprobada',3,NULL,3,2,'Bienvenidos a la reuion empresarial',NULL),
	(127,'PRUEBA VIERNES 04','Configuración en los sistemas de información','2020-02-15','07:45:00','09:00:00',23,11,2,'aprobada',3,NULL,3,2,'N/A',NULL),
	(128,'PRUEBA VIERNES 05','Configuración en los sistemas de información','2020-02-15','12:00:00','13:30:00',23,6,2,'aprobada',3,NULL,3,2,'N/A',NULL),
	(129,'JAS','Reunión JAS','2020-02-10','11:00:00','12:00:00',2,2,1,'aprobada',13,NULL,3,2,'Ninguna',NULL),
	(130,'Taller','SUNON PRECIO DE LISTA','2020-02-11','10:00:00','11:15:00',3,6,1,'registrada',16,NULL,NULL,2,'CAPACITACION',NULL),
	(131,'Reunión Esmeralda Sanchez','Reunión','2020-02-10','12:30:00','13:00:00',10,7,1,'aprobada',13,NULL,13,2,'Ninguna',NULL),
	(132,'Reunión con Pablo Portes','CEO TEXACO','2020-02-11','15:00:00','15:30:00',23,2,1,'aprobada',13,NULL,13,2,'Ninguna',NULL),
	(133,'Reunión Pablo Portes','CEO TEXACO','2020-02-11','15:00:00','15:30:00',23,1,1,'aprobada',13,NULL,13,2,'Ninguna',NULL),
	(134,'Reunión con Esmeralda Sanchez','Reunión Mercadeo','2020-02-12','17:15:00','17:45:00',10,7,1,'aprobada',13,NULL,13,2,'Ninguna',NULL),
	(135,'Reunión con Sarah Estevez','Reunión Mercadeo','2020-02-13','12:00:00','12:30:00',10,7,1,'aprobada',13,NULL,13,2,'Ninguna',NULL),
	(136,'SELECCIÓN MOBILIARIO PROYECTO CAID','SELECCIÓN MOBILIARIO PROYECTO CAID','2020-02-14','11:00:00','13:15:00',2,6,1,'aprobada',16,NULL,16,2,'SELECCIÓN MOBILIARIO PROYECTO CAID',NULL),
	(137,'Reunión','Reunión logistica','2020-02-14','13:00:00','14:00:00',2,5,1,'aprobada',21,NULL,21,2,'ninguna',NULL),
	(138,'Those Who Inspire Dominican Republic','DOMINICANOS INSPIRADORES / Virginia Cabral','2020-02-19','16:00:00','17:00:00',10,2,12,'aprobada',3,NULL,3,2,'ninguna',NULL),
	(139,'Front-End Developer Interview','Configuración en los sistemas de información','2020-02-22','08:15:00','09:45:00',23,12,2,'aprobada',1,NULL,1,1,'N/A','aqo3qmmsnofrkvhsd1sv678huc'),
	(140,'PRUEBA CALENDAR','Configuración en los sistemas de información','2020-02-22','07:30:00','08:00:00',23,12,2,'registrada',1,NULL,1,1,'N/A','v2qhi6nu0so9ja09t4buu7rp2g'),
	(141,'PRUEBA INVITACION','CALENDARIO','2020-02-23','08:00:00','09:30:00',23,11,2,'aprobada',3,NULL,1,2,'N/A','o8ueb5tot5v4sljo8p331rgltk'),
	(142,'Reunión Franklin Baez y Arelis Rodriguez','Reunión Brugal','2020-02-18','18:15:00','18:45:00',10,2,1,'aprobada',13,NULL,13,2,'Ninguna','blpocikjedtq2tu9to8d9jfptk'),
	(143,'Reunión evaluación anual','Evaluación','2020-02-17','17:00:00','17:30:00',2,2,1,'aprobada',3,NULL,3,2,'ninguna','m0jcpk1n6k34ar9tjhvab5esdk'),
	(144,'Reunión Prueba','Prueba','2020-02-18','10:00:00','10:15:00',10,2,1,'aprobada',13,NULL,13,2,'Ninguna','b0fphjmlv5ckfmepcb88bvdj48'),
	(146,'Reunión Symantel','Tema de Conexiones Eléctricas','2020-02-19','11:00:00','11:30:00',2,7,13,'aprobada',14,NULL,14,2,'Ninguna','9je579h9otu6m4at4dktmohfis'),
	(147,'Reunión con Maria Ferrando','Reunión Maria Ferrando','2020-02-19','15:00:00','15:30:00',10,10,1,'aprobada',13,NULL,13,2,'Ninguna','tq9ffhnkdv4ijcj4iem3v46mnk'),
	(148,'Reunión Bruky Mármol','Reunión Bruky Mármol','2020-02-20','10:00:00','10:30:00',10,3,1,'aprobada',13,NULL,13,2,'Ninguna','0pl3q35sh5tu4nmn3gimv52jds'),
	(149,'Reunión Michelle Urtecho','Reunión Michelle Urtecho','2020-02-20','09:15:00','09:45:00',10,11,1,'aprobada',13,NULL,13,2,'Ninguna','0sros75qnn13tmdbf74n0e9a5o'),
	(150,'Instalación BNS Call Center','Coordinar instalación BNS 120 estaciones BNS de viernes 21 al 28 de febrero','2020-02-20','11:30:00','12:45:00',2,7,1,'registrada',3,NULL,NULL,2,'Planos, conduce, instructivos.',NULL),
	(151,'Taller','Taller','2020-02-20','13:00:00','14:00:00',3,5,10,'aprobada',16,NULL,16,2,'taller','95uo8chnvm8q510i5fhvcphf9s'),
	(152,'GB GROUP  HAITI','Proyecto Texaco Edif. Haití','2020-02-21','10:00:00','11:30:00',2,5,1,'aprobada',21,NULL,21,2,'ninguna','7mupsttpkf600pg53bha34s34o'),
	(153,'Ginny Heinsen','Mostrar sillas','2020-02-21','14:45:00','15:45:00',10,1,1,'aprobada',16,NULL,16,2,'Cafe y Agua','1e32p955h4u5kspnaslmuf2ai4'),
	(154,'Reunión Nathalie Fuentes','Visita Nathalie Fuentes','2020-02-24','11:00:00','11:30:00',10,2,1,'aprobada',13,NULL,13,2,'Ninguna','n7dcb9temiqsrmvb0b933aopdk'),
	(155,'Sanoja Rizek','Determinacion de proyecto Rizek Cacao','2020-02-25','09:00:00','12:15:00',10,7,11,'aprobada',23,NULL,23,2,'Galletitas y semillas','mdfldo1t0i57i9rbdoco40brss'),
	(156,'Reunión Maggi Matos','Visita Maggi Matos','2020-02-25','11:00:00','11:30:00',10,2,1,'aprobada',13,NULL,13,2,'Ninguna','n9cmn68k7tkafflah9golaf0kg'),
	(157,'JAS','JAS','2020-02-25','11:30:00','12:30:00',2,6,1,'aprobada',13,NULL,13,2,'Ninguna','4h8lvjgomnvtfrngg6t15mi91c'),
	(158,'.','.','2020-02-25','13:00:00','13:45:00',3,5,1,'aprobada',16,NULL,16,2,'.','i9s2no7o791qe8n8u6nvphvb94'),
	(159,'Reunión Viccarbe','Reunión Viccarbe','2020-02-26','10:00:00','10:45:00',10,11,1,'aprobada',13,NULL,13,2,'Ninguna','95vjsbagr9ac5ijkhl1gvapsa8'),
	(160,'Reunión Viccarbe','Reunión Viccarbe','2020-02-26','11:00:00','11:45:00',10,11,1,'aprobada',13,NULL,13,2,'Ninguna','1dlg28hukse7gcgtk30ak7efs8'),
	(161,'REQUERIMIENTO LAM','ELABORACION DE REQUERIMIENTO','2020-02-26','11:00:00','11:15:00',2,7,1,'cancelada',19,NULL,NULL,2,'REQUERIMEINTO LAM',NULL),
	(162,'REQUERIMIENTO LAM','ESTANDARIZAR ESQUEMAS PARA REQUERIMIENTOS','2020-02-26','11:15:00','16:15:00',2,7,1,'aprobada',19,NULL,19,2,'REQUERIMIENTOS','ljg9bb0g8rnnitgq8ps5icp4p8'),
	(163,'Encuentro Guia Del Colaborador','Guia del Colaborador','2020-02-28','16:00:00','16:30:00',24,11,1,'registrada',13,NULL,NULL,2,'Ninguna',NULL),
	(164,'requerimiento','elaboración de requerimiento LAM','2020-02-28','10:00:00','17:45:00',2,7,1,'registrada',19,NULL,NULL,2,'requerimiento detallado de proyecto Laboratorios LAM',NULL),
	(165,'Proyectos APAP y ACAP','Revisión de planos y detalles de instalación','2020-02-28','10:00:00','11:30:00',2,10,1,'aprobada',3,NULL,3,2,'Planos, horarios, instalación','sdbcohcvjk37ggdujjlbmo344c'),
	(166,'Reunión Interna','Gestión Humana','2020-02-28','12:00:00','12:30:00',24,6,1,'aprobada',13,NULL,13,2,'Ninguna','q1f2d8lk0rl5m90um73lvpkebk'),
	(167,'Uso de espacio','Uso de espacio BIenestar','2020-02-28','13:00:00','14:30:00',24,5,1,'aprobada',3,NULL,3,2,'Uso de espacio','nghfr51t37afvkkrieedvhckbg'),
	(168,'Reunión Finanzas','Dynasoft','2020-03-02','09:00:00','09:45:00',10,1,1,'aprobada',13,NULL,13,2,'Ninguna','v2i1ilka5qg6u65rmh22j1u02o'),
	(169,'Implementación Navision','Nueva Versión Navision','2020-03-02','15:00:00','15:30:00',10,11,1,'aprobada',13,NULL,13,2,'Ninguna','setc0l5ae07og1lcqi3mfj7s9o'),
	(170,'BID INCIDENCIAS','Analisis de los faltantes','2020-03-02','10:00:00','10:30:00',2,7,1,'registrada',3,NULL,NULL,2,'ninguna',NULL),
	(171,'Uso de espacio','uso Salón Bienestar','2020-03-02','13:30:00','14:30:00',24,5,1,'aprobada',3,NULL,3,2,'Uso de espacio','pbfc9ksfl7duv72kllocoeo44k'),
	(172,'Equipo Dynasoft','Implementación Navision','2020-03-03','09:00:00','12:00:00',10,10,1,'aprobada',13,NULL,13,2,'Ninguna','m8518uueectepm2ubla3gv537c'),
	(173,'Reunión NFS','NFS','2020-03-03','09:15:00','10:00:00',10,7,1,'aprobada',13,NULL,13,2,'Ninguna','gqrs7old5od41cuqqpm7lvfass'),
	(174,'Equipo Dynasoft','Nueva Versión Navision','2020-03-04','09:00:00','17:00:00',10,10,1,'aprobada',13,NULL,13,2,'Ninguna','3p98tmgf7tff9doqjsvgk2dfpo'),
	(175,'Visita Lashmi Desangles','VISITA DE CONOCIMIENTO DEL WORK PLACE','2020-03-04','10:30:00','11:45:00',23,1,1,'aprobada',23,NULL,23,2,'Favor tener semillas para picar y galletitas','rln6bur360vh46fueigpquhoo0'),
	(176,'PROYECTO','DERROLLO DE PROYECTOS','2020-03-04','12:00:00','13:45:00',2,5,1,'aprobada',21,NULL,21,2,'na','pdg8gni8habbpr78hbdpnumcj0'),
	(177,'PROYECTOS','Derrallo de los proyectos','2020-03-04','12:00:00','18:00:00',2,6,1,'aprobada',17,NULL,17,2,'n/a','82cpj43sej0q1sf9revkop345s'),
	(178,'Experiencia de usuario Ergospace','Revisión de la experiencia usuario cliente','2020-03-05','11:00:00','11:45:00',2,6,2,'aprobada',3,NULL,3,2,'ninguna','cpfhoupcgg13b1h6mhiu13rp1c'),
	(179,'Microsoft Dynamics Nav modulo de Servicio','Demostracion y levantamiento de informacion para el desarrollo del modulo de Servicio','2020-03-06','08:15:00','09:00:00',2,7,14,'aprobada',3,NULL,3,2,'ninguna','b5tuhhara7opsrdrtf54te04ro'),
	(180,'Proceso de Reclutamiento','Entrevista Gestión Humana','2020-03-05','09:00:00','09:30:00',10,1,1,'aprobada',13,NULL,13,2,'Ninguna','h53vohe7u8q2ptsfm1rlnqmmlg'),
	(181,'Equipo Dynasoft','Nueva implementación Navision','2020-03-05','09:00:00','16:15:00',10,10,14,'aprobada',13,NULL,13,2,'Ninguna','1aq11fp0qdipu96p6nktg58frg'),
	(182,'Proceso de Reclutamiento','Reclutamiento','2020-03-05','09:30:00','10:15:00',10,1,1,'aprobada',13,NULL,13,2,'Ninguna','5u8ito4k4e0bp4ngmh910p0eho'),
	(183,'CONFERENCIA TELEFÓNICA','VIDEO CONFERENCIA CON DAVE PARA TRATAR EL PROYECTO GBS','2020-03-05','12:30:00','14:45:00',23,2,1,'aprobada',21,NULL,21,2,'N/A','e5boueib26esbo87hq9fm48npg'),
	(184,'Uso de espacio','uso','2020-03-05','13:30:00','14:30:00',24,5,1,'aprobada',3,NULL,3,2,'Uso de espacio','rujrhm9c3qo8265sst31lgdlpk'),
	(185,'Proceso de Reclutamiento','RRHH','2020-03-05','14:00:00','14:45:00',25,1,1,'aprobada',13,NULL,13,2,'Ninguna','et9ma7dq40tgdf10b3p23ovhu4'),
	(187,'Equipo Dynasoft','Nueva Versión Navision','2020-03-06','09:00:00','15:15:00',10,10,1,'aprobada',13,NULL,13,2,'Ninguna','mnmpjobjtk3r9r1aia7firh08k'),
	(188,'Mindfulness','Mindfulness','2020-03-06','09:30:00','10:30:00',24,11,1,'aprobada',13,NULL,13,2,'Ninguna','11lgjluhketr22f44ia6s7fje0'),
	(189,'Tema Interés / Coronavirus','Coronavirus','2020-03-06','09:00:00','09:30:00',24,11,1,'aprobada',13,NULL,13,2,'Ninguna','atp8j7c5lovm4ah78107qncdo8'),
	(190,'Proceso de Reclutamiento','RRHH','2020-03-06','12:15:00','13:00:00',25,1,1,'aprobada',13,NULL,13,2,'Ninguna','smpjb2a4t0c35laoffsckufa7c'),
	(191,'Equipo Dynasoft','Implementación nueva versión Navisión','2020-03-09','09:00:00','17:15:00',10,10,14,'aprobada',13,NULL,13,2,'Ninguna','0g18advmh39lb2nf0sipcb55ec'),
	(192,'Espacio de trabajo Mercadeo','Reservado','2020-03-09','10:00:00','12:30:00',24,6,1,'aprobada',3,NULL,3,2,'ninguna','mi2rgqrvsehd5dqobsnds46mu8'),
	(194,'Equipo Dynasoft','Implementación Nueva Versión Navisión','2020-03-10','09:00:00','17:30:00',10,10,14,'aprobada',13,NULL,13,2,'Ninguna','v65keqk1d6ufo03au9731httbk'),
	(195,'Proyectos Varios','Presentación a varios proyectos','2020-03-10','11:00:00','14:45:00',2,5,1,'aprobada',21,NULL,21,2,'N/A','cfq823682a19i431ma3ro72p8o'),
	(196,'GESTION PROYECTOS MDN','Presentacion modulo proyectos','2020-03-11','10:00:00','11:15:00',2,1,14,'aprobada',3,NULL,3,2,'ninguna','leb2qfinj60fg2l1gg9d0pbdl0'),
	(197,'Reunión detalles Tecnológicos','Planificación de Mantenimientos, y afinar detalles de tecnología.','2020-03-11','15:30:00','16:45:00',24,6,1,'aprobada',14,NULL,14,2,'Ninguna.','nbll3t2v3mk59uh81kfm9mebdc'),
	(198,'Replanteamiento de Navision','Entrenamiento Finanzas.','2020-03-11','08:30:00','18:15:00',24,7,14,'aprobada',14,NULL,14,2,'N/A','g2jt2e78rg14h5m8imba0kv0g8'),
	(199,'Elección de terminaciones','Elección de terminaciones sillas Think y BUOY','2020-03-16','15:30:00','16:45:00',23,1,1,'aprobada',16,NULL,16,2,'Agua, Cafe.','obknt33tuvhmn711plmglb05tg'),
	(200,'ACAP 2DA ETA','Revisión de propuesta por niveles','2020-03-17','09:00:00','12:45:00',2,6,1,'aprobada',21,NULL,3,2,'N/A','pkhvpb6pshkc0jv2vhm8ct3r8g');

/*!40000 ALTER TABLE `reservas` ENABLE KEYS */;
UNLOCK TABLES;


# Dump of table role_has_permissions
# ------------------------------------------------------------

LOCK TABLES `role_has_permissions` WRITE;
/*!40000 ALTER TABLE `role_has_permissions` DISABLE KEYS */;

INSERT INTO `role_has_permissions` (`permission_id`, `role_id`)
VALUES
	(1,1),
	(2,1),
	(3,1),
	(4,1),
	(5,1),
	(6,1),
	(7,1),
	(8,1),
	(9,1),
	(10,1),
	(11,1),
	(12,1),
	(13,1),
	(14,1),
	(15,1),
	(16,1),
	(17,1),
	(18,1),
	(19,1),
	(20,1),
	(21,1),
	(22,1),
	(23,1),
	(24,1),
	(25,1),
	(26,1),
	(27,1),
	(28,1),
	(29,1),
	(30,1),
	(31,1),
	(32,1),
	(33,1),
	(34,1),
	(35,1),
	(36,1),
	(37,1),
	(38,1),
	(39,1),
	(40,1),
	(41,1),
	(42,1),
	(43,1),
	(44,1),
	(45,1),
	(46,1),
	(47,1),
	(48,1),
	(49,1),
	(50,1),
	(51,1),
	(52,1),
	(53,1),
	(54,1),
	(55,1),
	(56,1),
	(57,1),
	(58,1),
	(59,1),
	(60,1),
	(61,1),
	(62,1),
	(63,1),
	(64,1),
	(65,1),
	(66,1),
	(1,2),
	(2,2),
	(3,2),
	(4,2),
	(5,2),
	(6,2),
	(7,2),
	(8,2),
	(9,2),
	(10,2),
	(11,2),
	(12,2),
	(13,2),
	(14,2),
	(27,2),
	(28,2),
	(29,2),
	(30,2),
	(31,2),
	(32,2),
	(33,2),
	(34,2),
	(35,2),
	(36,2),
	(37,2),
	(43,2),
	(44,2),
	(45,2),
	(46,2),
	(47,2),
	(48,2),
	(49,2),
	(50,2),
	(51,2),
	(52,2),
	(53,2),
	(54,2),
	(55,2),
	(56,2),
	(57,2),
	(58,2),
	(59,2),
	(60,2),
	(61,2),
	(62,2),
	(63,2),
	(64,2),
	(65,2),
	(66,2),
	(27,3),
	(33,3),
	(34,3),
	(35,3),
	(36,3),
	(37,3),
	(53,3),
	(54,3),
	(56,3),
	(59,3),
	(60,3),
	(61,3),
	(62,3),
	(63,3),
	(65,3),
	(66,3),
	(67,3),
	(68,3),
	(59,4),
	(60,4),
	(61,4),
	(62,4),
	(63,4),
	(64,4),
	(65,4),
	(66,4),
	(67,4),
	(68,4),
	(1,5),
	(2,5),
	(3,5),
	(4,5),
	(5,5),
	(6,5),
	(7,5),
	(8,5),
	(9,5),
	(10,5),
	(11,5),
	(12,5),
	(13,5),
	(14,5),
	(27,5),
	(28,5),
	(29,5),
	(30,5),
	(31,5),
	(32,5),
	(33,5),
	(34,5),
	(35,5),
	(36,5),
	(37,5),
	(38,5),
	(39,5),
	(40,5),
	(41,5),
	(42,5),
	(43,5),
	(44,5),
	(45,5),
	(46,5),
	(47,5),
	(48,5),
	(49,5),
	(50,5),
	(51,5),
	(52,5),
	(53,5),
	(54,5),
	(55,5),
	(56,5),
	(57,5),
	(58,5),
	(59,5),
	(60,5),
	(61,5),
	(62,5),
	(63,5),
	(64,5),
	(65,5),
	(66,5),
	(67,5),
	(68,5);

/*!40000 ALTER TABLE `role_has_permissions` ENABLE KEYS */;
UNLOCK TABLES;


# Dump of table roles
# ------------------------------------------------------------

LOCK TABLES `roles` WRITE;
/*!40000 ALTER TABLE `roles` DISABLE KEYS */;

INSERT INTO `roles` (`id`, `name`, `description`, `active`, `guard_name`, `empresa_id`, `created_at`, `updated_at`)
VALUES
	(1,'Super-Administrador','Administra la Plataforma','true','web',1,'2019-10-16 10:12:34','2019-10-16 10:12:34'),
	(2,'Admin Cliente','Administrador del Cliente','true','web',1,'2019-11-17 23:55:17','2019-11-17 23:55:17'),
	(3,'Admin Reservas','Aprueba Reservas','true','web',2,'2019-11-18 00:35:02','2019-11-18 00:35:02'),
	(4,'Usuario Salones','Utiliza Salones, Solicita Reservas','true','web',2,'2019-11-18 00:36:51','2019-12-05 01:38:19'),
	(5,'Admin Salones y Reservas','Administra Salones de la Empresa','true','web',2,'2019-11-18 00:38:57','2019-11-18 00:39:44');

/*!40000 ALTER TABLE `roles` ENABLE KEYS */;
UNLOCK TABLES;


# Dump of table salon_facilidades
# ------------------------------------------------------------

LOCK TABLES `salon_facilidades` WRITE;
/*!40000 ALTER TABLE `salon_facilidades` DISABLE KEYS */;

INSERT INTO `salon_facilidades` (`id`, `nombre`, `descripcion`, `path`, `tipo_facilidad`, `estado`, `salon_id`, `created_at`, `updated_at`)
VALUES
	(1,'Television','Television LG 55',NULL,'Equipos Audiovisuales',1,7,'2019-11-29 02:06:55','2019-11-29 02:06:55'),
	(2,'Salon 10','Television Samsung 43\"',NULL,'Equipos Audiovisuales',1,10,'2019-12-02 01:28:57','2019-12-02 01:28:57'),
	(3,'Television','Television Samsung 43\"',NULL,'Equipos Audiovisuales',1,6,'2019-12-03 02:15:57','2019-12-03 02:15:57'),
	(4,'TV 60\"','TV SMART SAMSUNG 60\"',NULL,'Equipos Audiovisuales',1,11,'2019-12-05 01:01:42','2019-12-05 01:01:42'),
	(5,'Nevera','Nevera vinos y bebida para clientes',NULL,'Salón con Área de Cafetería',1,11,'2019-12-05 01:03:09','2019-12-05 01:03:09');

/*!40000 ALTER TABLE `salon_facilidades` ENABLE KEYS */;
UNLOCK TABLES;


# Dump of table salones
# ------------------------------------------------------------

LOCK TABLES `salones` WRITE;
/*!40000 ALTER TABLE `salones` DISABLE KEYS */;

INSERT INTO `salones` (`id`, `nombre`, `ubicacion`, `capacidad`, `fondo_id`, `empresa_id`, `codigo`, `dispositivo`, `idioma`, `color_letra`, `created_at`, `updated_at`, `color_proximos_eventos`, `formato_hora`)
VALUES
	(1,'Salón 1 - El Estar','Al lado de la Entrada Principal, a la Derecha de la Recepción',12,25,2,'395506','22fca89397e39d51','ESP','ffffff','2019-11-18 02:49:16','2019-12-02 05:12:00','000000','horario_reunion'),
	(2,'Salón 2','Oficina No. 2',6,10,2,'541520','fe18a11c2272fada','ESP','ffffff','2019-11-18 02:42:19','2019-12-02 06:59:43','090a09','horario_reunion'),
	(3,'Salón 3','Oficina Ejecutiva No. 3',4,13,2,'095364','d05439e024767bba','ESP','ffffff','2019-10-16 16:09:01','2019-12-02 22:02:48','070a06','horario_reunion'),
	(4,'Salón 4 - La Colmena','Centro de la Empresa, Area General',10,16,2,'910568','843abcea9b65b207','ESP','ffffff','2019-11-18 02:38:10','2019-12-02 06:59:02','040504','horario_reunion'),
	(5,'Salón 5 - Bienestar','Salón No. 5 frente al área de lockers',2,23,2,'497466','b2501e96064fbc76','ESP','ffffff','2019-11-18 02:36:08','2019-12-02 06:58:45','050504','horario_reunion'),
	(6,'Salón 6','Salón No. 6, inicio pasillo área de lockers',4,20,2,'172632','e7ad8044fc997082','ESP','ffffff','2019-11-18 02:35:23','2019-12-03 02:16:09','050505','horario_reunion'),
	(7,'Salón 7','Salón Media Scape frente al Area de Ventas',10,21,2,'281822','2355492a2a6290cb','ESP','ffffff','2019-11-18 02:44:00','2019-12-02 06:57:56','040504','horario_reunion'),
	(9,'Salón 9','En el Pasillo Principal, frente al ESTAR.',4,27,2,'133425','43eaf17f9d716355','ESP','ffffff','2019-11-18 02:44:39','2019-12-02 22:04:31','070807','horario_reunion'),
	(10,'Salón 10','Salón Frente a RRHH',2,17,2,'111213','db7b1b89de571d93','ESP','ffffff','2019-11-18 02:48:23','2019-12-02 06:57:12','000000','horario_reunion'),
	(11,'Salón 11 - El Patio','Area abierta lado izquierdo de la entrada',25,12,2,'573495','d3f5b42c9ca7fdfa','ESP','ffffff','2019-11-18 02:48:23','2020-01-23 07:25:38','040504','horario_reunion'),
	(12,'Salón DTE Developer','Primer nivel',20,29,1,'602505','79c3201454f92dd4','ESP','ffffff','2019-10-16 16:10:13','2019-12-06 08:27:13','ffffff','horario_terminacion');

/*!40000 ALTER TABLE `salones` ENABLE KEYS */;
UNLOCK TABLES;


# Dump of table soportes_licencias
# ------------------------------------------------------------



# Dump of table tarjeta_codigos_empleados
# ------------------------------------------------------------



# Dump of table tipo_facilidades
# ------------------------------------------------------------

LOCK TABLES `tipo_facilidades` WRITE;
/*!40000 ALTER TABLE `tipo_facilidades` DISABLE KEYS */;

INSERT INTO `tipo_facilidades` (`id`, `nombre`, `descripcion`, `empresa_id`, `created_at`, `updated_at`)
VALUES
	(1,'Equipos Electrónicos','Equipos Electrónicos',1,'2019-10-16 16:06:59','2019-10-16 16:06:59'),
	(2,'Picaderas','Picaderas',1,'2019-10-16 16:07:24','2019-10-16 16:07:24'),
	(3,'Atril con Micrófono','Salones equipados con Atril y Micrófono para Presentadores(as)',2,'2019-11-20 00:50:40','2019-11-25 09:33:13'),
	(4,'Salón con Área de Cafetería','Salones equipados con servicios especiales de Cafetería',2,'2019-11-20 00:51:18','2019-11-25 09:32:09'),
	(5,'Dispositivos Multimedia','Equipos Multimedia para conectividad',2,'2019-11-20 00:52:39','2019-11-25 09:31:38'),
	(6,'Equipos de Impresión','Incluye Equipos de Impresión',2,'2019-11-20 00:55:04','2019-11-25 09:31:11'),
	(7,'Equipos Audiovisuales','Equipos de Tipo Audiovisual',2,'2019-11-20 00:55:35','2019-11-25 09:30:26');

/*!40000 ALTER TABLE `tipo_facilidades` ENABLE KEYS */;
UNLOCK TABLES;


# Dump of table tipo_reservas
# ------------------------------------------------------------

LOCK TABLES `tipo_reservas` WRITE;
/*!40000 ALTER TABLE `tipo_reservas` DISABLE KEYS */;

INSERT INTO `tipo_reservas` (`id`, `nombre`, `descripcion`, `empresa_id`, `created_at`, `updated_at`)
VALUES
	(1,'Reunión del Concejo de Directores','Reunión de los Accionistas de la Empresa',2,'2019-11-20 00:43:06','2019-11-20 00:43:06'),
	(2,'Reunión Ejecutiva Interna','Reunión de Ejecutivos de la Empresa a Nivel Interno',2,'2019-11-20 00:44:17','2019-11-20 00:44:17'),
	(3,'Taller de Capacitación','Reunión de Ejecutivos con el fin de realizar algún tipo de Capacitación',2,'2019-11-20 00:44:55','2019-11-20 00:44:55'),
	(4,'Reunión Promocional','Reunión para Lanzamiento de algún Producto ó Servicio',2,'2019-11-20 00:45:39','2019-11-20 00:45:39'),
	(5,'Celebración Cumpleaños','Reunión para la Celebración de Cumpleaños Personal',2,'2019-11-20 00:46:27','2019-11-20 00:46:27'),
	(6,'Comunicación Corporativa','Reunión para comunicar un anuncio de la Directiva Empresarial',2,'2019-11-20 00:47:14','2019-11-20 00:47:14'),
	(7,'Celebración Evento Especial','Celebración de cualquier otro tipo de Evento Interno',2,'2019-11-20 00:47:52','2019-11-20 00:47:52'),
	(8,'Evento de Inauguración','Reunión de celebración por Inauguración de alguna Oficina ó Sucursal ó Dependencia',2,'2019-11-20 00:49:15','2019-11-20 00:49:15'),
	(9,'Charla Motivacional','Reuniones de Tipo Motivacional para los Ejecutivos de la Organización',2,'2019-11-20 00:53:33','2019-11-20 00:53:33'),
	(10,'Invitado Especial','Reunión para recibir un Invitado Especial en la Organización',2,'2019-11-20 00:54:17','2019-11-20 00:54:17'),
	(20,'Reunión','Reunión',1,'2019-10-16 16:05:57','2019-10-16 16:05:57'),
	(21,'Cumpleaños','Cumpleaños',1,'2019-10-16 16:06:39','2019-10-16 16:06:39'),
	(22,'Conferencia','Conferencia',1,'2019-10-16 16:06:08','2019-10-16 16:06:08'),
	(23,'Reunión Cliente','Recorrido al workplace, presentación y discusión de propuesta',2,'2020-02-06 23:07:45','2020-02-06 23:07:45'),
	(24,'Reunión Interna','Reunión General con Colaboradores',2,'2020-02-26 00:39:15','2020-02-26 00:39:15'),
	(25,'Proceso de Reclutamiento','Reclutamiento',2,'2020-03-05 01:22:55','2020-03-05 01:22:55'),
	(26,'Llamada Conferencia','Conferencia',2,'2020-03-05 01:23:27','2020-03-05 01:23:27');

/*!40000 ALTER TABLE `tipo_reservas` ENABLE KEYS */;
UNLOCK TABLES;


# Dump of table users
# ------------------------------------------------------------

LOCK TABLES `users` WRITE;
/*!40000 ALTER TABLE `users` DISABLE KEYS */;

INSERT INTO `users` (`id`, `nombres`, `apellidos`, `email`, `username`, `email_verified_at`, `password`, `estado_usuario`, `empresa_id`, `remember_token`, `created_at`, `updated_at`)
VALUES
	(1,'System','Administrator','cristian.almanzar@dte-online.com','admin',NULL,'$2y$10$Tv8KC6TJ1iK39Bp0rrOAX.NE3uoRJGploqfzg4IlH2K8/2tM7qxYK','activo',1,NULL,'2019-10-16 10:12:34','2019-11-17 23:34:07'),
	(3,'Admin','Ergotec','madelin@ergotec.com.do','adminergotec',NULL,'$2y$10$V1rHebiNX/Sv.bmkmr3UQOSaZMJRD2m1DxGrYY5gUjGfyJU7PVkjK','activo',2,NULL,'2019-11-17 23:56:59','2019-11-25 08:23:49'),
	(4,'Daniel','Almanzar','cristian.almanzar@outlook.com','dalmanzar',NULL,'$2y$10$RpuT9pMBUKgrfAVRMXdgt.1TZbvTEu35KBv0LCgixTl53BvzVvKxy','activo',1,NULL,'2019-11-18 00:09:44','2019-11-18 00:30:40'),
	(6,'Marcos','Diaz','marco.antonio.diaz@dte-online.com','mdiaz',NULL,'$2y$10$tGXRzQj/g.rd.zjoCQVZYus3XdQ.OWtqBbEtWbKhCZd7b.HgT5.SK','activo',2,NULL,'2019-11-18 00:42:23','2019-11-25 08:23:16'),
	(7,'Cristian','Almanzar','cristian.almanzar@gmail.com','calmanzar',NULL,'$2y$10$gxXWtL7cGLgNj7r5wIoQUOVFCYrGo/b86TJ8u4jehGxDlK4fw25tq','activo',1,NULL,'2019-11-25 08:50:54','2019-11-25 08:50:54'),
	(8,'Nadia','Peña S','atencionacliente@ergotec.com.do','npeña',NULL,'$2y$10$FmZlp1owCkAOT1iX7b44wOQb.FfcE3jY/BAAepOHH5TssCBNl2X4C','activo',2,NULL,'2019-12-02 08:59:01','2019-12-02 08:59:01'),
	(9,'Gesabeth','Jorge','gesabeth@ergotec.com.do','gjorge',NULL,'$2y$10$9iacbjk.S9FiJCc5e23eZu3S3b8fQz0VP903mM/2JXSN7xm3s8wxi','activo',2,NULL,'2019-12-02 09:03:27','2019-12-02 09:03:27'),
	(10,'Katherine','Lapaix','costos@ergotec.com.do','klapaix',NULL,'$2y$10$SJEnmOJJerIe7DHYTSK48urUEyOZVnycFU.oJkHn3RP15qeacn8JC','activo',2,NULL,'2019-12-02 09:12:34','2019-12-02 09:12:34'),
	(11,'Aida C','Garcia','aida@ergotec.com.do','agarcia',NULL,'$2y$10$BzWA.FO1HDIVYqJcEej6g.Uv3m.6NpMzyeSMZUyUL.2SRv.0pX502','activo',2,NULL,'2019-12-02 09:13:53','2019-12-02 09:13:53'),
	(12,'Joselin','Morillo','cobros@ergotec.com.do','jmorillo',NULL,'$2y$10$uWj/LeHtP/2ylomJaN4HneLJ3NcuV9dcNt9h9NLp3F/kAArL0hlrG','activo',2,NULL,'2019-12-02 09:14:55','2019-12-02 09:14:55'),
	(13,'Ruth E.','Jimenez','gestionhumana@ergotec.com.do','rjimenez',NULL,'$2y$10$nVB0hat65e7MbBkBV/AGYucSEqVZNdHwIP/sCYw6PUJrPuHoK/bka','activo',2,NULL,'2019-12-02 09:15:52','2019-12-02 09:15:52'),
	(14,'Mayra','Jimenez','compras1@ergotec.com.do','mjimenez',NULL,'$2y$10$42VDy7nfe46H2d0GuX1I1eJrLNrXSbtsr6NDD5utv6hVrlTpwpmCe','activo',2,NULL,'2019-12-02 09:16:48','2019-12-02 09:16:48'),
	(15,'Erika','Tejeda','erika@ergotec.com.do','etejeda',NULL,'$2y$10$ujD2uoW1CofTyrPZsdSlOOHxTfB.qA0IeeB5A4NFMJdoZeNgLaPpC','activo',2,NULL,'2019-12-02 09:18:21','2019-12-02 09:18:21'),
	(16,'Anny C','Jimenez','anny@ergotec.com.do','ajimenez',NULL,'$2y$10$yzBirAzfwtqQQxs4DeDWguEyGSJGCtMW6LxXse/mB3ZSjH/6ShOju','activo',2,NULL,'2019-12-02 09:18:55','2019-12-02 09:18:55'),
	(17,'Marcia','Rincón','marcia@ergotec.com.do','mrincon',NULL,'$2y$10$ibGVkdWn2qnVgAHq1ZON6OgK0BBGX/cA4nYk5p09nzuyyrPASbGNS','activo',2,NULL,'2019-12-02 09:19:35','2019-12-02 09:19:35'),
	(18,'Ylia C.','Toribio','ylia@ergotec.com.do','ytoribio',NULL,'$2y$10$DY/hhY7U1JQGaU5v0eCxXeB8tgQvtXNV7TKPH2VGFgEK6l/Veg1sG','activo',2,NULL,'2019-12-02 09:20:27','2019-12-02 09:20:27'),
	(19,'Elaine','Genao','elaine@ergotec.com.do','egenao',NULL,'$2y$10$W7HQEV6hUGJljOI.Jb9icuw/pch97TkmRlWhUMEjF9FMRGT7gt/t6','activo',2,NULL,'2019-12-02 09:21:04','2019-12-02 09:21:04'),
	(20,'Diandra','Céspedes','diandra@ergotec.com.do','dcespedes',NULL,'$2y$10$3zj.j5biUor7y/zLqZulueiL0ZtbeOjf7wy7SrYk6UkOW/dL8a1Ai','activo',2,NULL,'2019-12-02 09:21:43','2019-12-02 09:21:43'),
	(21,'Omar E.','Contreras','omar@ergotec.com.do','ocontreras',NULL,'$2y$10$gfMHbaGLqP8td69WJ8weAeP/.G/tvmYNo5meM9jPzx21zCj43QUg6','activo',2,NULL,'2019-12-02 09:23:01','2019-12-02 09:23:01'),
	(22,'Millosi','Tejera','millosi@ergotec.com.do','mtejera',NULL,'$2y$10$3Rl.4VnF4rav/Vw/MH2NYuTEWuGph0vFISU6gMa75GY6KQX5CaA5e','activo',2,NULL,'2019-12-02 09:23:43','2019-12-02 09:23:43'),
	(23,'Fatima','Duran','fatima@ergotec.com.do','fduran',NULL,'$2y$10$BJwfDFnrXcL8GCQW8c3au.IxjYCbPXFgBmQxijZ9RoadyVyjYNnVm','activo',2,NULL,'2019-12-02 09:24:55','2019-12-02 09:24:55'),
	(24,'Alan G','García','alan@ergotec.com.do','algarcia',NULL,'$2y$10$1gva3mRRUB82eLDrG6P43.zZGVWjj9ZvtHMkI0cNi3/7048hsLDLm','activo',2,NULL,'2019-12-02 09:27:42','2019-12-02 09:27:42'),
	(25,'Raysa','Rodriguez','raysa@ergotec.com.do','rrodriguez',NULL,'$2y$10$rG5qSMe3dljaa/UBVLc08ew/6Y4sG7IhxyzOlwIJ8FbOZdHCRFawu','activo',2,NULL,'2019-12-02 09:28:59','2019-12-02 09:28:59'),
	(26,'Lorena','Rosario','diseno02@ergotec.com.do','lrosario',NULL,'$2y$10$Jn4eH9NiXijjIUPwvY2UbuZC5OuIjkR2njSXg4jfZOlzUgJ7nL2vC','activo',2,NULL,'2019-12-02 09:29:44','2019-12-02 09:29:44'),
	(27,'Massiel','Castillo','diseno04@ergotec.com.do','mcastillo',NULL,'$2y$10$Qul9NnlvChh/DQ3adg4ckuhAIIXG8pwYN5Jvm8rSFkXzEdW6YJZ3.','activo',2,NULL,'2019-12-02 09:30:24','2020-01-14 02:10:12'),
	(28,'Mavelys','Peña','diseno03@ergotec.com.do','mpeña',NULL,'$2y$10$MeuFqO78v35yWDtvZoY5XeLpbVrDuMvKlvnGNyd/4Um5zEo7Wqaxu','activo',2,NULL,'2019-12-02 09:31:27','2020-01-14 02:09:48'),
	(29,'Virginia','Cabral','virginia@ergotec.com.do','vcabral',NULL,'$2y$10$0syPhYDEQWdrkeycXL97XuW8xyMAVMSFCJlg8b44qs69FqSKwJFBK','activo',2,NULL,'2019-12-02 09:32:34','2019-12-02 09:32:34');

/*!40000 ALTER TABLE `users` ENABLE KEYS */;
UNLOCK TABLES;



/*!40111 SET SQL_NOTES=@OLD_SQL_NOTES */;
/*!40101 SET SQL_MODE=@OLD_SQL_MODE */;
/*!40014 SET FOREIGN_KEY_CHECKS=@OLD_FOREIGN_KEY_CHECKS */;
/*!40101 SET CHARACTER_SET_CLIENT=@OLD_CHARACTER_SET_CLIENT */;
/*!40101 SET CHARACTER_SET_RESULTS=@OLD_CHARACTER_SET_RESULTS */;
/*!40101 SET COLLATION_CONNECTION=@OLD_COLLATION_CONNECTION */;
