# ************************************************************
# Sequel Pro SQL dump
# Version 4541
#
# http://www.sequelpro.com/
# https://github.com/sequelpro/sequelpro
#
# Host: 160.153.74.193 (MySQL 5.6.47-cll-lve)
# Database: ticketsprojectdb
# Generation Time: 2020-06-24 16:56:13 +0000
# ************************************************************


/*!40101 SET @OLD_CHARACTER_SET_CLIENT=@@CHARACTER_SET_CLIENT */;
/*!40101 SET @OLD_CHARACTER_SET_RESULTS=@@CHARACTER_SET_RESULTS */;
/*!40101 SET @OLD_COLLATION_CONNECTION=@@COLLATION_CONNECTION */;
/*!40101 SET NAMES utf8 */;
/*!40014 SET @OLD_FOREIGN_KEY_CHECKS=@@FOREIGN_KEY_CHECKS, FOREIGN_KEY_CHECKS=0 */;
/*!40101 SET @OLD_SQL_MODE=@@SQL_MODE, SQL_MODE='NO_AUTO_VALUE_ON_ZERO' */;
/*!40111 SET @OLD_SQL_NOTES=@@SQL_NOTES, SQL_NOTES=0 */;


# Dump of table acceso_soporte
# ------------------------------------------------------------

DROP TABLE IF EXISTS `acceso_soporte`;

CREATE TABLE `acceso_soporte` (
  `id` bigint(20) unsigned NOT NULL AUTO_INCREMENT,
  `acceso_id` bigint(20) unsigned NOT NULL,
  `soporte_id` bigint(20) unsigned NOT NULL,
  `empresa_id` bigint(20) unsigned NOT NULL,
  `created_at` timestamp NULL DEFAULT NULL,
  `updated_at` timestamp NULL DEFAULT NULL,
  PRIMARY KEY (`id`)
) ENGINE=InnoDB DEFAULT CHARSET=utf8mb4 COLLATE=utf8mb4_unicode_ci;



# Dump of table archivo_inventarios
# ------------------------------------------------------------

DROP TABLE IF EXISTS `archivo_inventarios`;

CREATE TABLE `archivo_inventarios` (
  `id` bigint(20) unsigned NOT NULL AUTO_INCREMENT,
  `nombre_archivo` varchar(191) COLLATE utf8mb4_unicode_ci NOT NULL,
  `ubicacion` varchar(191) COLLATE utf8mb4_unicode_ci NOT NULL,
  `inventario_id` bigint(20) unsigned NOT NULL DEFAULT '1',
  `created_at` timestamp NULL DEFAULT NULL,
  `updated_at` timestamp NULL DEFAULT NULL,
  PRIMARY KEY (`id`)
) ENGINE=InnoDB DEFAULT CHARSET=utf8mb4 COLLATE=utf8mb4_unicode_ci;

LOCK TABLES `archivo_inventarios` WRITE;
/*!40000 ALTER TABLE `archivo_inventarios` DISABLE KEYS */;

INSERT INTO `archivo_inventarios` (`id`, `nombre_archivo`, `ubicacion`, `inventario_id`, `created_at`, `updated_at`)
VALUES
	(1,'1img-6631jpg','ArchivosInventario/1img-6631jpg.JPG',1,'2019-08-05 12:57:03','2019-08-05 12:57:03'),
	(2,'18img-6642jpg','ArchivosInventario/18img-6642jpg.jpg',18,'2019-08-06 14:43:58','2019-08-06 14:43:58'),
	(3,'18img-6641jpg','ArchivosInventario/18img-6641jpg.jpg',18,'2019-08-06 14:43:58','2019-08-06 14:43:58'),
	(4,'16img-6644jpg','ArchivosInventario/16img-6644jpg.JPG',16,'2019-08-06 14:44:51','2019-08-06 14:44:51'),
	(5,'16img-6643jpg','ArchivosInventario/16img-6643jpg.JPG',16,'2019-08-06 14:44:51','2019-08-06 14:44:51'),
	(6,'9img-6646jpg','ArchivosInventario/9img-6646jpg.JPG',9,'2019-08-06 14:45:51','2019-08-06 14:45:51'),
	(7,'9img-6645jpg','ArchivosInventario/9img-6645jpg.JPG',9,'2019-08-06 14:45:51','2019-08-06 14:45:51'),
	(8,'5img-6648jpg','ArchivosInventario/5img-6648jpg.JPG',5,'2019-08-06 14:49:16','2019-08-06 14:49:16'),
	(9,'5img-6647jpg','ArchivosInventario/5img-6647jpg.JPG',5,'2019-08-06 14:49:16','2019-08-06 14:49:16'),
	(10,'3img-6650jpgjpg','ArchivosInventario/3img-6650jpgjpg.jpg',3,'2019-08-06 14:53:22','2019-08-06 14:53:22'),
	(11,'3img-6649jpg','ArchivosInventario/3img-6649jpg.JPG',3,'2019-08-06 14:53:22','2019-08-06 14:53:22'),
	(12,'8img-6652jpg','ArchivosInventario/8img-6652jpg.JPG',8,'2019-08-06 15:08:02','2019-08-06 15:08:02'),
	(13,'8img-6651jpg','ArchivosInventario/8img-6651jpg.JPG',8,'2019-08-06 15:08:02','2019-08-06 15:08:02'),
	(14,'7img-6655jpg','ArchivosInventario/7img-6655jpg.JPG',7,'2019-08-06 15:11:27','2019-08-06 15:11:27'),
	(15,'7img-6654jpg','ArchivosInventario/7img-6654jpg.JPG',7,'2019-08-06 15:11:27','2019-08-06 15:11:27'),
	(16,'48img-6656jpg','ArchivosInventario/48img-6656jpg.JPG',48,'2019-08-06 15:28:54','2019-08-06 15:28:54'),
	(17,'50img-20190807-152227jpg','ArchivosInventario/50img-20190807-152227jpg.jpg',50,'2019-08-09 15:19:06','2019-08-09 15:19:06'),
	(18,'51img-20190807-111825jpg','ArchivosInventario/51img-20190807-111825jpg.jpg',51,'2019-08-12 10:55:14','2019-08-12 10:55:14'),
	(19,'53img-20190807-153654jpg','ArchivosInventario/53img-20190807-153654jpg.jpg',53,'2019-08-12 17:06:46','2019-08-12 17:06:46'),
	(20,'53img-20190807-153714jpg','ArchivosInventario/53img-20190807-153714jpg.jpg',53,'2019-08-12 17:06:48','2019-08-12 17:06:48'),
	(21,'53img-20190807-153723jpg','ArchivosInventario/53img-20190807-153723jpg.jpg',53,'2019-08-12 17:06:48','2019-08-12 17:06:48'),
	(22,'54img-20190806-115915jpg','ArchivosInventario/54img-20190806-115915jpg.jpg',54,'2019-08-13 10:51:50','2019-08-13 10:51:50'),
	(23,'55img-20190806-144732jpg','ArchivosInventario/55img-20190806-144732jpg.jpg',55,'2019-08-13 10:54:47','2019-08-13 10:54:47'),
	(24,'57img-20190813-110428jpg','ArchivosInventario/57img-20190813-110428jpg.jpg',57,'2019-08-13 11:13:30','2019-08-13 11:13:30'),
	(25,'56img-20190813-110428jpg','ArchivosInventario/56img-20190813-110428jpg.jpg',56,'2019-08-13 11:14:13','2019-08-13 11:14:13'),
	(26,'58img-20190813-110440jpg','ArchivosInventario/58img-20190813-110440jpg.jpg',58,'2019-08-13 11:17:51','2019-08-13 11:17:51'),
	(27,'58img-20190813-110510jpg','ArchivosInventario/58img-20190813-110510jpg.jpg',58,'2019-08-13 11:17:53','2019-08-13 11:17:53'),
	(28,'59img-20190813-110627jpg','ArchivosInventario/59img-20190813-110627jpg.jpg',59,'2019-08-13 11:26:51','2019-08-13 11:26:51'),
	(29,'59img-20190813-110706jpg','ArchivosInventario/59img-20190813-110706jpg.jpg',59,'2019-08-13 11:26:51','2019-08-13 11:26:51'),
	(30,'60img-20190806-150854jpg','ArchivosInventario/60img-20190806-150854jpg.jpg',60,'2019-08-13 11:37:51','2019-08-13 11:37:51'),
	(31,'60img-20190806-150901jpg','ArchivosInventario/60img-20190806-150901jpg.jpg',60,'2019-08-13 11:37:51','2019-08-13 11:37:51'),
	(32,'61img-20190807-093527jpg','ArchivosInventario/61img-20190807-093527jpg.jpg',61,'2019-08-13 14:02:11','2019-08-13 14:02:11'),
	(33,'62img-20190807-100105jpg','ArchivosInventario/62img-20190807-100105jpg.jpg',62,'2019-08-13 14:10:47','2019-08-13 14:10:47'),
	(34,'63img-20190807-100122jpg','ArchivosInventario/63img-20190807-100122jpg.jpg',63,'2019-08-13 14:13:26','2019-08-13 14:13:26'),
	(35,'63img-20190807-100213jpg','ArchivosInventario/63img-20190807-100213jpg.jpg',63,'2019-08-13 14:13:28','2019-08-13 14:13:28'),
	(36,'64img-20190807-100403jpg','ArchivosInventario/64img-20190807-100403jpg.jpg',64,'2019-08-13 14:17:14','2019-08-13 14:17:14'),
	(37,'64img-20190807-100424jpg','ArchivosInventario/64img-20190807-100424jpg.jpg',64,'2019-08-13 14:17:15','2019-08-13 14:17:15'),
	(38,'65img-20190807-100256jpg','ArchivosInventario/65img-20190807-100256jpg.jpg',65,'2019-08-13 14:19:12','2019-08-13 14:19:12'),
	(39,'65img-20190807-100335jpg','ArchivosInventario/65img-20190807-100335jpg.jpg',65,'2019-08-13 14:19:13','2019-08-13 14:19:13'),
	(40,'66img-20190813-142038jpg','ArchivosInventario/66img-20190813-142038jpg.jpg',66,'2019-08-13 14:30:07','2019-08-13 14:30:07'),
	(41,'66img-20190813-110627jpg','ArchivosInventario/66img-20190813-110627jpg.jpg',66,'2019-08-13 14:30:59','2019-08-13 14:30:59'),
	(42,'67img-20190813-142337jpg','ArchivosInventario/67img-20190813-142337jpg.jpg',67,'2019-08-13 14:35:18','2019-08-13 14:35:18'),
	(43,'68img-20190813-142327jpg','ArchivosInventario/68img-20190813-142327jpg.jpg',68,'2019-08-13 15:38:48','2019-08-13 15:38:48'),
	(44,'69img-20190808-154353jpg','ArchivosInventario/69img-20190808-154353jpg.jpg',69,'2019-08-13 15:41:51','2019-08-13 15:41:51'),
	(45,'69img-20190813-142156jpg','ArchivosInventario/69img-20190813-142156jpg.jpg',69,'2019-08-13 15:41:51','2019-08-13 15:41:51'),
	(46,'70img-20190807-093707jpg','ArchivosInventario/70img-20190807-093707jpg.jpg',70,'2019-08-13 15:50:43','2019-08-13 15:50:43'),
	(47,'70img-20190807-093733jpg','ArchivosInventario/70img-20190807-093733jpg.jpg',70,'2019-08-13 15:50:43','2019-08-13 15:50:43'),
	(48,'71img-20190807-094814jpg','ArchivosInventario/71img-20190807-094814jpg.jpg',71,'2019-08-13 15:56:11','2019-08-13 15:56:11'),
	(49,'71img-20190807-094847jpg','ArchivosInventario/71img-20190807-094847jpg.jpg',71,'2019-08-13 15:56:12','2019-08-13 15:56:12'),
	(50,'72img-20190808-154353jpg','ArchivosInventario/72img-20190808-154353jpg.jpg',72,'2019-08-13 15:58:45','2019-08-13 15:58:45'),
	(51,'72img-20190813-142233jpg','ArchivosInventario/72img-20190813-142233jpg.jpg',72,'2019-08-13 15:58:47','2019-08-13 15:58:47'),
	(52,'73img-20190813-142303jpg','ArchivosInventario/73img-20190813-142303jpg.jpg',73,'2019-08-13 16:02:07','2019-08-13 16:02:07'),
	(53,'74img-20190807-150205jpg','ArchivosInventario/74img-20190807-150205jpg.jpg',74,'2019-08-13 16:17:01','2019-08-13 16:17:01'),
	(54,'75img-20190813-142319jpg','ArchivosInventario/75img-20190813-142319jpg.jpg',75,'2019-08-13 16:20:50','2019-08-13 16:20:50'),
	(55,'76img-20190813-142319jpg','ArchivosInventario/76img-20190813-142319jpg.jpg',76,'2019-08-13 16:23:51','2019-08-13 16:23:51'),
	(56,'77img-20190807-151718jpg','ArchivosInventario/77img-20190807-151718jpg.jpg',77,'2019-08-13 16:27:51','2019-08-13 16:27:51'),
	(57,'77img-20190807-151738jpg','ArchivosInventario/77img-20190807-151738jpg.jpg',77,'2019-08-13 16:27:53','2019-08-13 16:27:53'),
	(58,'78img-20190807-101254jpg','ArchivosInventario/78img-20190807-101254jpg.jpg',78,'2019-08-13 16:38:17','2019-08-13 16:38:17'),
	(59,'78img-20190807-151901jpg','ArchivosInventario/78img-20190807-151901jpg.jpg',78,'2019-08-13 16:38:18','2019-08-13 16:38:18'),
	(60,'79img-20190813-142425jpg','ArchivosInventario/79img-20190813-142425jpg.jpg',79,'2019-08-13 16:44:31','2019-08-13 16:44:31'),
	(61,'80img-20190806-152000jpg','ArchivosInventario/80img-20190806-152000jpg.jpg',80,'2019-08-14 10:00:02','2019-08-14 10:00:02'),
	(62,'81img-20190814-091653jpg','ArchivosInventario/81img-20190814-091653jpg.jpg',81,'2019-08-14 10:02:04','2019-08-14 10:02:04'),
	(63,'82img-20190814-091748jpg','ArchivosInventario/82img-20190814-091748jpg.jpg',82,'2019-08-14 10:04:19','2019-08-14 10:04:19'),
	(64,'82img-20190814-091805jpg','ArchivosInventario/82img-20190814-091805jpg.jpg',82,'2019-08-14 10:04:19','2019-08-14 10:04:19'),
	(65,'83img-20190814-091612jpg','ArchivosInventario/83img-20190814-091612jpg.jpg',83,'2019-08-14 10:07:02','2019-08-14 10:07:02'),
	(66,'83img-20190814-091624jpg','ArchivosInventario/83img-20190814-091624jpg.jpg',83,'2019-08-14 10:07:02','2019-08-14 10:07:02'),
	(67,'84img-20190806-162417jpg','ArchivosInventario/84img-20190806-162417jpg.jpg',84,'2019-08-14 10:18:30','2019-08-14 10:18:30'),
	(68,'84img-20190806-162527jpg','ArchivosInventario/84img-20190806-162527jpg.jpg',84,'2019-08-14 10:18:30','2019-08-14 10:18:30'),
	(69,'85img-20190806-154138jpg','ArchivosInventario/85img-20190806-154138jpg.jpg',85,'2019-08-14 10:22:22','2019-08-14 10:22:22'),
	(70,'86img-20190814-091639jpg','ArchivosInventario/86img-20190814-091639jpg.jpg',86,'2019-08-14 10:24:16','2019-08-14 10:24:16'),
	(71,'87img-20190814-091704jpg','ArchivosInventario/87img-20190814-091704jpg.jpg',87,'2019-08-14 10:26:45','2019-08-14 10:26:45'),
	(72,'87img-20190814-091726jpg','ArchivosInventario/87img-20190814-091726jpg.jpg',87,'2019-08-14 10:26:45','2019-08-14 10:26:45'),
	(73,'88img-20190807-102807jpg','ArchivosInventario/88img-20190807-102807jpg.jpg',88,'2019-08-14 10:39:22','2019-08-14 10:39:22'),
	(74,'89img-20190814-105553jpg','ArchivosInventario/89img-20190814-105553jpg.jpg',89,'2019-08-14 11:04:27','2019-08-14 11:04:27'),
	(75,'90img-20190814-105609jpg','ArchivosInventario/90img-20190814-105609jpg.jpg',90,'2019-08-14 11:11:22','2019-08-14 11:11:22'),
	(76,'90img-20190814-105633jpg','ArchivosInventario/90img-20190814-105633jpg.jpg',90,'2019-08-14 11:11:22','2019-08-14 11:11:22'),
	(77,'91img-20190814-104513jpg','ArchivosInventario/91img-20190814-104513jpg.jpg',91,'2019-08-14 11:16:15','2019-08-14 11:16:15'),
	(78,'92img-20190814-104540jpg','ArchivosInventario/92img-20190814-104540jpg.jpg',92,'2019-08-14 11:19:56','2019-08-14 11:19:56'),
	(79,'92img-20190814-104556jpg','ArchivosInventario/92img-20190814-104556jpg.jpg',92,'2019-08-14 11:19:57','2019-08-14 11:19:57'),
	(80,'93img-20190807-105537jpg','ArchivosInventario/93img-20190807-105537jpg.jpg',93,'2019-08-14 11:25:32','2019-08-14 11:25:32'),
	(81,'94img-20190814-104231jpg','ArchivosInventario/94img-20190814-104231jpg.jpg',94,'2019-08-14 11:27:40','2019-08-14 11:27:40'),
	(82,'95img-20190814-104405jpg','ArchivosInventario/95img-20190814-104405jpg.jpg',95,'2019-08-14 11:33:44','2019-08-14 11:33:44'),
	(83,'95img-20190814-104446jpg','ArchivosInventario/95img-20190814-104446jpg.jpg',95,'2019-08-14 11:33:45','2019-08-14 11:33:45'),
	(84,'96img-20190807-103931jpg','ArchivosInventario/96img-20190807-103931jpg.jpg',96,'2019-08-14 11:38:47','2019-08-14 11:38:47'),
	(85,'97img-20190814-104125jpg','ArchivosInventario/97img-20190814-104125jpg.jpg',97,'2019-08-14 11:40:45','2019-08-14 11:40:45'),
	(86,'98img-20190814-104136jpg','ArchivosInventario/98img-20190814-104136jpg.jpg',98,'2019-08-14 11:42:48','2019-08-14 11:42:48'),
	(87,'98img-20190814-104152jpg','ArchivosInventario/98img-20190814-104152jpg.jpg',98,'2019-08-14 11:42:50','2019-08-14 11:42:50'),
	(88,'99img-20190807-113502jpg','ArchivosInventario/99img-20190807-113502jpg.jpg',99,'2019-08-14 11:48:19','2019-08-14 11:48:19'),
	(89,'100img-20190814-104024jpg','ArchivosInventario/100img-20190814-104024jpg.jpg',100,'2019-08-14 11:51:20','2019-08-14 11:51:20'),
	(90,'101img-20190807-114905jpg','ArchivosInventario/101img-20190807-114905jpg.jpg',101,'2019-08-14 11:53:49','2019-08-14 11:53:49'),
	(91,'101img-20190807-114924jpg','ArchivosInventario/101img-20190807-114924jpg.jpg',101,'2019-08-14 11:53:49','2019-08-14 11:53:49'),
	(92,'102img-20190814-104034jpg','ArchivosInventario/102img-20190814-104034jpg.jpg',102,'2019-08-14 11:58:48','2019-08-14 11:58:48'),
	(93,'102img-20190814-104053jpg','ArchivosInventario/102img-20190814-104053jpg.jpg',102,'2019-08-14 11:58:50','2019-08-14 11:58:50'),
	(94,'103img-20190807-123006jpg','ArchivosInventario/103img-20190807-123006jpg.jpg',103,'2019-08-14 12:14:35','2019-08-14 12:14:35'),
	(95,'104screenshot-1png','ArchivosInventario/104screenshot-1png.png',104,'2019-08-14 12:17:58','2019-08-14 12:17:58'),
	(96,'104screenshot-2png','ArchivosInventario/104screenshot-2png.png',104,'2019-08-14 12:17:58','2019-08-14 12:17:58'),
	(97,'105img-20190814-120055jpg','ArchivosInventario/105img-20190814-120055jpg.jpg',105,'2019-08-14 12:22:52','2019-08-14 12:22:52'),
	(98,'105img-20190814-120101jpg','ArchivosInventario/105img-20190814-120101jpg.jpg',105,'2019-08-14 12:22:53','2019-08-14 12:22:53'),
	(99,'107img-20190814-120016jpg','ArchivosInventario/107img-20190814-120016jpg.jpg',107,'2019-08-14 12:26:00','2019-08-14 12:26:00'),
	(100,'109img-20190807-121009jpg','ArchivosInventario/109img-20190807-121009jpg.jpg',109,'2019-08-14 12:30:09','2019-08-14 12:30:09'),
	(101,'111img-20190814-120234jpg','ArchivosInventario/111img-20190814-120234jpg.jpg',111,'2019-08-14 12:33:02','2019-08-14 12:33:02'),
	(102,'111img-20190814-120242jpg','ArchivosInventario/111img-20190814-120242jpg.jpg',111,'2019-08-14 12:33:04','2019-08-14 12:33:04'),
	(103,'112img-20190814-120218jpg','ArchivosInventario/112img-20190814-120218jpg.jpg',112,'2019-08-14 12:36:18','2019-08-14 12:36:18'),
	(104,'115img-20190807-115443jpg','ArchivosInventario/115img-20190807-115443jpg.jpg',115,'2019-08-14 12:39:54','2019-08-14 12:39:54'),
	(105,'116img-20190814-120339jpg','ArchivosInventario/116img-20190814-120339jpg.jpg',116,'2019-08-14 12:41:45','2019-08-14 12:41:45'),
	(106,'119img-20190814-120355jpg','ArchivosInventario/119img-20190814-120355jpg.jpg',119,'2019-08-14 12:51:18','2019-08-14 12:51:18'),
	(107,'119img-20190814-120422jpg','ArchivosInventario/119img-20190814-120422jpg.jpg',119,'2019-08-14 12:51:18','2019-08-14 12:51:18'),
	(108,'120img-20190807-140851jpg','ArchivosInventario/120img-20190807-140851jpg.jpg',120,'2019-08-14 12:54:23','2019-08-14 12:54:23'),
	(109,'121img-20190814-120456jpg','ArchivosInventario/121img-20190814-120456jpg.jpg',121,'2019-08-14 12:55:58','2019-08-14 12:55:58'),
	(110,'122img-20190814-120521jpg','ArchivosInventario/122img-20190814-120521jpg.jpg',122,'2019-08-14 12:58:06','2019-08-14 12:58:06'),
	(111,'122img-20190814-120617jpg','ArchivosInventario/122img-20190814-120617jpg.jpg',122,'2019-08-14 12:58:08','2019-08-14 12:58:08'),
	(112,'123img-20190806-163245jpg','ArchivosInventario/123img-20190806-163245jpg.jpg',123,'2019-08-14 14:48:13','2019-08-14 14:48:13'),
	(113,'124img-20190806-163654jpg','ArchivosInventario/124img-20190806-163654jpg.jpg',124,'2019-08-14 14:57:00','2019-08-14 14:57:00'),
	(114,'125img-20190807-085613jpg','ArchivosInventario/125img-20190807-085613jpg.jpg',125,'2019-08-14 14:59:44','2019-08-14 14:59:44'),
	(115,'126img-20190814-140708jpg','ArchivosInventario/126img-20190814-140708jpg.jpg',126,'2019-08-14 15:02:28','2019-08-14 15:02:28'),
	(116,'127img-20190814-140728jpg','ArchivosInventario/127img-20190814-140728jpg.jpg',127,'2019-08-14 15:08:05','2019-08-14 15:08:05'),
	(117,'127img-20190814-140744jpg','ArchivosInventario/127img-20190814-140744jpg.jpg',127,'2019-08-14 15:08:07','2019-08-14 15:08:07'),
	(118,'128img-20190814-140453jpg','ArchivosInventario/128img-20190814-140453jpg.jpg',128,'2019-08-14 15:10:00','2019-08-14 15:10:00'),
	(119,'128img-20190814-140506jpg','ArchivosInventario/128img-20190814-140506jpg.jpg',128,'2019-08-14 15:10:02','2019-08-14 15:10:02'),
	(120,'129img-20190814-161838jpg','ArchivosInventario/129img-20190814-161838jpg.jpg',129,'2019-08-14 16:20:44','2019-08-14 16:20:44'),
	(121,'130img-20190814-140600jpg','ArchivosInventario/130img-20190814-140600jpg.jpg',130,'2019-08-14 16:51:14','2019-08-14 16:51:14'),
	(122,'130img-20190814-140618jpg','ArchivosInventario/130img-20190814-140618jpg.jpg',130,'2019-08-14 16:51:14','2019-08-14 16:51:14'),
	(123,'2ruthpng','ArchivosInventario/2ruthpng.png',2,'2019-08-15 09:15:43','2019-08-15 09:15:43'),
	(124,'6yliapng','ArchivosInventario/6yliapng.png',6,'2019-08-15 09:18:15','2019-08-15 09:18:15'),
	(125,'14nadiapng','ArchivosInventario/14nadiapng.png',14,'2019-08-15 09:19:15','2019-08-15 09:19:15'),
	(126,'17elainepng','ArchivosInventario/17elainepng.png',17,'2019-08-15 09:19:51','2019-08-15 09:19:51'),
	(127,'21omarpng','ArchivosInventario/21omarpng.png',21,'2019-08-15 09:20:26','2019-08-15 09:20:26'),
	(128,'24alanpng','ArchivosInventario/24alanpng.png',24,'2019-08-15 09:20:56','2019-08-15 09:20:56'),
	(129,'131img-20190814-104643jpg','ArchivosInventario/131img-20190814-104643jpg.jpg',131,'2019-08-15 10:04:02','2019-08-15 10:04:02'),
	(130,'132img-20190814-105516jpg','ArchivosInventario/132img-20190814-105516jpg.jpg',132,'2019-08-15 10:07:11','2019-08-15 10:07:11'),
	(131,'132img-20190814-105538jpg','ArchivosInventario/132img-20190814-105538jpg.jpg',132,'2019-08-15 10:07:12','2019-08-15 10:07:12'),
	(132,'134img-20190814-140607jpg','ArchivosInventario/134img-20190814-140607jpg.jpg',134,'2019-08-15 10:40:42','2019-08-15 10:40:42'),
	(133,'134img-20190814-140633jpg','ArchivosInventario/134img-20190814-140633jpg.jpg',134,'2019-08-15 10:40:43','2019-08-15 10:40:43'),
	(134,'135img-20190814-140520jpg','ArchivosInventario/135img-20190814-140520jpg.jpg',135,'2019-08-15 10:44:26','2019-08-15 10:44:26'),
	(135,'135img-20190815-102012jpg','ArchivosInventario/135img-20190815-102012jpg.jpg',135,'2019-08-15 10:44:27','2019-08-15 10:44:27'),
	(136,'136img-20190815-103321jpg','ArchivosInventario/136img-20190815-103321jpg.jpg',136,'2019-08-15 10:58:08','2019-08-15 10:58:08'),
	(137,'137img-20190815-103151jpg','ArchivosInventario/137img-20190815-103151jpg.jpg',137,'2019-08-15 10:59:41','2019-08-15 10:59:41'),
	(138,'138img-20190815-103252jpg','ArchivosInventario/138img-20190815-103252jpg.jpg',138,'2019-08-15 11:01:39','2019-08-15 11:01:39'),
	(139,'138img-20190815-103310jpg','ArchivosInventario/138img-20190815-103310jpg.jpg',138,'2019-08-15 11:01:41','2019-08-15 11:01:41'),
	(140,'139img-20190808-123631jpg','ArchivosInventario/139img-20190808-123631jpg.jpg',139,'2019-08-15 11:11:38','2019-08-15 11:11:38'),
	(141,'140img-20190808-123754jpg','ArchivosInventario/140img-20190808-123754jpg.jpg',140,'2019-08-15 11:20:34','2019-08-15 11:20:34'),
	(142,'140img-20190808-123810jpg','ArchivosInventario/140img-20190808-123810jpg.jpg',140,'2019-08-15 11:20:36','2019-08-15 11:20:36'),
	(143,'141img-20190815-102128jpg','ArchivosInventario/141img-20190815-102128jpg.jpg',141,'2019-08-15 11:23:33','2019-08-15 11:23:33'),
	(144,'142img-20190808-123716jpg','ArchivosInventario/142img-20190808-123716jpg.jpg',142,'2019-08-15 11:26:20','2019-08-15 11:26:20'),
	(145,'142img-20190808-123728jpg','ArchivosInventario/142img-20190808-123728jpg.jpg',142,'2019-08-15 11:26:22','2019-08-15 11:26:22'),
	(146,'143img-20190808-154321jpg','ArchivosInventario/143img-20190808-154321jpg.jpg',143,'2019-08-15 11:40:27','2019-08-15 11:40:27'),
	(147,'144img-20190815-113433jpg','ArchivosInventario/144img-20190815-113433jpg.jpg',144,'2019-08-15 11:43:56','2019-08-15 11:43:56'),
	(148,'145img-20190808-154353jpg','ArchivosInventario/145img-20190808-154353jpg.jpg',145,'2019-08-15 11:48:10','2019-08-15 11:48:10'),
	(149,'145img-20190815-113515jpg','ArchivosInventario/145img-20190815-113515jpg.jpg',145,'2019-08-15 11:48:13','2019-08-15 11:48:13'),
	(150,'146img-20190807-155356jpg','ArchivosInventario/146img-20190807-155356jpg.jpg',146,'2019-08-15 12:01:18','2019-08-15 12:01:18'),
	(151,'146img-20190807-155426jpg','ArchivosInventario/146img-20190807-155426jpg.jpg',146,'2019-08-15 12:01:19','2019-08-15 12:01:19'),
	(152,'147img-20190815-113615jpg','ArchivosInventario/147img-20190815-113615jpg.jpg',147,'2019-08-15 12:10:52','2019-08-15 12:10:52'),
	(153,'148img-20190815-113545jpg','ArchivosInventario/148img-20190815-113545jpg.jpg',148,'2019-08-15 12:14:13','2019-08-15 12:14:13'),
	(154,'149img-20190807-155511jpg','ArchivosInventario/149img-20190807-155511jpg.jpg',149,'2019-08-15 12:18:01','2019-08-15 12:18:01'),
	(155,'149img-20190807-155643jpg','ArchivosInventario/149img-20190807-155643jpg.jpg',149,'2019-08-15 12:18:02','2019-08-15 12:18:02'),
	(156,'150img-20190815-113625jpg','ArchivosInventario/150img-20190815-113625jpg.jpg',150,'2019-08-15 12:20:18','2019-08-15 12:20:18'),
	(157,'150img-20190815-113705jpg','ArchivosInventario/150img-20190815-113705jpg.jpg',150,'2019-08-15 12:20:18','2019-08-15 12:20:18'),
	(158,'151img-20190807-160433jpg','ArchivosInventario/151img-20190807-160433jpg.jpg',151,'2019-08-15 12:23:18','2019-08-15 12:23:18'),
	(159,'152img-20190815-123108jpg','ArchivosInventario/152img-20190815-123108jpg.jpg',152,'2019-08-15 14:05:37','2019-08-15 14:05:37'),
	(160,'153img-20190815-123200jpg','ArchivosInventario/153img-20190815-123200jpg.jpg',153,'2019-08-15 14:07:39','2019-08-15 14:07:39'),
	(161,'153img-20190815-123217jpg','ArchivosInventario/153img-20190815-123217jpg.jpg',153,'2019-08-15 14:07:41','2019-08-15 14:07:41'),
	(162,'154img-20190807-163413jpg','ArchivosInventario/154img-20190807-163413jpg.jpg',154,'2019-08-15 14:13:06','2019-08-15 14:13:06'),
	(163,'155img-20190815-123124jpg','ArchivosInventario/155img-20190815-123124jpg.jpg',155,'2019-08-15 14:16:38','2019-08-15 14:16:38'),
	(164,'157img-20190809-085006jpg','ArchivosInventario/157img-20190809-085006jpg.jpg',157,'2019-08-19 09:30:35','2019-08-19 09:30:35'),
	(165,'160img-20190807-101047jpg','ArchivosInventario/160img-20190807-101047jpg.jpg',160,'2019-08-20 14:43:57','2019-08-20 14:43:57'),
	(166,'160img-20190820-085720jpg','ArchivosInventario/160img-20190820-085720jpg.jpg',160,'2019-08-20 14:43:58','2019-08-20 14:43:58'),
	(167,'161img-20190807-155838jpg','ArchivosInventario/161img-20190807-155838jpg.jpg',161,'2019-08-20 14:46:56','2019-08-20 14:46:56'),
	(168,'161img-20190820-085258jpg','ArchivosInventario/161img-20190820-085258jpg.jpg',161,'2019-08-20 14:46:58','2019-08-20 14:46:58'),
	(169,'162img-20190807-143221jpg','ArchivosInventario/162img-20190807-143221jpg.jpg',162,'2019-08-20 14:50:18','2019-08-20 14:50:18'),
	(170,'162img-20190807-143231jpg','ArchivosInventario/162img-20190807-143231jpg.jpg',162,'2019-08-20 14:50:18','2019-08-20 14:50:18'),
	(171,'163img-20190807-155911jpg','ArchivosInventario/163img-20190807-155911jpg.jpg',163,'2019-08-20 14:55:51','2019-08-20 14:55:51'),
	(172,'163img-20190807-155947jpg','ArchivosInventario/163img-20190807-155947jpg.jpg',163,'2019-08-20 14:55:52','2019-08-20 14:55:52'),
	(173,'164img-20190807-160044jpg','ArchivosInventario/164img-20190807-160044jpg.jpg',164,'2019-08-20 15:04:00','2019-08-20 15:04:00'),
	(174,'164img-20190807-160108jpg','ArchivosInventario/164img-20190807-160108jpg.jpg',164,'2019-08-20 15:04:01','2019-08-20 15:04:01'),
	(175,'165img-20190820-143501jpg','ArchivosInventario/165img-20190820-143501jpg.jpg',165,'2019-08-21 09:22:21','2019-08-21 09:22:21'),
	(176,'165img-20190820-143526jpg','ArchivosInventario/165img-20190820-143526jpg.jpg',165,'2019-08-21 09:22:22','2019-08-21 09:22:22'),
	(177,'166img-20190820-152548jpg','ArchivosInventario/166img-20190820-152548jpg.jpg',166,'2019-08-21 09:28:32','2019-08-21 09:28:32'),
	(178,'166img-20190820-160146jpg','ArchivosInventario/166img-20190820-160146jpg.jpg',166,'2019-08-21 09:28:32','2019-08-21 09:28:32'),
	(179,'167img-20190820-160146jpg','ArchivosInventario/167img-20190820-160146jpg.jpg',167,'2019-08-21 09:31:51','2019-08-21 09:31:51'),
	(180,'168img-20190820-153114jpg','ArchivosInventario/168img-20190820-153114jpg.jpg',168,'2019-08-21 09:34:32','2019-08-21 09:34:32'),
	(181,'168img-20190820-153118jpg','ArchivosInventario/168img-20190820-153118jpg.jpg',168,'2019-08-21 09:34:33','2019-08-21 09:34:33'),
	(182,'169img-20190808-152642jpg','ArchivosInventario/169img-20190808-152642jpg.jpg',169,'2019-08-21 11:17:38','2019-08-21 11:17:38'),
	(183,'170img-20190808-152023jpg','ArchivosInventario/170img-20190808-152023jpg.jpg',170,'2019-08-21 11:40:40','2019-08-21 11:40:40'),
	(184,'171img-20190808-153039jpg','ArchivosInventario/171img-20190808-153039jpg.jpg',171,'2019-08-21 11:43:20','2019-08-21 11:43:20'),
	(185,'172img-20190808-162024jpg','ArchivosInventario/172img-20190808-162024jpg.jpg',172,'2019-08-21 11:47:41','2019-08-21 11:47:41'),
	(186,'173img-20190808-125910jpg','ArchivosInventario/173img-20190808-125910jpg.jpg',173,'2019-08-21 11:51:10','2019-08-21 11:51:10'),
	(187,'174img-20190808-162856jpg','ArchivosInventario/174img-20190808-162856jpg.jpg',174,'2019-08-21 12:01:07','2019-08-21 12:01:07'),
	(188,'175img-20190808-164317jpg','ArchivosInventario/175img-20190808-164317jpg.jpg',175,'2019-08-21 12:04:14','2019-08-21 12:04:14'),
	(189,'176img-20190808-164328jpg','ArchivosInventario/176img-20190808-164328jpg.jpg',176,'2019-08-21 12:06:11','2019-08-21 12:06:11'),
	(192,'99katherine-rosario-cibere-pc-belarcpdf','ArchivosInventario/99katherine-rosario-cibere-pc-belarcpdf.pdf',99,'2019-08-21 16:47:24','2019-08-21 16:47:24'),
	(193,'50wendy-alba-d-ejecutiva-pc-belarcpdf','ArchivosInventario/50wendy-alba-d-ejecutiva-pc-belarcpdf.pdf',50,'2019-08-21 16:49:12','2019-08-21 16:49:12'),
	(194,'51mirna-guillen-proyectos-pc-belarcpdf','ArchivosInventario/51mirna-guillen-proyectos-pc-belarcpdf.pdf',51,'2019-08-21 16:50:33','2019-08-21 16:50:33'),
	(195,'54elianny-pion-belarcpdf','ArchivosInventario/54elianny-pion-belarcpdf.pdf',54,'2019-08-21 16:52:07','2019-08-21 16:52:07'),
	(196,'55elianny-pion-pc-2-belarcpdf','ArchivosInventario/55elianny-pion-pc-2-belarcpdf.pdf',55,'2019-08-21 16:52:37','2019-08-21 16:52:37'),
	(197,'61wendy-tejeda-cont-pc-belarcpdf','ArchivosInventario/61wendy-tejeda-cont-pc-belarcpdf.pdf',61,'2019-08-21 16:54:13','2019-08-21 16:54:13'),
	(198,'62yanet-hernandez-cont-pc-belarcpdf','ArchivosInventario/62yanet-hernandez-cont-pc-belarcpdf.pdf',62,'2019-08-21 16:54:44','2019-08-21 16:54:44'),
	(199,'70petronila-estevez-cont-pc-belarcpdf','ArchivosInventario/70petronila-estevez-cont-pc-belarcpdf.pdf',70,'2019-08-21 16:55:45','2019-08-21 16:55:45'),
	(200,'74edwin-urbaez-cont-pc-belarcpdf','ArchivosInventario/74edwin-urbaez-cont-pc-belarcpdf.pdf',74,'2019-08-21 16:56:41','2019-08-21 16:56:41'),
	(201,'80luz-payan-pc-belarcpdf','ArchivosInventario/80luz-payan-pc-belarcpdf.pdf',80,'2019-08-21 16:57:28','2019-08-21 16:57:28'),
	(202,'85egrullon-ventas-pc-belarcpdf','ArchivosInventario/85egrullon-ventas-pc-belarcpdf.pdf',85,'2019-08-21 16:59:16','2019-08-21 16:59:16'),
	(203,'88ana-carrero-proyectos-pc-belarcpdf','ArchivosInventario/88ana-carrero-proyectos-pc-belarcpdf.pdf',88,'2019-08-21 17:00:12','2019-08-21 17:00:12'),
	(204,'93yeuvy-encarnacion-proyectos-pc-belarcpdf','ArchivosInventario/93yeuvy-encarnacion-proyectos-pc-belarcpdf.pdf',93,'2019-08-21 17:01:44','2019-08-21 17:01:44'),
	(205,'96nathaly-desena-proyectos-pc-belarcpdf','ArchivosInventario/96nathaly-desena-proyectos-pc-belarcpdf.pdf',96,'2019-08-22 09:21:51','2019-08-22 09:21:51'),
	(206,'103ana-castillo-cibere-pc-belarcpdf','ArchivosInventario/103ana-castillo-cibere-pc-belarcpdf.pdf',103,'2019-08-22 09:23:03','2019-08-22 09:23:03'),
	(207,'109yerky-hernandez-cibere-pc-belarcpdf','ArchivosInventario/109yerky-hernandez-cibere-pc-belarcpdf.pdf',109,'2019-08-22 09:23:41','2019-08-22 09:23:41'),
	(208,'115laura-jorge-cibere-pc-belarcpdf','ArchivosInventario/115laura-jorge-cibere-pc-belarcpdf.pdf',115,'2019-08-22 09:24:12','2019-08-22 09:24:12'),
	(209,'120frenly-de-jesus-cibere-pc-belarcpdf','ArchivosInventario/120frenly-de-jesus-cibere-pc-belarcpdf.pdf',120,'2019-08-22 09:24:40','2019-08-22 09:24:40'),
	(210,'124laptop-monitoreo-y-ebalucion-pc-belarcpdf','ArchivosInventario/124laptop-monitoreo-y-ebalucion-pc-belarcpdf.pdf',124,'2019-08-22 09:26:24','2019-08-22 09:26:24'),
	(211,'123dell-sin-asignacion-monitoreo-y-ebalucion-pc-belarcpdf','ArchivosInventario/123dell-sin-asignacion-monitoreo-y-ebalucion-pc-belarcpdf.pdf',123,'2019-08-22 09:26:51','2019-08-22 09:26:51'),
	(212,'125gregory-quezada-monitoreo-y-ebalucion-pc-belarcpdf','ArchivosInventario/125gregory-quezada-monitoreo-y-ebalucion-pc-belarcpdf.pdf',125,'2019-08-22 09:27:19','2019-08-22 09:27:19'),
	(213,'129ramon-pereyra-pc-belarcpdf','ArchivosInventario/129ramon-pereyra-pc-belarcpdf.pdf',129,'2019-08-22 09:28:04','2019-08-22 09:28:04'),
	(214,'131pamela-fauda-ispirion-15-3000-pc-belarcpdf','ArchivosInventario/131pamela-fauda-ispirion-15-3000-pc-belarcpdf.pdf',131,'2019-08-22 09:28:48','2019-08-22 09:28:48'),
	(215,'136mirari-silva-axil-rrhh-pc-belarcpdf','ArchivosInventario/136mirari-silva-axil-rrhh-pc-belarcpdf.pdf',136,'2019-08-22 09:29:35','2019-08-22 09:29:35'),
	(216,'139denny-paredes-rr-hh-pc-belarcpdf','ArchivosInventario/139denny-paredes-rr-hh-pc-belarcpdf.pdf',139,'2019-08-22 09:30:05','2019-08-22 09:30:05'),
	(217,'143katherine-de-los-santos-adm-pc-belarcpdf','ArchivosInventario/143katherine-de-los-santos-adm-pc-belarcpdf.pdf',143,'2019-08-22 09:30:45','2019-08-22 09:30:45'),
	(218,'147adabel-jimenez-adm-pc-belarcpdf','ArchivosInventario/147adabel-jimenez-adm-pc-belarcpdf.pdf',147,'2019-08-22 09:31:17','2019-08-22 09:31:17'),
	(219,'151victor-encarnacion-chofer-pc-belarcpdf','ArchivosInventario/151victor-encarnacion-chofer-pc-belarcpdf.pdf',151,'2019-08-22 09:32:38','2019-08-22 09:32:38'),
	(220,'154victor-encarnacion-chofer-pc2-belarcpdf','ArchivosInventario/154victor-encarnacion-chofer-pc2-belarcpdf.pdf',154,'2019-08-22 09:33:11','2019-08-22 09:33:11'),
	(221,'156img-20190808-125910jpg','ArchivosInventario/156img-20190808-125910jpg.jpg',156,'2019-08-22 09:35:46','2019-08-22 09:35:46'),
	(222,'156archivo-ispirion-n5110-pc-belarcpdf','ArchivosInventario/156archivo-ispirion-n5110-pc-belarcpdf.pdf',156,'2019-08-22 09:36:52','2019-08-22 09:36:52'),
	(223,'157data-server-pc-belarcpdf','ArchivosInventario/157data-server-pc-belarcpdf.pdf',157,'2019-08-22 09:37:36','2019-08-22 09:37:36'),
	(224,'166katerine-rosario-2-computer-profilepdf','ArchivosInventario/166katerine-rosario-2-computer-profilepdf.pdf',166,'2019-08-22 09:38:24','2019-08-22 09:38:24'),
	(225,'169archivo-opitlex-7010-pc-belarcpdf','ArchivosInventario/169archivo-opitlex-7010-pc-belarcpdf.pdf',169,'2019-08-22 09:39:29','2019-08-22 09:39:29'),
	(226,'170archivo-latitude-5480-pc-belarcpdf','ArchivosInventario/170archivo-latitude-5480-pc-belarcpdf.pdf',170,'2019-08-22 09:40:05','2019-08-22 09:40:05'),
	(227,'171archivo-ispirion-15-3000-pc-belarcpdf','ArchivosInventario/171archivo-ispirion-15-3000-pc-belarcpdf.pdf',171,'2019-08-22 09:42:06','2019-08-22 09:42:06'),
	(228,'172archivo-hp-pavilion-pc-belarcpdf','ArchivosInventario/172archivo-hp-pavilion-pc-belarcpdf.pdf',172,'2019-08-22 09:43:00','2019-08-22 09:43:00'),
	(229,'173archivo-inspirio-4321-pc-belarcpdf','ArchivosInventario/173archivo-inspirio-4321-pc-belarcpdf.pdf',173,'2019-08-22 09:44:01','2019-08-22 09:44:01'),
	(230,'175archivo-latitude-3590-pc-belarcpdf','ArchivosInventario/175archivo-latitude-3590-pc-belarcpdf.pdf',175,'2019-08-22 09:45:37','2019-08-22 09:45:37'),
	(231,'176archivo-latitude-3590-p2-pc-belarcpdf','ArchivosInventario/176archivo-latitude-3590-p2-pc-belarcpdf.pdf',176,'2019-08-22 09:46:03','2019-08-22 09:46:03'),
	(233,'178img-20190821-153559jpg','ArchivosInventario/178img-20190821-153559jpg.jpg',178,'2019-08-22 11:13:02','2019-08-22 11:13:02'),
	(234,'178img-20190821-155208jpg','ArchivosInventario/178img-20190821-155208jpg.jpg',178,'2019-08-22 11:13:03','2019-08-22 11:13:03'),
	(235,'179img-20190809-090209jpg','ArchivosInventario/179img-20190809-090209jpg.jpg',179,'2019-08-22 14:20:44','2019-08-22 14:20:44'),
	(236,'179img-20190809-090235jpg','ArchivosInventario/179img-20190809-090235jpg.jpg',179,'2019-08-22 14:20:46','2019-08-22 14:20:46'),
	(237,'180img-20190809-090449jpg','ArchivosInventario/180img-20190809-090449jpg.jpg',180,'2019-08-22 14:23:09','2019-08-22 14:23:09'),
	(238,'181img-20190809-090333jpg','ArchivosInventario/181img-20190809-090333jpg.jpg',181,'2019-08-22 14:26:22','2019-08-22 14:26:22'),
	(239,'181img-20190809-090351jpg','ArchivosInventario/181img-20190809-090351jpg.jpg',181,'2019-08-22 14:26:24','2019-08-22 14:26:24'),
	(240,'181img-20190819-165710jpg','ArchivosInventario/181img-20190819-165710jpg.jpg',181,'2019-08-22 14:26:25','2019-08-22 14:26:25'),
	(241,'181img-20190819-165726jpg','ArchivosInventario/181img-20190819-165726jpg.jpg',181,'2019-08-22 14:26:28','2019-08-22 14:26:28'),
	(242,'182img-20190809-085537jpg','ArchivosInventario/182img-20190809-085537jpg.jpg',182,'2019-08-22 15:15:03','2019-08-22 15:15:03'),
	(243,'182img-20190809-085559jpg','ArchivosInventario/182img-20190809-085559jpg.jpg',182,'2019-08-22 15:15:03','2019-08-22 15:15:03'),
	(244,'183img-20190813-110605jpg','ArchivosInventario/183img-20190813-110605jpg.jpg',183,'2019-08-22 15:30:07','2019-08-22 15:30:07'),
	(245,'183img-20190813-110756jpg','ArchivosInventario/183img-20190813-110756jpg.jpg',183,'2019-08-22 15:30:09','2019-08-22 15:30:09'),
	(246,'184img-20190807-143150jpg','ArchivosInventario/184img-20190807-143150jpg.jpg',184,'2019-08-22 15:34:57','2019-08-22 15:34:57'),
	(247,'184img-20190807-143247jpg','ArchivosInventario/184img-20190807-143247jpg.jpg',184,'2019-08-22 15:34:59','2019-08-22 15:34:59'),
	(248,'185img-20190807-090945jpg','ArchivosInventario/185img-20190807-090945jpg.jpg',185,'2019-08-22 15:43:51','2019-08-22 15:43:51'),
	(249,'185img-20190807-090955jpg','ArchivosInventario/185img-20190807-090955jpg.jpg',185,'2019-08-22 15:43:53','2019-08-22 15:43:53'),
	(250,'186img-20190808-154404jpg','ArchivosInventario/186img-20190808-154404jpg.jpg',186,'2019-08-22 16:07:59','2019-08-22 16:07:59'),
	(251,'186img-20190822-155451jpg','ArchivosInventario/186img-20190822-155451jpg.jpg',186,'2019-08-22 16:08:01','2019-08-22 16:08:01'),
	(252,'187img-20190823-100045jpg','ArchivosInventario/187img-20190823-100045jpg.jpg',187,'2019-08-23 13:51:03','2019-08-23 13:51:03'),
	(253,'187img-20190823-100053jpg','ArchivosInventario/187img-20190823-100053jpg.jpg',187,'2019-08-23 13:51:05','2019-08-23 13:51:05'),
	(254,'187yeralbis-almacen-optiplex-3010-pc-belarcpdf','ArchivosInventario/187yeralbis-almacen-optiplex-3010-pc-belarcpdf.pdf',187,'2019-08-23 13:52:02','2019-08-23 13:52:02'),
	(255,'188img-20190823-105250jpg','ArchivosInventario/188img-20190823-105250jpg.jpg',188,'2019-08-23 13:54:07','2019-08-23 13:54:07'),
	(256,'189img-20190823-095750jpg','ArchivosInventario/189img-20190823-095750jpg.jpg',189,'2019-08-23 13:56:28','2019-08-23 13:56:28'),
	(257,'189img-20190823-095808jpg','ArchivosInventario/189img-20190823-095808jpg.jpg',189,'2019-08-23 13:56:28','2019-08-23 13:56:28'),
	(258,'190img-20190823-100109jpg','ArchivosInventario/190img-20190823-100109jpg.jpg',190,'2019-08-23 14:00:21','2019-08-23 14:00:21'),
	(259,'190img-20190823-100127jpg','ArchivosInventario/190img-20190823-100127jpg.jpg',190,'2019-08-23 14:00:23','2019-08-23 14:00:23'),
	(260,'191img-20190823-095717jpg','ArchivosInventario/191img-20190823-095717jpg.jpg',191,'2019-08-23 14:04:05','2019-08-23 14:04:05'),
	(261,'191img-20190823-095729jpg','ArchivosInventario/191img-20190823-095729jpg.jpg',191,'2019-08-23 14:04:07','2019-08-23 14:04:07'),
	(262,'192img-20190823-095832jpg','ArchivosInventario/192img-20190823-095832jpg.jpg',192,'2019-08-23 14:09:28','2019-08-23 14:09:28'),
	(263,'192img-20190823-095859jpg','ArchivosInventario/192img-20190823-095859jpg.jpg',192,'2019-08-23 14:09:28','2019-08-23 14:09:28'),
	(264,'193img-20190823-100010jpg','ArchivosInventario/193img-20190823-100010jpg.jpg',193,'2019-08-23 14:12:06','2019-08-23 14:12:06'),
	(265,'193img-20190823-100028jpg','ArchivosInventario/193img-20190823-100028jpg.jpg',193,'2019-08-23 14:12:08','2019-08-23 14:12:08'),
	(266,'194img-20190823-100235jpg','ArchivosInventario/194img-20190823-100235jpg.jpg',194,'2019-08-23 14:15:09','2019-08-23 14:15:09'),
	(267,'194img-20190823-100246jpg','ArchivosInventario/194img-20190823-100246jpg.jpg',194,'2019-08-23 14:15:09','2019-08-23 14:15:09'),
	(268,'195img-20190823-100347jpg','ArchivosInventario/195img-20190823-100347jpg.jpg',195,'2019-08-23 14:19:08','2019-08-23 14:19:08'),
	(269,'195img-20190823-100405jpg','ArchivosInventario/195img-20190823-100405jpg.jpg',195,'2019-08-23 14:19:10','2019-08-23 14:19:10'),
	(270,'196img-20190823-100426jpg','ArchivosInventario/196img-20190823-100426jpg.jpg',196,'2019-08-23 14:27:17','2019-08-23 14:27:17'),
	(271,'196img-20190823-100442jpg','ArchivosInventario/196img-20190823-100442jpg.jpg',196,'2019-08-23 14:27:19','2019-08-23 14:27:19'),
	(272,'197img-20190823-100200jpg','ArchivosInventario/197img-20190823-100200jpg.jpg',197,'2019-08-23 14:31:45','2019-08-23 14:31:45'),
	(273,'197img-20190823-100219jpg','ArchivosInventario/197img-20190823-100219jpg.jpg',197,'2019-08-23 14:31:48','2019-08-23 14:31:48'),
	(274,'198img-20190823-110705jpg','ArchivosInventario/198img-20190823-110705jpg.jpg',198,'2019-08-23 14:35:45','2019-08-23 14:35:45'),
	(275,'133img-20190815-101955jpg','ArchivosInventario/133img-20190815-101955jpg.jpg',133,'2019-08-26 10:39:18','2019-08-26 10:39:18'),
	(276,'11raysapng','ArchivosInventario/11raysapng.png',11,'2019-08-26 10:43:29','2019-08-26 10:43:29'),
	(277,'12mavelyspng','ArchivosInventario/12mavelyspng.png',12,'2019-08-26 10:44:56','2019-08-26 10:44:56'),
	(278,'13lorenapng','ArchivosInventario/13lorenapng.png',13,'2019-08-26 10:45:25','2019-08-26 10:45:25'),
	(279,'15massielpng','ArchivosInventario/15massielpng.png',15,'2019-08-26 10:45:58','2019-08-26 10:45:58'),
	(280,'19diandrapng','ArchivosInventario/19diandrapng.png',19,'2019-08-26 10:47:13','2019-08-26 10:47:13'),
	(281,'22fatimapng','ArchivosInventario/22fatimapng.png',22,'2019-08-26 10:47:50','2019-08-26 10:47:50'),
	(282,'4marciapng','ArchivosInventario/4marciapng.png',4,'2019-08-26 10:52:41','2019-08-26 10:52:41'),
	(283,'396img-20190829-143204jpg','ArchivosInventario/396img-20190829-143204jpg.jpg',396,'2019-09-03 10:31:44','2019-09-03 10:31:44'),
	(284,'397img-20190829-143219jpg','ArchivosInventario/397img-20190829-143219jpg.jpg',397,'2019-09-03 11:17:35','2019-09-03 11:17:35'),
	(285,'398img-20190829-143258jpg','ArchivosInventario/398img-20190829-143258jpg.jpg',398,'2019-09-03 11:21:51','2019-09-03 11:21:51'),
	(286,'398img-20190829-143319jpg','ArchivosInventario/398img-20190829-143319jpg.jpg',398,'2019-09-03 11:21:53','2019-09-03 11:21:53'),
	(287,'401img-20190905-113002jpg','ArchivosInventario/401img-20190905-113002jpg.jpg',401,'2019-09-10 09:38:51','2019-09-10 09:38:51'),
	(288,'401screen-shot-2019-09-05-at-114946-ampng','ArchivosInventario/401screen-shot-2019-09-05-at-114946-ampng.png',401,'2019-09-10 09:38:51','2019-09-10 09:38:51'),
	(289,'401screen-shot-2019-09-05-at-115143-ampng','ArchivosInventario/401screen-shot-2019-09-05-at-115143-ampng.png',401,'2019-09-10 09:38:51','2019-09-10 09:38:51'),
	(290,'401screen-shot-2019-09-05-at-115213-ampng','ArchivosInventario/401screen-shot-2019-09-05-at-115213-ampng.png',401,'2019-09-10 09:38:51','2019-09-10 09:38:51'),
	(291,'401screen-shot-2019-09-05-at-115229-ampng','ArchivosInventario/401screen-shot-2019-09-05-at-115229-ampng.png',401,'2019-09-10 09:38:52','2019-09-10 09:38:52'),
	(292,'402img-20190905-114909jpg','ArchivosInventario/402img-20190905-114909jpg.jpg',402,'2019-09-10 09:44:29','2019-09-10 09:44:29'),
	(293,'402screenshot-1jpg','ArchivosInventario/402screenshot-1jpg.jpg',402,'2019-09-10 09:44:29','2019-09-10 09:44:29'),
	(294,'402screenshot-2jpg','ArchivosInventario/402screenshot-2jpg.jpg',402,'2019-09-10 09:44:29','2019-09-10 09:44:29'),
	(295,'402screenshot-3jpg','ArchivosInventario/402screenshot-3jpg.jpg',402,'2019-09-10 09:44:29','2019-09-10 09:44:29'),
	(296,'402screenshot-6jpg','ArchivosInventario/402screenshot-6jpg.jpg',402,'2019-09-10 09:44:29','2019-09-10 09:44:29'),
	(297,'403img-20190905-113627jpg','ArchivosInventario/403img-20190905-113627jpg.jpg',403,'2019-09-10 10:09:01','2019-09-10 10:09:01'),
	(298,'403screen-shot-2019-09-05-at-113306-ampng','ArchivosInventario/403screen-shot-2019-09-05-at-113306-ampng.png',403,'2019-09-10 10:09:01','2019-09-10 10:09:01'),
	(299,'403screen-shot-2019-09-05-at-113332-ampng','ArchivosInventario/403screen-shot-2019-09-05-at-113332-ampng.png',403,'2019-09-10 10:09:01','2019-09-10 10:09:01'),
	(300,'403screen-shot-2019-09-05-at-113355-ampng','ArchivosInventario/403screen-shot-2019-09-05-at-113355-ampng.png',403,'2019-09-10 10:09:01','2019-09-10 10:09:01'),
	(301,'403screen-shot-2019-09-05-at-113431-ampng','ArchivosInventario/403screen-shot-2019-09-05-at-113431-ampng.png',403,'2019-09-10 10:09:01','2019-09-10 10:09:01'),
	(302,'403screen-shot-2019-09-05-at-113505-ampng','ArchivosInventario/403screen-shot-2019-09-05-at-113505-ampng.png',403,'2019-09-10 10:09:01','2019-09-10 10:09:01'),
	(303,'404img-20190905-101415jpg','ArchivosInventario/404img-20190905-101415jpg.jpg',404,'2019-09-10 10:16:51','2019-09-10 10:16:51'),
	(304,'404screen-shot-2019-09-05-at-105122-ampng','ArchivosInventario/404screen-shot-2019-09-05-at-105122-ampng.png',404,'2019-09-10 10:16:51','2019-09-10 10:16:51'),
	(305,'404screen-shot-2019-09-05-at-105219-ampng','ArchivosInventario/404screen-shot-2019-09-05-at-105219-ampng.png',404,'2019-09-10 10:16:51','2019-09-10 10:16:51'),
	(306,'404screenshot-1jpg','ArchivosInventario/404screenshot-1jpg.jpg',404,'2019-09-10 10:16:51','2019-09-10 10:16:51'),
	(307,'404screenshot-4jpg','ArchivosInventario/404screenshot-4jpg.jpg',404,'2019-09-10 10:16:51','2019-09-10 10:16:51'),
	(308,'406img-20190905-121702jpg','ArchivosInventario/406img-20190905-121702jpg.jpg',406,'2019-09-10 10:33:49','2019-09-10 10:33:49'),
	(309,'406screen-shot-2019-09-05-at-121302-pmpng','ArchivosInventario/406screen-shot-2019-09-05-at-121302-pmpng.png',406,'2019-09-10 10:33:49','2019-09-10 10:33:49'),
	(310,'406screen-shot-2019-09-05-at-121322-pmpng','ArchivosInventario/406screen-shot-2019-09-05-at-121322-pmpng.png',406,'2019-09-10 10:33:49','2019-09-10 10:33:49'),
	(311,'406screen-shot-2019-09-05-at-121350-pmpng','ArchivosInventario/406screen-shot-2019-09-05-at-121350-pmpng.png',406,'2019-09-10 10:33:49','2019-09-10 10:33:49'),
	(312,'406screen-shot-2019-09-05-at-121431-pmpng','ArchivosInventario/406screen-shot-2019-09-05-at-121431-pmpng.png',406,'2019-09-10 10:33:49','2019-09-10 10:33:49'),
	(313,'406screen-shot-2019-09-05-at-121446-pmpng','ArchivosInventario/406screen-shot-2019-09-05-at-121446-pmpng.png',406,'2019-09-10 10:33:49','2019-09-10 10:33:49'),
	(314,'407img-20190905-110742jpg','ArchivosInventario/407img-20190905-110742jpg.jpg',407,'2019-09-10 10:45:17','2019-09-10 10:45:17'),
	(315,'407screenshot-1jpg','ArchivosInventario/407screenshot-1jpg.jpg',407,'2019-09-10 10:45:17','2019-09-10 10:45:17'),
	(316,'407screenshot-2jpg','ArchivosInventario/407screenshot-2jpg.jpg',407,'2019-09-10 10:45:17','2019-09-10 10:45:17'),
	(317,'407screenshot-3jpg','ArchivosInventario/407screenshot-3jpg.jpg',407,'2019-09-10 10:45:17','2019-09-10 10:45:17'),
	(318,'407screenshot-4jpg','ArchivosInventario/407screenshot-4jpg.jpg',407,'2019-09-10 10:45:17','2019-09-10 10:45:17'),
	(319,'407screenshot-5jpg','ArchivosInventario/407screenshot-5jpg.jpg',407,'2019-09-10 10:45:17','2019-09-10 10:45:17'),
	(320,'408carilina-2019-09-05-a-las-110108-a-mpng','ArchivosInventario/408carilina-2019-09-05-a-las-110108-a-mpng.png',408,'2019-09-10 10:49:00','2019-09-10 10:49:00'),
	(321,'408carolina-2019-09-05-a-las-110149-a-mpng','ArchivosInventario/408carolina-2019-09-05-a-las-110149-a-mpng.png',408,'2019-09-10 10:49:00','2019-09-10 10:49:00'),
	(322,'408carolina-2019-09-05-a-las-110313-a-mpng','ArchivosInventario/408carolina-2019-09-05-a-las-110313-a-mpng.png',408,'2019-09-10 10:49:01','2019-09-10 10:49:01'),
	(323,'408carolina-pantalla-2019-09-05-a-las-110227-a-mpng','ArchivosInventario/408carolina-pantalla-2019-09-05-a-las-110227-a-mpng.png',408,'2019-09-10 10:49:01','2019-09-10 10:49:01'),
	(324,'408img-20190905-105705jpg','ArchivosInventario/408img-20190905-105705jpg.jpg',408,'2019-09-10 10:49:01','2019-09-10 10:49:01'),
	(325,'408img-20190905-110500jpg','ArchivosInventario/408img-20190905-110500jpg.jpg',408,'2019-09-10 10:49:03','2019-09-10 10:49:03'),
	(326,'409img-20190905-100714jpg','ArchivosInventario/409img-20190905-100714jpg.jpg',409,'2019-09-10 11:37:38','2019-09-10 11:37:38'),
	(327,'409screen-shot-2019-09-09-at-20139-pmpng','ArchivosInventario/409screen-shot-2019-09-09-at-20139-pmpng.png',409,'2019-09-10 11:40:18','2019-09-10 11:40:18'),
	(328,'409screen-shot-2019-09-09-at-20203-pmpng','ArchivosInventario/409screen-shot-2019-09-09-at-20203-pmpng.png',409,'2019-09-10 11:40:18','2019-09-10 11:40:18'),
	(329,'409screen-shot-2019-09-09-at-20243-pmpng','ArchivosInventario/409screen-shot-2019-09-09-at-20243-pmpng.png',409,'2019-09-10 11:40:18','2019-09-10 11:40:18'),
	(330,'409screen-shot-2019-09-09-at-20258-pmpng','ArchivosInventario/409screen-shot-2019-09-09-at-20258-pmpng.png',409,'2019-09-10 11:40:18','2019-09-10 11:40:18'),
	(331,'410img-20190904-141708jpg','ArchivosInventario/410img-20190904-141708jpg.jpg',410,'2019-09-10 11:50:36','2019-09-10 11:50:36'),
	(332,'410img-20190904-143343jpg','ArchivosInventario/410img-20190904-143343jpg.jpg',410,'2019-09-10 11:50:38','2019-09-10 11:50:38'),
	(333,'410laptop-eira-caceres-cuentas-belarcpdf','ArchivosInventario/410laptop-eira-caceres-cuentas-belarcpdf.pdf',410,'2019-09-10 11:51:54','2019-09-10 11:51:54'),
	(334,'411img-20190904-143456jpg','ArchivosInventario/411img-20190904-143456jpg.jpg',411,'2019-09-10 12:00:51','2019-09-10 12:00:51'),
	(335,'411img-20190904-143513jpg','ArchivosInventario/411img-20190904-143513jpg.jpg',411,'2019-09-10 12:00:53','2019-09-10 12:00:53'),
	(336,'412img-20190904-173527jpg','ArchivosInventario/412img-20190904-173527jpg.jpg',412,'2019-09-10 12:08:27','2019-09-10 12:08:27'),
	(337,'412img-20190904-173553jpg','ArchivosInventario/412img-20190904-173553jpg.jpg',412,'2019-09-10 12:08:29','2019-09-10 12:08:29'),
	(338,'413img-20190905-093536jpg','ArchivosInventario/413img-20190905-093536jpg.jpg',413,'2019-09-10 12:16:41','2019-09-10 12:16:41'),
	(339,'413luz-taveras-cuentas-belarcpdf','ArchivosInventario/413luz-taveras-cuentas-belarcpdf.pdf',413,'2019-09-10 12:18:35','2019-09-10 12:18:35'),
	(340,'414yeidemy-luzon-almacen-belarcpdf','ArchivosInventario/414yeidemy-luzon-almacen-belarcpdf.pdf',414,'2019-09-10 12:25:12','2019-09-10 12:25:12'),
	(341,'414img-20190905-095023jpg','ArchivosInventario/414img-20190905-095023jpg.jpg',414,'2019-09-10 12:26:51','2019-09-10 12:26:51'),
	(342,'415img-20190906-101341jpg','ArchivosInventario/415img-20190906-101341jpg.jpg',415,'2019-09-10 16:07:56','2019-09-10 16:07:56'),
	(343,'415img-20190906-101417jpg','ArchivosInventario/415img-20190906-101417jpg.jpg',415,'2019-09-10 16:07:57','2019-09-10 16:07:57'),
	(344,'415sachi-sone-laptop-hp-cuentas-belarcpdf','ArchivosInventario/415sachi-sone-laptop-hp-cuentas-belarcpdf.pdf',415,'2019-09-10 16:10:09','2019-09-10 16:10:09'),
	(345,'416sandra-belarcpdf','ArchivosInventario/416sandra-belarcpdf.pdf',416,'2019-09-10 16:13:03','2019-09-10 16:13:03'),
	(346,'416img-20190906-170442jpg','ArchivosInventario/416img-20190906-170442jpg.jpg',416,'2019-09-10 16:15:24','2019-09-10 16:15:24'),
	(347,'417img-20190906-172026jpg','ArchivosInventario/417img-20190906-172026jpg.jpg',417,'2019-09-10 16:20:47','2019-09-10 16:20:47'),
	(348,'418img-20190904-164343jpg','ArchivosInventario/418img-20190904-164343jpg.jpg',418,'2019-09-10 16:24:55','2019-09-10 16:24:55'),
	(349,'419img-20190904-162928jpg','ArchivosInventario/419img-20190904-162928jpg.jpg',419,'2019-09-10 16:29:38','2019-09-10 16:29:38'),
	(350,'420img-20190904-170241jpg','ArchivosInventario/420img-20190904-170241jpg.jpg',420,'2019-09-10 16:34:26','2019-09-10 16:34:26'),
	(351,'421img-20190906-120721jpg','ArchivosInventario/421img-20190906-120721jpg.jpg',421,'2019-09-10 16:39:27','2019-09-10 16:39:27'),
	(352,'419marianni-lara-destopk-7040-conta-belarcpdf','ArchivosInventario/419marianni-lara-destopk-7040-conta-belarcpdf.pdf',419,'2019-09-10 16:48:52','2019-09-10 16:48:52'),
	(353,'420gabriela-coronado-destopk-9020-conta-belarcpdf','ArchivosInventario/420gabriela-coronado-destopk-9020-conta-belarcpdf.pdf',420,'2019-09-10 16:49:43','2019-09-10 16:49:43'),
	(354,'421migdalia-ast-administrativo-belarcpdf','ArchivosInventario/421migdalia-ast-administrativo-belarcpdf.pdf',421,'2019-09-10 16:57:36','2019-09-10 16:57:36'),
	(355,'422maria-martinez-ast-administrativo-belarcpdf','ArchivosInventario/422maria-martinez-ast-administrativo-belarcpdf.pdf',422,'2019-09-10 17:00:00','2019-09-10 17:00:00'),
	(356,'422img-20190906-145214jpg','ArchivosInventario/422img-20190906-145214jpg.jpg',422,'2019-09-10 17:04:34','2019-09-10 17:04:34'),
	(357,'423img-20190909-100852jpg','ArchivosInventario/423img-20190909-100852jpg.jpg',423,'2019-09-10 17:08:15','2019-09-10 17:08:15'),
	(358,'423gerente-general-computer-profilepdf','ArchivosInventario/423gerente-general-computer-profilepdf.pdf',423,'2019-09-10 17:09:10','2019-09-10 17:09:10'),
	(359,'424karen-d-oleo-recepcion-belarcpdf','ArchivosInventario/424karen-d-oleo-recepcion-belarcpdf.pdf',424,'2019-09-10 17:14:38','2019-09-10 17:14:38'),
	(360,'424img-20190906-114556jpg','ArchivosInventario/424img-20190906-114556jpg.jpg',424,'2019-09-10 17:15:34','2019-09-10 17:15:34'),
	(361,'425img-20190905-093604jpg','ArchivosInventario/425img-20190905-093604jpg.jpg',425,'2019-09-11 10:03:12','2019-09-11 10:03:12'),
	(362,'425img-20190905-093612jpg','ArchivosInventario/425img-20190905-093612jpg.jpg',425,'2019-09-11 10:03:14','2019-09-11 10:03:14'),
	(363,'426img-20190905-093551jpg','ArchivosInventario/426img-20190905-093551jpg.jpg',426,'2019-09-11 10:06:03','2019-09-11 10:06:03'),
	(364,'427img-20190905-095051jpg','ArchivosInventario/427img-20190905-095051jpg.jpg',427,'2019-09-11 10:08:52','2019-09-11 10:08:52'),
	(365,'428img-20190905-095029jpg','ArchivosInventario/428img-20190905-095029jpg.jpg',428,'2019-09-11 10:12:04','2019-09-11 10:12:04'),
	(366,'428img-20190905-095037jpg','ArchivosInventario/428img-20190905-095037jpg.jpg',428,'2019-09-11 10:12:06','2019-09-11 10:12:06'),
	(367,'429img-20190906-170511jpg','ArchivosInventario/429img-20190906-170511jpg.jpg',429,'2019-09-11 10:17:53','2019-09-11 10:17:53'),
	(368,'430img-20190906-170816jpg','ArchivosInventario/430img-20190906-170816jpg.jpg',430,'2019-09-11 10:24:58','2019-09-11 10:24:58'),
	(369,'431img-20190906-171012jpg','ArchivosInventario/431img-20190906-171012jpg.jpg',431,'2019-09-11 10:28:44','2019-09-11 10:28:44'),
	(370,'432img-20190906-172046jpg','ArchivosInventario/432img-20190906-172046jpg.jpg',432,'2019-09-11 10:31:02','2019-09-11 10:31:02'),
	(371,'433img-20190906-172034jpg','ArchivosInventario/433img-20190906-172034jpg.jpg',433,'2019-09-11 10:34:28','2019-09-11 10:34:28'),
	(372,'433img-20190906-172041jpg','ArchivosInventario/433img-20190906-172041jpg.jpg',433,'2019-09-11 10:34:30','2019-09-11 10:34:30'),
	(373,'434img-20190904-164400jpg','ArchivosInventario/434img-20190904-164400jpg.jpg',434,'2019-09-11 10:37:42','2019-09-11 10:37:42'),
	(374,'435img-20190904-164738jpg','ArchivosInventario/435img-20190904-164738jpg.jpg',435,'2019-09-11 10:44:55','2019-09-11 10:44:55'),
	(375,'435img-20190904-164842jpg','ArchivosInventario/435img-20190904-164842jpg.jpg',435,'2019-09-11 10:44:57','2019-09-11 10:44:57'),
	(376,'436img-20190904-170105jpg','ArchivosInventario/436img-20190904-170105jpg.jpg',436,'2019-09-11 10:50:27','2019-09-11 10:50:27'),
	(377,'436img-20190904-170131jpg','ArchivosInventario/436img-20190904-170131jpg.jpg',436,'2019-09-11 10:50:29','2019-09-11 10:50:29'),
	(378,'437img-20190904-170156jpg','ArchivosInventario/437img-20190904-170156jpg.jpg',437,'2019-09-11 10:55:07','2019-09-11 10:55:07'),
	(379,'437img-20190904-170219jpg','ArchivosInventario/437img-20190904-170219jpg.jpg',437,'2019-09-11 10:55:09','2019-09-11 10:55:09'),
	(380,'438img-20190904-164409jpg','ArchivosInventario/438img-20190904-164409jpg.jpg',438,'2019-09-11 10:58:41','2019-09-11 10:58:41'),
	(381,'438img-20190904-164440jpg','ArchivosInventario/438img-20190904-164440jpg.jpg',438,'2019-09-11 10:58:41','2019-09-11 10:58:41'),
	(382,'439img-20190904-163035jpg','ArchivosInventario/439img-20190904-163035jpg.jpg',439,'2019-09-11 11:01:11','2019-09-11 11:01:11'),
	(383,'440img-20190904-162944jpg','ArchivosInventario/440img-20190904-162944jpg.jpg',440,'2019-09-11 11:06:51','2019-09-11 11:06:51'),
	(384,'440img-20190904-162952jpg','ArchivosInventario/440img-20190904-162952jpg.jpg',440,'2019-09-11 11:06:52','2019-09-11 11:06:52'),
	(385,'441img-20190904-170325jpg','ArchivosInventario/441img-20190904-170325jpg.jpg',441,'2019-09-11 11:09:51','2019-09-11 11:09:51'),
	(386,'442img-20190909-100840jpg','ArchivosInventario/442img-20190909-100840jpg.jpg',442,'2019-09-11 11:12:56','2019-09-11 11:12:56'),
	(387,'442img-20190909-100845jpg','ArchivosInventario/442img-20190909-100845jpg.jpg',442,'2019-09-11 11:12:58','2019-09-11 11:12:58'),
	(388,'443img-20190906-120815jpg','ArchivosInventario/443img-20190906-120815jpg.jpg',443,'2019-09-11 11:31:28','2019-09-11 11:31:28'),
	(389,'444img-20190906-120937jpg','ArchivosInventario/444img-20190906-120937jpg.jpg',444,'2019-09-11 11:38:01','2019-09-11 11:38:01'),
	(390,'444img-20190906-121054jpg','ArchivosInventario/444img-20190906-121054jpg.jpg',444,'2019-09-11 11:38:02','2019-09-11 11:38:02'),
	(391,'445img-20190906-145356jpg','ArchivosInventario/445img-20190906-145356jpg.jpg',445,'2019-09-11 11:42:24','2019-09-11 11:42:24'),
	(392,'446img-20190906-145334jpg','ArchivosInventario/446img-20190906-145334jpg.jpg',446,'2019-09-11 11:46:19','2019-09-11 11:46:19'),
	(393,'446img-20190906-145341jpg','ArchivosInventario/446img-20190906-145341jpg.jpg',446,'2019-09-11 11:46:21','2019-09-11 11:46:21'),
	(394,'447img-20190906-145229jpg','ArchivosInventario/447img-20190906-145229jpg.jpg',447,'2019-09-11 11:50:29','2019-09-11 11:50:29'),
	(395,'447img-20190906-145251jpg','ArchivosInventario/447img-20190906-145251jpg.jpg',447,'2019-09-11 11:50:29','2019-09-11 11:50:29'),
	(396,'448img-20190906-114546jpg','ArchivosInventario/448img-20190906-114546jpg.jpg',448,'2019-09-11 11:59:53','2019-09-11 11:59:53'),
	(397,'449img-20190906-114621jpg','ArchivosInventario/449img-20190906-114621jpg.jpg',449,'2019-09-11 12:04:05','2019-09-11 12:04:05'),
	(398,'449img-20190906-114626jpg','ArchivosInventario/449img-20190906-114626jpg.jpg',449,'2019-09-11 12:04:07','2019-09-11 12:04:07'),
	(399,'450img-20190906-112959jpg','ArchivosInventario/450img-20190906-112959jpg.jpg',450,'2019-09-11 12:10:34','2019-09-11 12:10:34'),
	(400,'450img-20190906-113337jpg','ArchivosInventario/450img-20190906-113337jpg.jpg',450,'2019-09-11 12:10:36','2019-09-11 12:10:36'),
	(401,'451img-20190906-113534jpg','ArchivosInventario/451img-20190906-113534jpg.jpg',451,'2019-09-11 12:23:47','2019-09-11 12:23:47'),
	(402,'451img-20190906-113708jpg','ArchivosInventario/451img-20190906-113708jpg.jpg',451,'2019-09-11 12:23:49','2019-09-11 12:23:49'),
	(403,'452img-20190905-112249jpg','ArchivosInventario/452img-20190905-112249jpg.jpg',452,'2019-09-11 12:31:12','2019-09-11 12:31:12'),
	(404,'452img-20190905-112306jpg','ArchivosInventario/452img-20190905-112306jpg.jpg',452,'2019-09-11 12:31:14','2019-09-11 12:31:14'),
	(405,'453img-20190905-112321jpg','ArchivosInventario/453img-20190905-112321jpg.jpg',453,'2019-09-11 12:52:40','2019-09-11 12:52:40'),
	(406,'453img-20190905-112341jpg','ArchivosInventario/453img-20190905-112341jpg.jpg',453,'2019-09-11 12:52:42','2019-09-11 12:52:42'),
	(407,'454img-20190905-121713jpg','ArchivosInventario/454img-20190905-121713jpg.jpg',454,'2019-09-11 12:56:42','2019-09-11 12:56:42'),
	(408,'454img-20190905-121759jpg','ArchivosInventario/454img-20190905-121759jpg.jpg',454,'2019-09-11 12:56:42','2019-09-11 12:56:42'),
	(409,'456img-20190911-142615jpg','ArchivosInventario/456img-20190911-142615jpg.jpg',456,'2019-09-11 14:29:47','2019-09-11 14:29:47'),
	(410,'458img-20190911-143450jpg','ArchivosInventario/458img-20190911-143450jpg.jpg',458,'2019-09-11 14:36:15','2019-09-11 14:36:15'),
	(411,'460img-20190911-144157jpg','ArchivosInventario/460img-20190911-144157jpg.jpg',460,'2019-09-11 14:43:50','2019-09-11 14:43:50'),
	(412,'462img-20190911-145037jpg','ArchivosInventario/462img-20190911-145037jpg.jpg',462,'2019-09-11 14:56:15','2019-09-11 14:56:15'),
	(413,'464img-20190911-145131jpg','ArchivosInventario/464img-20190911-145131jpg.jpg',464,'2019-09-11 15:04:21','2019-09-11 15:04:21'),
	(414,'466img-20190911-150820jpg','ArchivosInventario/466img-20190911-150820jpg.jpg',466,'2019-09-11 15:11:48','2019-09-11 15:11:48'),
	(415,'470img-20190911-152345jpg','ArchivosInventario/470img-20190911-152345jpg.jpg',470,'2019-09-11 15:26:33','2019-09-11 15:26:33'),
	(416,'472img-20190911-153047jpg','ArchivosInventario/472img-20190911-153047jpg.jpg',472,'2019-09-11 15:32:56','2019-09-11 15:32:56'),
	(417,'476img-20190911-155156jpg','ArchivosInventario/476img-20190911-155156jpg.jpg',476,'2019-09-11 15:53:43','2019-09-11 15:53:43'),
	(418,'478img-20190911-160107jpg','ArchivosInventario/478img-20190911-160107jpg.jpg',478,'2019-09-11 16:02:16','2019-09-11 16:02:16'),
	(419,'482img-20190912-091316jpg','ArchivosInventario/482img-20190912-091316jpg.jpg',482,'2019-09-12 10:49:38','2019-09-12 10:49:38'),
	(420,'482img-20190912-091329jpg','ArchivosInventario/482img-20190912-091329jpg.jpg',482,'2019-09-12 10:49:40','2019-09-12 10:49:40'),
	(421,'484img-20190912-091342jpg','ArchivosInventario/484img-20190912-091342jpg.jpg',484,'2019-09-12 11:01:41','2019-09-12 11:01:41'),
	(422,'487cisco50jpg','ArchivosInventario/487cisco50jpg.jpg',487,'2019-09-12 11:18:02','2019-09-12 11:18:02'),
	(423,'487img-20190912-091750jpg','ArchivosInventario/487img-20190912-091750jpg.jpg',487,'2019-09-12 11:18:02','2019-09-12 11:18:02'),
	(424,'488img-20190912-091817jpg','ArchivosInventario/488img-20190912-091817jpg.jpg',488,'2019-09-12 11:20:43','2019-09-12 11:20:43'),
	(425,'488img-20190912-091833jpg','ArchivosInventario/488img-20190912-091833jpg.jpg',488,'2019-09-12 11:20:45','2019-09-12 11:20:45'),
	(426,'489img-20190912-091200jpg','ArchivosInventario/489img-20190912-091200jpg.jpg',489,'2019-09-12 11:26:08','2019-09-12 11:26:08'),
	(427,'489img-20190912-091236jpg','ArchivosInventario/489img-20190912-091236jpg.jpg',489,'2019-09-12 11:26:09','2019-09-12 11:26:09'),
	(428,'490img-20190912-091005jpg','ArchivosInventario/490img-20190912-091005jpg.jpg',490,'2019-09-12 11:31:27','2019-09-12 11:31:27'),
	(429,'490img-20190912-091029jpg','ArchivosInventario/490img-20190912-091029jpg.jpg',490,'2019-09-12 11:31:28','2019-09-12 11:31:28'),
	(430,'491img-20190904-112802jpg','ArchivosInventario/491img-20190904-112802jpg.jpg',491,'2019-09-12 11:33:49','2019-09-12 11:33:49'),
	(431,'491img-20190912-091738jpg','ArchivosInventario/491img-20190912-091738jpg.jpg',491,'2019-09-12 11:33:51','2019-09-12 11:33:51'),
	(432,'492img-20190911-093314jpg','ArchivosInventario/492img-20190911-093314jpg.jpg',492,'2019-09-12 11:36:46','2019-09-12 11:36:46'),
	(433,'492img-20190912-091738jpg','ArchivosInventario/492img-20190912-091738jpg.jpg',492,'2019-09-12 11:36:46','2019-09-12 11:36:46'),
	(434,'493img-20190910-153046jpg','ArchivosInventario/493img-20190910-153046jpg.jpg',493,'2019-09-12 11:39:06','2019-09-12 11:39:06'),
	(435,'493img-20190912-091722jpg','ArchivosInventario/493img-20190912-091722jpg.jpg',493,'2019-09-12 11:39:08','2019-09-12 11:39:08'),
	(436,'494img-20190912-091415jpg','ArchivosInventario/494img-20190912-091415jpg.jpg',494,'2019-09-12 11:41:52','2019-09-12 11:41:52'),
	(437,'494img-20190912-091559jpg','ArchivosInventario/494img-20190912-091559jpg.jpg',494,'2019-09-12 11:41:54','2019-09-12 11:41:54'),
	(438,'495img-20190912-091407jpg','ArchivosInventario/495img-20190912-091407jpg.jpg',495,'2019-09-12 11:52:13','2019-09-12 11:52:13'),
	(439,'496img-20190912-091359jpg','ArchivosInventario/496img-20190912-091359jpg.jpg',496,'2019-09-12 11:56:03','2019-09-12 11:56:03'),
	(440,'497img-20190912-120013jpg','ArchivosInventario/497img-20190912-120013jpg.jpg',497,'2019-09-12 12:22:07','2019-09-12 12:22:07'),
	(441,'497img-20190912-120839jpg','ArchivosInventario/497img-20190912-120839jpg.jpg',497,'2019-09-12 12:22:09','2019-09-12 12:22:09'),
	(442,'498img-20190912-120111jpg','ArchivosInventario/498img-20190912-120111jpg.jpg',498,'2019-09-12 12:27:51','2019-09-12 12:27:51'),
	(443,'498img-20190912-120858jpg','ArchivosInventario/498img-20190912-120858jpg.jpg',498,'2019-09-12 12:27:53','2019-09-12 12:27:53'),
	(444,'499screenshot-1png','ArchivosInventario/499screenshot-1png.png',499,'2019-09-19 15:23:51','2019-09-19 15:23:51'),
	(445,'503img-20190926-091334jpg','ArchivosInventario/503img-20190926-091334jpg.jpg',503,'2019-09-26 09:35:50','2019-09-26 09:35:50'),
	(446,'503img-20190926-091346jpg','ArchivosInventario/503img-20190926-091346jpg.jpg',503,'2019-09-26 09:35:50','2019-09-26 09:35:50'),
	(447,'504img-20190926-091405jpg','ArchivosInventario/504img-20190926-091405jpg.jpg',504,'2019-09-26 09:42:45','2019-09-26 09:42:45'),
	(448,'504img-20190926-091849jpg','ArchivosInventario/504img-20190926-091849jpg.jpg',504,'2019-09-26 09:42:45','2019-09-26 09:42:45'),
	(449,'50571llqylqb-l-sl1500-jpg','ArchivosInventario/50571llqylqb-l-sl1500-jpg.jpg',505,'2019-10-03 11:58:19','2019-10-03 11:58:19'),
	(450,'505img-20191003-114523jpg','ArchivosInventario/505img-20191003-114523jpg.jpg',505,'2019-10-03 11:58:19','2019-10-03 11:58:19'),
	(451,'505img-20191003-114539jpg','ArchivosInventario/505img-20191003-114539jpg.jpg',505,'2019-10-03 11:58:21','2019-10-03 11:58:21'),
	(452,'506img-20191011-153253jpg','ArchivosInventario/506img-20191011-153253jpg.jpg',506,'2019-10-14 11:40:08','2019-10-14 11:40:08'),
	(453,'506img-20191011-153333jpg','ArchivosInventario/506img-20191011-153333jpg.jpg',506,'2019-10-14 11:40:08','2019-10-14 11:40:08'),
	(454,'507img-20191011-104324jpg','ArchivosInventario/507img-20191011-104324jpg.jpg',507,'2019-10-14 12:12:53','2019-10-14 12:12:53'),
	(455,'507img-20191011-153214jpg','ArchivosInventario/507img-20191011-153214jpg.jpg',507,'2019-10-14 12:12:53','2019-10-14 12:12:53'),
	(456,'508img-20191011-153350jpg','ArchivosInventario/508img-20191011-153350jpg.jpg',508,'2019-10-14 12:23:49','2019-10-14 12:23:49'),
	(457,'508img-20191011-153403jpg','ArchivosInventario/508img-20191011-153403jpg.jpg',508,'2019-10-14 12:23:50','2019-10-14 12:23:50'),
	(458,'509img-20191011-161634jpg','ArchivosInventario/509img-20191011-161634jpg.jpg',509,'2019-10-14 12:32:09','2019-10-14 12:32:09'),
	(459,'509img-20191011-161652jpg','ArchivosInventario/509img-20191011-161652jpg.jpg',509,'2019-10-14 12:32:09','2019-10-14 12:32:09'),
	(460,'510img-20191014-095635jpg','ArchivosInventario/510img-20191014-095635jpg.jpg',510,'2019-10-14 12:42:10','2019-10-14 12:42:10'),
	(461,'510img-20191014-095649jpg','ArchivosInventario/510img-20191014-095649jpg.jpg',510,'2019-10-14 12:42:12','2019-10-14 12:42:12'),
	(462,'511img-20191014-095724jpg','ArchivosInventario/511img-20191014-095724jpg.jpg',511,'2019-10-14 12:48:53','2019-10-14 12:48:53'),
	(463,'511img-20191014-095739jpg','ArchivosInventario/511img-20191014-095739jpg.jpg',511,'2019-10-14 12:48:53','2019-10-14 12:48:53'),
	(464,'512img-20191011-161245jpg','ArchivosInventario/512img-20191011-161245jpg.jpg',512,'2019-10-14 14:04:51','2019-10-14 14:04:51'),
	(465,'512img-20191011-161312jpg','ArchivosInventario/512img-20191011-161312jpg.jpg',512,'2019-10-14 14:04:51','2019-10-14 14:04:51'),
	(466,'513img-20191011-161141jpg','ArchivosInventario/513img-20191011-161141jpg.jpg',513,'2019-10-14 14:10:41','2019-10-14 14:10:41'),
	(467,'513img-20191011-161152jpg','ArchivosInventario/513img-20191011-161152jpg.jpg',513,'2019-10-14 14:10:43','2019-10-14 14:10:43'),
	(468,'514img-20191014-121545jpg','ArchivosInventario/514img-20191014-121545jpg.jpg',514,'2019-10-14 15:59:55','2019-10-14 15:59:55'),
	(469,'514img-20191014-121609jpg','ArchivosInventario/514img-20191014-121609jpg.jpg',514,'2019-10-14 15:59:55','2019-10-14 15:59:55'),
	(470,'514santiago-sfhpdf','ArchivosInventario/514santiago-sfhpdf.pdf',514,'2019-10-14 16:00:29','2019-10-14 16:00:29'),
	(471,'515santiago-sfh2pdf','ArchivosInventario/515santiago-sfh2pdf.pdf',515,'2019-10-14 16:01:56','2019-10-14 16:01:56'),
	(472,'515img-20191014-140551jpg','ArchivosInventario/515img-20191014-140551jpg.jpg',515,'2019-10-14 16:03:53','2019-10-14 16:03:53'),
	(473,'515img-20191014-140602jpg','ArchivosInventario/515img-20191014-140602jpg.jpg',515,'2019-10-14 16:03:55','2019-10-14 16:03:55'),
	(474,'516img-20191014-144600jpg','ArchivosInventario/516img-20191014-144600jpg.jpg',516,'2019-10-14 16:06:05','2019-10-14 16:06:05'),
	(475,'516img-20191014-144624jpg','ArchivosInventario/516img-20191014-144624jpg.jpg',516,'2019-10-14 16:06:07','2019-10-14 16:06:07'),
	(476,'516santiago-sfh3pdf','ArchivosInventario/516santiago-sfh3pdf.pdf',516,'2019-10-14 16:07:19','2019-10-14 16:07:19'),
	(477,'517santiago-sfh4pdf','ArchivosInventario/517santiago-sfh4pdf.pdf',517,'2019-10-14 16:09:21','2019-10-14 16:09:21'),
	(478,'517img-20191014-151520jpg','ArchivosInventario/517img-20191014-151520jpg.jpg',517,'2019-10-14 16:10:24','2019-10-14 16:10:24'),
	(479,'517img-20191014-151530jpg','ArchivosInventario/517img-20191014-151530jpg.jpg',517,'2019-10-14 16:10:25','2019-10-14 16:10:25'),
	(480,'518img-20191014-154106jpg','ArchivosInventario/518img-20191014-154106jpg.jpg',518,'2019-10-14 16:12:29','2019-10-14 16:12:29'),
	(481,'518img-20191014-154114jpg','ArchivosInventario/518img-20191014-154114jpg.jpg',518,'2019-10-14 16:12:31','2019-10-14 16:12:31'),
	(482,'518santiago-sfh5pdf','ArchivosInventario/518santiago-sfh5pdf.pdf',518,'2019-10-14 16:13:08','2019-10-14 16:13:08'),
	(484,'511santiagodcpdf','ArchivosInventario/511santiagodcpdf.pdf',511,'2019-10-25 10:17:40','2019-10-25 10:17:40'),
	(485,'521img-20200122-105300jpg','ArchivosInventario/521img-20200122-105300jpg.jpg',521,'2020-01-22 11:10:22','2020-01-22 11:10:22'),
	(486,'521img-20200122-104051jpg','ArchivosInventario/521img-20200122-104051jpg.jpg',521,'2020-01-22 11:10:22','2020-01-22 11:10:22'),
	(487,'521img-20200122-104125jpg','ArchivosInventario/521img-20200122-104125jpg.jpg',521,'2020-01-22 11:10:24','2020-01-22 11:10:24'),
	(488,'522whatsapp-image-2020-02-05-at-145449-1jpeg','ArchivosInventario/522whatsapp-image-2020-02-05-at-145449-1jpeg.jpeg',522,'2020-02-05 15:03:55','2020-02-05 15:03:55'),
	(489,'522whatsapp-image-2020-02-05-at-145449-2jpeg','ArchivosInventario/522whatsapp-image-2020-02-05-at-145449-2jpeg.jpeg',522,'2020-02-05 15:03:55','2020-02-05 15:03:55'),
	(490,'522whatsapp-image-2020-02-05-at-145449jpeg','ArchivosInventario/522whatsapp-image-2020-02-05-at-145449jpeg.jpeg',522,'2020-02-05 15:03:55','2020-02-05 15:03:55'),
	(491,'522laptop-shf-santiago6pdf','ArchivosInventario/522laptop-shf-santiago6pdf.pdf',522,'2020-02-05 15:06:50','2020-02-05 15:06:50'),
	(492,'523sfhsantiago7pdf','ArchivosInventario/523sfhsantiago7pdf.pdf',523,'2020-02-05 15:35:13','2020-02-05 15:35:13'),
	(493,'523whatsapp-image-2020-02-05-at-145449-1jpeg','ArchivosInventario/523whatsapp-image-2020-02-05-at-145449-1jpeg.jpeg',523,'2020-02-05 15:38:05','2020-02-05 15:38:05'),
	(494,'523whatsapp-image-2020-02-05-at-145449jpeg','ArchivosInventario/523whatsapp-image-2020-02-05-at-145449jpeg.jpeg',523,'2020-02-05 15:38:05','2020-02-05 15:38:05'),
	(495,'523whatsapp-image-2020-02-05-at-152646jpeg','ArchivosInventario/523whatsapp-image-2020-02-05-at-152646jpeg.jpeg',523,'2020-02-05 15:38:05','2020-02-05 15:38:05'),
	(496,'524sfh-santiago8pdf','ArchivosInventario/524sfh-santiago8pdf.pdf',524,'2020-02-05 16:12:48','2020-02-05 16:12:48'),
	(497,'524whatsapp-image-2020-02-05-at-145449-1jpeg','ArchivosInventario/524whatsapp-image-2020-02-05-at-145449-1jpeg.jpeg',524,'2020-02-05 16:18:29','2020-02-05 16:18:29'),
	(498,'524whatsapp-image-2020-02-05-at-145449jpeg','ArchivosInventario/524whatsapp-image-2020-02-05-at-145449jpeg.jpeg',524,'2020-02-05 16:18:29','2020-02-05 16:18:29'),
	(499,'524whatsapp-image-2020-02-05-at-161645jpeg','ArchivosInventario/524whatsapp-image-2020-02-05-at-161645jpeg.jpeg',524,'2020-02-05 16:18:29','2020-02-05 16:18:29'),
	(500,'511laptop-latitude-5480-d6znqn-pantallajpeg','ArchivosInventario/511laptop-latitude-5480-d6znqn-pantallajpeg.jpeg',511,'2020-02-07 15:38:50','2020-02-07 15:38:50'),
	(501,'176laptop-latitude-3590-golpe-pantallajpeg','ArchivosInventario/176laptop-latitude-3590-golpe-pantallajpeg.jpeg',176,'2020-02-07 15:39:55','2020-02-07 15:39:55'),
	(502,'176laptop-latitude-3590-golpe-pantalla2jpeg','ArchivosInventario/176laptop-latitude-3590-golpe-pantalla2jpeg.jpeg',176,'2020-02-07 15:39:55','2020-02-07 15:39:55'),
	(503,'52522246jpg','ArchivosInventario/52522246jpg.jpg',525,'2020-02-25 15:05:59','2020-02-25 15:05:59'),
	(504,'525whatsapp-image-2020-02-25-at-150355jpeg','ArchivosInventario/525whatsapp-image-2020-02-25-at-150355jpeg.jpeg',525,'2020-02-25 15:05:59','2020-02-25 15:05:59'),
	(505,'526ups-forza-eosrt-1000va-1k-fdc-rt1000va500jpeg','ArchivosInventario/526ups-forza-eosrt-1000va-1k-fdc-rt1000va500jpeg.jpeg',526,'2020-02-25 15:12:06','2020-02-25 15:12:06'),
	(506,'526whatsapp-image-2020-02-25-at-150839jpeg','ArchivosInventario/526whatsapp-image-2020-02-25-at-150839jpeg.jpeg',526,'2020-02-25 15:12:06','2020-02-25 15:12:06'),
	(507,'528b6cfe9b4-be9f-4b5f-8a03-b16131a93e69jpg','ArchivosInventario/528b6cfe9b4-be9f-4b5f-8a03-b16131a93e69jpg.jpg',528,'2020-03-11 22:47:13','2020-03-11 22:47:13'),
	(508,'528cced223c-0c00-47c0-9dd3-79e51c78a684jpg','ArchivosInventario/528cced223c-0c00-47c0-9dd3-79e51c78a684jpg.jpg',528,'2020-03-13 09:47:53','2020-03-13 09:47:53'),
	(509,'529125c4989-645a-49c9-b888-a207c44f3486jpg','ArchivosInventario/529125c4989-645a-49c9-b888-a207c44f3486jpg.jpg',529,'2020-03-13 10:14:28','2020-03-13 10:14:28'),
	(512,'531d5ede16b-2c3d-4a09-85c6-ad90e1aba1fajpg','ArchivosInventario/531d5ede16b-2c3d-4a09-85c6-ad90e1aba1fajpg.jpg',531,'2020-03-13 12:16:33','2020-03-13 12:16:33'),
	(513,'531e387afda-c0f2-4ff1-a5f1-47209a971e93jpg','ArchivosInventario/531e387afda-c0f2-4ff1-a5f1-47209a971e93jpg.jpg',531,'2020-03-13 12:16:33','2020-03-13 12:16:33'),
	(514,'5323ffdfd18-6a52-48bb-9118-5ef3b8fcd320jpg','ArchivosInventario/5323ffdfd18-6a52-48bb-9118-5ef3b8fcd320jpg.jpg',532,'2020-03-13 12:57:48','2020-03-13 12:57:48'),
	(515,'5324025c70e-a914-4f26-a524-7a7710db1715jpg','ArchivosInventario/5324025c70e-a914-4f26-a524-7a7710db1715jpg.jpg',532,'2020-03-13 12:57:48','2020-03-13 12:57:48'),
	(516,'533mirna-programasjpg','ArchivosInventario/533mirna-programasjpg.jpg',533,'2020-03-13 13:25:04','2020-03-13 13:25:04'),
	(517,'533mirna-programas1jpg','ArchivosInventario/533mirna-programas1jpg.jpg',533,'2020-03-13 13:25:04','2020-03-13 13:25:04'),
	(534,'543607109b8-6bdb-4406-82d7-cc07aa03ca7bjpg','ArchivosInventario/543607109b8-6bdb-4406-82d7-cc07aa03ca7bjpg.jpg',543,'2020-03-17 09:58:27','2020-03-17 09:58:27'),
	(535,'543finanzajpg','ArchivosInventario/543finanzajpg.jpg',543,'2020-03-17 09:58:27','2020-03-17 09:58:27'),
	(536,'5421e918aa7-a806-469f-acb0-481cfaaeefb7jpg','ArchivosInventario/5421e918aa7-a806-469f-acb0-481cfaaeefb7jpg.jpg',542,'2020-03-17 09:59:18','2020-03-17 09:59:18'),
	(537,'542finanzajpg','ArchivosInventario/542finanzajpg.jpg',542,'2020-03-17 09:59:19','2020-03-17 09:59:19'),
	(538,'541384777e3-5abe-4df0-94b0-94f105c96121jpg','ArchivosInventario/541384777e3-5abe-4df0-94b0-94f105c96121jpg.jpg',541,'2020-03-17 10:02:32','2020-03-17 10:02:32'),
	(539,'541rr-hhjpg','ArchivosInventario/541rr-hhjpg.jpg',541,'2020-03-17 10:02:32','2020-03-17 10:02:32'),
	(540,'538salon-conferencia2jpg','ArchivosInventario/538salon-conferencia2jpg.jpg',538,'2020-03-17 10:22:05','2020-03-17 10:22:05'),
	(541,'539cocinajpg','ArchivosInventario/539cocinajpg.jpg',539,'2020-03-17 10:27:49','2020-03-17 10:27:49'),
	(542,'539comprasjpg','ArchivosInventario/539comprasjpg.jpg',539,'2020-03-17 10:27:49','2020-03-17 10:27:49'),
	(543,'537comencial-luzjpg','ArchivosInventario/537comencial-luzjpg.jpg',537,'2020-03-17 10:30:50','2020-03-17 10:30:50'),
	(544,'537comencial-luz2jpg','ArchivosInventario/537comencial-luz2jpg.jpg',537,'2020-03-17 10:30:50','2020-03-17 10:30:50'),
	(545,'536ababeljpg','ArchivosInventario/536ababeljpg.jpg',536,'2020-03-17 10:32:33','2020-03-17 10:32:33'),
	(546,'536comprasjpg','ArchivosInventario/536comprasjpg.jpg',536,'2020-03-17 10:32:33','2020-03-17 10:32:33'),
	(547,'534rec-elizabethjpg','ArchivosInventario/534rec-elizabethjpg.jpg',534,'2020-03-17 10:46:04','2020-03-17 10:46:04'),
	(548,'534rec-elizabeth2jpg','ArchivosInventario/534rec-elizabeth2jpg.jpg',534,'2020-03-17 10:46:04','2020-03-17 10:46:04'),
	(549,'5304c20d070-6482-43ba-bb90-f100e529fd40jpg','ArchivosInventario/5304c20d070-6482-43ba-bb90-f100e529fd40jpg.jpg',530,'2020-03-17 10:51:28','2020-03-17 10:51:28'),
	(550,'530614cc37f-b337-4c14-961f-e6e94661aadfjpg','ArchivosInventario/530614cc37f-b337-4c14-961f-e6e94661aadfjpg.jpg',530,'2020-03-17 10:51:28','2020-03-17 10:51:28'),
	(551,'544f09b3d57-bd3d-450c-bda7-f7881b15b4a7jpg','ArchivosInventario/544f09b3d57-bd3d-450c-bda7-f7881b15b4a7jpg.jpg',544,'2020-03-17 11:52:55','2020-03-17 11:52:55'),
	(552,'5453689b4c4-d998-4a1f-b650-0ca3ff185f2ajpg','ArchivosInventario/5453689b4c4-d998-4a1f-b650-0ca3ff185f2ajpg.jpg',545,'2020-03-17 12:01:55','2020-03-17 12:01:55'),
	(553,'546screen-shot-2020-03-17-at-34421-pmpng','ArchivosInventario/546screen-shot-2020-03-17-at-34421-pmpng.png',546,'2020-03-18 09:31:54','2020-03-18 09:31:54'),
	(554,'54610d860ec-f41a-4109-9939-0c3d85b23f11jpg','ArchivosInventario/54610d860ec-f41a-4109-9939-0c3d85b23f11jpg.jpg',546,'2020-03-18 09:37:26','2020-03-18 09:37:26'),
	(555,'54665a3a986-a995-41d7-b859-c4f02079bb9cjpg','ArchivosInventario/54665a3a986-a995-41d7-b859-c4f02079bb9cjpg.jpg',546,'2020-03-18 09:37:26','2020-03-18 09:37:26'),
	(556,'401eef9080d-d29e-4e73-bc62-1c184cf51af8jpg','ArchivosInventario/401eef9080d-d29e-4e73-bc62-1c184cf51af8jpg.jpg',401,'2020-03-18 17:23:39','2020-03-18 17:23:39'),
	(557,'403c40f50c2-077e-4e65-963e-c9a1e3d8ab53jpg','ArchivosInventario/403c40f50c2-077e-4e65-963e-c9a1e3d8ab53jpg.jpg',403,'2020-03-18 17:28:06','2020-03-18 17:28:06'),
	(558,'40544a1f74f-dd6f-478c-9ce1-b6d9be27163fjpg','ArchivosInventario/40544a1f74f-dd6f-478c-9ce1-b6d9be27163fjpg.jpg',405,'2020-03-18 17:31:05','2020-03-18 17:31:05'),
	(559,'406256ca1f9-7f0d-4a66-ba04-b12411d8a04ejpg','ArchivosInventario/406256ca1f9-7f0d-4a66-ba04-b12411d8a04ejpg.jpg',406,'2020-03-18 17:35:42','2020-03-18 17:35:42'),
	(560,'409cbatistajpg','ArchivosInventario/409cbatistajpg.jpg',409,'2020-03-18 17:39:08','2020-03-18 17:39:08'),
	(561,'469hgrullonjpg','ArchivosInventario/469hgrullonjpg.jpg',469,'2020-03-18 22:55:24','2020-03-18 22:55:24'),
	(562,'470hgrullonjpg','ArchivosInventario/470hgrullonjpg.jpg',470,'2020-03-18 22:56:14','2020-03-18 22:56:14'),
	(563,'418hgrullonjpg','ArchivosInventario/418hgrullonjpg.jpg',418,'2020-03-18 22:57:21','2020-03-18 22:57:21'),
	(564,'434hgrullonjpg','ArchivosInventario/434hgrullonjpg.jpg',434,'2020-03-18 22:58:35','2020-03-18 22:58:35'),
	(565,'436hgrullonjpg','ArchivosInventario/436hgrullonjpg.jpg',436,'2020-03-18 22:59:49','2020-03-18 22:59:49'),
	(566,'412apichardojpg','ArchivosInventario/412apichardojpg.jpg',412,'2020-03-18 23:08:11','2020-03-18 23:08:11'),
	(567,'407cdeleonjpg','ArchivosInventario/407cdeleonjpg.jpg',407,'2020-03-18 23:11:30','2020-03-18 23:11:30'),
	(568,'410ecaceresjpg','ArchivosInventario/410ecaceresjpg.jpg',410,'2020-03-18 23:15:08','2020-03-18 23:15:08'),
	(569,'408gdespradeljpg','ArchivosInventario/408gdespradeljpg.jpg',408,'2020-03-18 23:17:24','2020-03-18 23:17:24'),
	(570,'547phdezjpg','ArchivosInventario/547phdezjpg.jpg',547,'2020-03-19 09:47:24','2020-03-19 09:47:24');

/*!40000 ALTER TABLE `archivo_inventarios` ENABLE KEYS */;
UNLOCK TABLES;


# Dump of table archivo_tickets
# ------------------------------------------------------------

DROP TABLE IF EXISTS `archivo_tickets`;

CREATE TABLE `archivo_tickets` (
  `id` bigint(20) unsigned NOT NULL AUTO_INCREMENT,
  `nombre_archivo` varchar(191) COLLATE utf8mb4_unicode_ci NOT NULL,
  `ubicacion` varchar(191) COLLATE utf8mb4_unicode_ci NOT NULL,
  `ticket_id` bigint(20) unsigned NOT NULL,
  `created_at` timestamp NULL DEFAULT NULL,
  `updated_at` timestamp NULL DEFAULT NULL,
  PRIMARY KEY (`id`)
) ENGINE=InnoDB DEFAULT CHARSET=utf8mb4 COLLATE=utf8mb4_unicode_ci;

LOCK TABLES `archivo_tickets` WRITE;
/*!40000 ALTER TABLE `archivo_tickets` DISABLE KEYS */;

INSERT INTO `archivo_tickets` (`id`, `nombre_archivo`, `ubicacion`, `ticket_id`, `created_at`, `updated_at`)
VALUES
	(1,'2autorizacion-de-salida-de-equipo-para-diagnostico-y-reparacion.pdf','ArchivosTicket/2autorizacion-de-salida-de-equipo-para-diagnostico-y-reparacionpdf.pdf',2,'2019-08-15 15:26:36','2019-08-15 15:26:36'),
	(2,'14sdf.png','ArchivosTicket/14sdfpng.png',14,'2019-08-20 14:24:43','2019-08-20 14:24:43'),
	(3,'2rpt-tgcomputer122.pdf','ArchivosTicket/2rpt-tgcomputer122pdf.pdf',2,'2019-08-22 15:54:22','2019-08-22 15:54:22'),
	(4,'2mail-reparacion-22ago19.png','ArchivosTicket/2mail-reparacion-22ago19png.png',2,'2019-08-22 15:56:12','2019-08-22 15:56:12'),
	(5,'2factrep.jpeg','ArchivosTicket/2factrepjpeg.jpeg',2,'2019-08-26 11:13:20','2019-08-26 11:13:20'),
	(6,'2reparacionajustetasavaloraprobacion.png','ArchivosTicket/2reparacionajustetasavaloraprobacionpng.png',2,'2019-08-26 11:29:17','2019-08-26 11:29:17'),
	(20,'2reparacion-computadora-elianny.pdf','ArchivosTicket/2reparacion-computadora-eliannypdf.pdf',2,'2019-08-26 14:49:26','2019-08-26 14:49:26'),
	(21,'31solicitud-de-salida-de-equipo.pdf','ArchivosTicket/31solicitud-de-salida-de-equipopdf.pdf',31,'2019-08-26 15:01:32','2019-08-26 15:01:32'),
	(22,'310.jpg','ArchivosTicket/310jpg.jpg',31,'2019-08-26 15:27:26','2019-08-26 15:27:26'),
	(24,'30levantamiento-dte-online-fina.lxlsx','ArchivosTicket/30levantamiento-dte-online-finalxlsx.xlsx',30,'2019-09-05 12:45:02','2019-09-05 12:45:02'),
	(25,'33solicitud-de-salida-de-equipo.pdf','ArchivosTicket/33solicitud-de-salida-de-equipopdf.pdf',33,'2019-09-09 16:25:00','2019-09-09 16:25:00'),
	(26,'35disco-c-lleno.jpg','ArchivosTicket/35disco-c-lleno-jpg.jpg',35,'2019-09-23 12:50:11','2019-09-23 12:50:11'),
	(27,'36img-20190927-095904.jpg','ArchivosTicket/36img-20190927-095904jpg.jpg',36,'2019-09-27 10:05:44','2019-09-27 10:05:44'),
	(28,'40monitoreo-y-evalucion-3-4.pdf','ArchivosTicket/40monitoreo-y-evalucion-3-4pdf.pdf',40,'2019-10-02 09:45:03','2019-10-02 09:45:03'),
	(29,'41monitoreo-y-evalucion-5-6.pdf','ArchivosTicket/41monitoreo-y-evalucion-5-6pdf.pdf',41,'2019-10-02 09:46:11','2019-10-02 09:46:11'),
	(30,'42monitoreo-y-evalucion-7-8.pdf','ArchivosTicket/42monitoreo-y-evalucion-7-8pdf.pdf',42,'2019-10-02 09:47:51','2019-10-02 09:47:51'),
	(31,'39img-20191002-095035.jpg','ArchivosTicket/39img-20191002-095035jpg.jpg',39,'2019-10-02 09:57:13','2019-10-02 09:57:13'),
	(32,'39monitoreo-y-evalucion-2.pdf','ArchivosTicket/39monitoreo-y-evalucion-2pdf.pdf',39,'2019-10-02 09:57:14','2019-10-02 09:57:14'),
	(33,'43programas-2pc-7-8.pdf','ArchivosTicket/43programas-2pc-7-8pdf.pdf',43,'2019-10-04 10:01:55','2019-10-04 10:01:55'),
	(34,'44programas-2pc-5-6.pdf','ArchivosTicket/44programas-2pc-5-6pdf.pdf',44,'2019-10-04 10:03:25','2019-10-04 10:03:25'),
	(35,'45ventas-2pc-1-2.pdf','ArchivosTicket/45ventas-2pc-1-2pdf.pdf',45,'2019-10-04 10:04:50','2019-10-04 10:04:50'),
	(36,'46ventas-2pc-3-4.pdf','ArchivosTicket/46ventas-2pc-3-4pdf.pdf',46,'2019-10-04 10:06:38','2019-10-04 10:06:38'),
	(37,'47mirna-guillen.pdf','ArchivosTicket/47mirna-guillenpdf.pdf',47,'2019-10-07 10:26:32','2019-10-07 10:26:32'),
	(38,'48yeuvi-encarnacion.pdf','ArchivosTicket/48yeuvi-encarnacionpdf.pdf',48,'2019-10-07 10:27:45','2019-10-07 10:27:45'),
	(39,'49adabel-jimenez.pdf','ArchivosTicket/49adabel-jimenezpdf.pdf',49,'2019-10-07 10:28:19','2019-10-07 10:28:19'),
	(40,'50katherin-rosario.pdf','ArchivosTicket/50katherin-rosariopdf.pdf',50,'2019-10-07 10:28:57','2019-10-07 10:28:57'),
	(41,'51denny-paredes.pdf','ArchivosTicket/51denny-paredespdf.pdf',51,'2019-10-09 16:20:52','2019-10-09 16:20:52'),
	(42,'52frenly-de-jesus.pdf','ArchivosTicket/52frenly-de-jesuspdf.pdf',52,'2019-10-09 16:21:48','2019-10-09 16:21:48'),
	(43,'53yanet-hernandez-2.pdf','ArchivosTicket/53yanet-hernandez-2pdf.pdf',53,'2019-10-09 16:23:33','2019-10-09 16:23:33'),
	(44,'54ana-castillo.pdf','ArchivosTicket/54ana-castillopdf.pdf',54,'2019-10-09 16:24:27','2019-10-09 16:24:27'),
	(45,'55laura-jorge.pdf','ArchivosTicket/55laura-jorgepdf.pdf',55,'2019-10-09 16:25:26','2019-10-09 16:25:26'),
	(46,'56yerky-hernandez.pdf','ArchivosTicket/56yerky-hernandezpdf.pdf',56,'2019-10-09 16:26:21','2019-10-09 16:26:21'),
	(47,'58victor-encarnacion-pc2.pdf','ArchivosTicket/58victor-encarnacion-pc2pdf.pdf',58,'2019-10-11 11:45:41','2019-10-11 11:45:41'),
	(48,'59victor-encanacion.pdf','ArchivosTicket/59victor-encanacionpdf.pdf',59,'2019-10-11 11:47:14','2019-10-11 11:47:14'),
	(49,'65lunes-14-10.jpg','ArchivosTicket/65lunes-14-10jpg.jpg',65,'2019-10-16 09:35:48','2019-10-16 09:35:48'),
	(50,'65viernes-11-10.jpg','ArchivosTicket/65viernes-11-10jpg.jpg',65,'2019-10-16 09:35:48','2019-10-16 09:35:48'),
	(51,'75merari-silva.pdf','ArchivosTicket/75merari-silvapdf.pdf',75,'2019-10-16 16:44:14','2019-10-16 16:44:14'),
	(52,'76wendy-tejeda.pdf','ArchivosTicket/76wendy-tejedapdf.pdf',76,'2019-10-16 16:45:20','2019-10-16 16:45:20'),
	(53,'77elianny-pion.pdf','ArchivosTicket/77elianny-pionpdf.pdf',77,'2019-10-18 15:18:04','2019-10-18 15:18:04'),
	(54,'78elizabeth-matos.pdf','ArchivosTicket/78elizabeth-matospdf.pdf',78,'2019-10-18 15:19:10','2019-10-18 15:19:10'),
	(55,'84wendy-alba.pdf','ArchivosTicket/84wendy-albapdf.pdf',84,'2019-10-21 11:47:58','2019-10-21 11:47:58'),
	(56,'86edwin-urbaez-172.pdf','ArchivosTicket/86edwin-urbaez-172pdf.pdf',86,'2019-10-21 16:22:19','2019-10-21 16:22:19'),
	(57,'87edwin-urbaez-171.pdf','ArchivosTicket/87edwin-urbaez-171pdf.pdf',87,'2019-10-21 16:23:45','2019-10-21 16:23:45'),
	(58,'88edwin-urbaez-170.pdf','ArchivosTicket/88edwin-urbaez-170pdf.pdf',88,'2019-10-21 16:24:42','2019-10-21 16:24:42'),
	(59,'85katherine-de-los-santos.pdf','ArchivosTicket/85katherine-de-los-santospdf.pdf',85,'2019-10-21 16:40:19','2019-10-21 16:40:19'),
	(60,'91sobella-arias.pdf','ArchivosTicket/91sobella-ariaspdf.pdf',91,'2019-10-21 16:41:16','2019-10-21 16:41:16'),
	(61,'93edwin-urbaez-175.pdf','ArchivosTicket/93edwin-urbaez-175pdf.pdf',93,'2019-10-21 16:42:17','2019-10-21 16:42:17'),
	(62,'94unlike.png','ArchivosTicket/94unlikepng.png',94,'2019-10-22 17:47:19','2019-10-22 17:47:19'),
	(63,'92edwin-urbaez-personal.pdf','ArchivosTicket/92edwin-urbaez-personal-pdf.pdf',92,'2019-10-24 10:24:23','2019-10-24 10:24:23'),
	(64,'103img-20191025-082111.jpg','ArchivosTicket/103img-20191025-082111jpg.jpg',103,'2019-10-25 08:52:30','2019-10-25 08:52:30'),
	(65,'103img-20191025-082111.jpg','ArchivosTicket/103img-20191025-082111jpg.jpg',103,'2019-10-25 08:52:31','2019-10-25 08:52:31'),
	(66,'96edwin-urbaez-173.pdf','ArchivosTicket/96edwin-urbaez-173pdf.pdf',96,'2019-10-28 14:42:55','2019-10-28 14:42:55'),
	(67,'97edwin-urbaez-169.pdf','ArchivosTicket/97edwin-urbaez-169pdf.pdf',97,'2019-10-28 14:45:10','2019-10-28 14:45:10'),
	(68,'105server-monitoreo.pdf','ArchivosTicket/105server-monitoreopdf.pdf',105,'2019-11-01 10:22:05','2019-11-01 10:22:05'),
	(69,'107server-central.pdf','ArchivosTicket/107server-centralpdf.pdf',107,'2019-11-01 10:23:09','2019-11-01 10:23:09'),
	(70,'108yeralbis-severino-187.pdf','ArchivosTicket/108yeralbis-severino-187pdf.pdf',108,'2019-11-01 10:24:18','2019-11-01 10:24:18'),
	(71,'109yeralbis-severino-197.pdf','ArchivosTicket/109yeralbis-severino-197pdf.pdf',109,'2019-11-01 10:31:18','2019-11-01 10:31:18'),
	(72,'113correo-donata.jpg','ArchivosTicket/113correo-donatajpg.jpg',113,'2019-11-07 10:56:06','2019-11-07 10:56:06'),
	(73,'114adabel-jimenez-178.pdf','ArchivosTicket/114adabel-jimenez-178pdf.pdf',114,'2019-11-18 15:14:05','2019-11-18 15:14:05'),
	(74,'118screen-shot-2019-11-21-at-95605-am.png','ArchivosTicket/118screen-shot-2019-11-21-at-95605-ampng.png',118,'2019-11-21 11:30:38','2019-11-21 11:30:38'),
	(75,'111sfh-aut-analisissantiago.png','ArchivosTicket/111sfh-aut-analisissantiagopng.png',111,'2019-11-22 12:42:56','2019-11-22 12:42:56'),
	(76,'111sfh-informe-levantamientosantiago.pdf','ArchivosTicket/111sfh-informe-levantamientosantiagopdf.pdf',111,'2019-11-22 12:43:46','2019-11-22 12:43:46'),
	(77,'111planos-sfh-santiago.pdf','ArchivosTicket/111planos-sfh-santiagopdf.pdf',111,'2019-11-22 12:43:46','2019-11-22 12:43:46'),
	(78,'129compartido.pptx','ArchivosTicket/129compartidopptx.pptx',129,'2019-12-18 16:42:38','2019-12-18 16:42:38'),
	(79,'131control-de-organizacion-amaury-roman.jpeg','ArchivosTicket/131control-de-organizacion-amaury-romanjpeg.jpeg',131,'2020-01-10 11:40:11','2020-01-10 11:40:11'),
	(80,'132control-de-organizacion-laura-gutierrez.jpeg','ArchivosTicket/132control-de-organizacion-laura-gutierrezjpeg.jpeg',132,'2020-01-10 11:41:23','2020-01-10 11:41:23'),
	(81,'140catherine-batista.pdf','ArchivosTicket/140catherine-batistapdf.pdf',140,'2020-01-14 18:07:07','2020-01-14 18:07:07'),
	(82,'141daniela-calcano.pdf','ArchivosTicket/141daniela-calcanopdf.pdf',141,'2020-01-14 18:07:49','2020-01-14 18:07:49'),
	(83,'143donata-caputo.pdf','ArchivosTicket/143donata-caputopdf.pdf',143,'2020-01-14 18:08:43','2020-01-14 18:08:43'),
	(84,'142eira-caceres.pdf','ArchivosTicket/142eira-cacerespdf.pdf',142,'2020-01-14 18:09:30','2020-01-14 18:09:30'),
	(85,'144yeidemy-luzon.jpeg','ArchivosTicket/144yeidemy-luzonjpeg.jpeg',144,'2020-01-15 17:35:09','2020-01-15 17:35:09'),
	(86,'147gabriela-coronado.jpeg','ArchivosTicket/147gabriela-coronadojpeg.jpeg',147,'2020-01-15 17:36:01','2020-01-15 17:36:01'),
	(87,'146mareinni-lara.jpeg','ArchivosTicket/146mareinni-larajpeg.jpeg',146,'2020-01-15 17:37:24','2020-01-15 17:37:24'),
	(88,'145heidy-grullon.jpeg','ArchivosTicket/145heidy-grullonjpeg.jpeg',145,'2020-01-15 17:40:15','2020-01-15 17:40:15'),
	(89,'148maria-martinez.jpeg','ArchivosTicket/148maria-martinezjpeg.jpeg',148,'2020-01-16 17:41:39','2020-01-16 17:41:39'),
	(90,'151migdalia-acosta.jpeg','ArchivosTicket/151migdalia-acostajpeg.jpeg',151,'2020-01-16 17:44:38','2020-01-16 17:44:38'),
	(91,'150sergio-soriano.jpeg','ArchivosTicket/150sergio-sorianojpeg.jpeg',150,'2020-01-16 17:45:12','2020-01-16 17:45:12'),
	(92,'149sandra-baez.jpeg','ArchivosTicket/149sandra-baezjpeg.jpeg',149,'2020-01-16 17:45:53','2020-01-16 17:45:53'),
	(93,'157abel-urea.jpeg','ArchivosTicket/157abel-ureajpeg.jpeg',157,'2020-01-24 11:33:14','2020-01-24 11:33:14'),
	(94,'158ernesto-torres.jpeg','ArchivosTicket/158ernesto-torresjpeg.jpeg',158,'2020-01-24 11:34:31','2020-01-24 11:34:31'),
	(95,'159carlos-de-leon.jpeg','ArchivosTicket/159carlos-de-leonjpeg.jpeg',159,'2020-01-24 11:45:52','2020-01-24 11:45:52'),
	(96,'160carolina-depradel.jpeg','ArchivosTicket/160carolina-depradeljpeg.jpeg',160,'2020-01-24 11:46:50','2020-01-24 11:46:50'),
	(97,'138laptop-latitude-3590-golpe-pantalla.jpeg','ArchivosTicket/138laptop-latitude-3590-golpe-pantallajpeg.jpeg',138,'2020-02-07 15:23:35','2020-02-07 15:23:35'),
	(98,'138laptop-latitude-3590-golpe-pantalla2.jpeg','ArchivosTicket/138laptop-latitude-3590-golpe-pantalla2jpeg.jpeg',138,'2020-02-07 15:23:35','2020-02-07 15:23:35'),
	(99,'138laptop-latitude-5480-d6znqn-pantalla.jpeg','ArchivosTicket/138laptop-latitude-5480-d6znqn-pantallajpeg.jpeg',138,'2020-02-07 15:23:35','2020-02-07 15:23:35'),
	(100,'177img-7725.jpg','ArchivosTicket/177img-7725jpg.JPG',177,'2020-03-06 08:21:32','2020-03-06 08:21:32'),
	(104,'182solicitudaudit.png','ArchivosTicket/182solicitudauditpng.png',182,'2020-03-11 11:47:16','2020-03-11 11:47:16'),
	(105,'176computadoras.pdf','ArchivosTicket/176computadoraspdf.pdf',176,'2020-03-11 13:41:27','2020-03-11 13:41:27'),
	(106,'176impresoras-sin-uso.pdf','ArchivosTicket/176impresoras-sin-usopdf.pdf',176,'2020-03-11 13:41:27','2020-03-11 13:41:27'),
	(107,'176levantamiento-equipos-sfh-sin-uso.xlsx','ArchivosTicket/176levantamiento-equipos-sfh-sin-usoxlsx.xlsx',176,'2020-03-11 13:41:27','2020-03-11 13:41:27'),
	(108,'176routers.pdf','ArchivosTicket/176routerspdf.pdf',176,'2020-03-11 13:41:28','2020-03-11 13:41:28'),
	(114,'criticalityscorecardit.xls','ArchivosTicket/182criticalityscorecarditxls.xls',182,'2020-03-11 16:09:59','2020-03-11 16:09:59'),
	(115,'Sin ttulo.png','ArchivosTicket/176sin-titulopng.png',176,'2020-03-12 11:06:22','2020-03-12 11:06:22'),
	(116,'Criticality Scorecard IT SFH Marzo2020.xls','ArchivosTicket/182criticality-scorecard-it-sfh-marzo2020xls.xls',182,'2020-03-18 12:42:34','2020-03-18 12:42:34'),
	(117,'Diagrama-Topologia de Red SFH Mudanza 16Mar2020.pdf','ArchivosTicket/182diagrama-topologia-de-red-sfh-mudanza-16mar2020pdf.pdf',182,'2020-03-18 12:42:34','2020-03-18 12:42:34'),
	(118,'InventarioEquipos_SFH_15Marzo2020.xlsx','ArchivosTicket/182inventarioequipos-sfh-15marzo2020xlsx.xlsx',182,'2020-03-18 12:42:34','2020-03-18 12:42:34'),
	(119,'SFH_Camaras12.jpeg','ArchivosTicket/186sfh-camaras12jpeg.jpeg',186,'2020-04-01 17:56:28','2020-04-01 17:56:28'),
	(120,'Screenshot_1.png','ArchivosTicket/187screenshot-1png.png',187,'2020-04-17 14:56:25','2020-04-17 14:56:25'),
	(121,'Screen Shot 2020-05-04 at 4.38.14 PM.png','ArchivosTicket/165screen-shot-2020-05-04-at-43814-pmpng.png',165,'2020-05-04 17:16:39','2020-05-04 17:16:39'),
	(122,'7784e144-2d16-4050-8abe-f2f73b8320ae.jpg','ArchivosTicket/1887784e144-2d16-4050-8abe-f2f73b8320aejpg.jpg',188,'2020-05-13 10:04:23','2020-05-13 10:04:23'),
	(123,'WhatsApp Image 2020-05-13 at 09.08.49.jpeg','ArchivosTicket/188whatsapp-image-2020-05-13-at-090849jpeg.jpeg',188,'2020-05-13 10:04:23','2020-05-13 10:04:23'),
	(124,'WhatsApp Image 2020-05-13 at 09.08.53.jpeg','ArchivosTicket/188whatsapp-image-2020-05-13-at-090853jpeg.jpeg',188,'2020-05-13 10:04:23','2020-05-13 10:04:23');

/*!40000 ALTER TABLE `archivo_tickets` ENABLE KEYS */;
UNLOCK TABLES;


# Dump of table area_soportes
# ------------------------------------------------------------

DROP TABLE IF EXISTS `area_soportes`;

CREATE TABLE `area_soportes` (
  `id` bigint(20) unsigned NOT NULL AUTO_INCREMENT,
  `nombre` varchar(191) COLLATE utf8mb4_unicode_ci NOT NULL,
  `descripcion` text COLLATE utf8mb4_unicode_ci NOT NULL,
  `empresa_id` bigint(20) unsigned NOT NULL,
  `created_at` timestamp NULL DEFAULT NULL,
  `updated_at` timestamp NULL DEFAULT NULL,
  PRIMARY KEY (`id`),
  KEY `area_soportes_empresa_id_index` (`empresa_id`)
) ENGINE=InnoDB DEFAULT CHARSET=utf8mb4 COLLATE=utf8mb4_unicode_ci;

LOCK TABLES `area_soportes` WRITE;
/*!40000 ALTER TABLE `area_soportes` DISABLE KEYS */;

INSERT INTO `area_soportes` (`id`, `nombre`, `descripcion`, `empresa_id`, `created_at`, `updated_at`)
VALUES
	(1,'Soporte Tcnico','Brindar asistencia y realizar el mantenimiento a los equipos y sistemas informticos que puedan presentar fallas.',1,'2019-07-24 21:17:27','2019-07-24 21:17:27'),
	(2,'Servicios Web','Sistema de software designado para dar soporte a la interaccin de mquina a mquina interoperativa a travs de una red',1,'2019-07-24 21:17:44','2019-07-24 21:18:56'),
	(3,'Gerencial y Financiera','Menejo Gerencial y Financiera',1,'2019-07-24 21:18:01','2019-07-24 21:19:38');

/*!40000 ALTER TABLE `area_soportes` ENABLE KEYS */;
UNLOCK TABLES;


# Dump of table areas
# ------------------------------------------------------------

DROP TABLE IF EXISTS `areas`;

CREATE TABLE `areas` (
  `id` bigint(20) unsigned NOT NULL AUTO_INCREMENT,
  `nombre` varchar(191) COLLATE utf8mb4_unicode_ci NOT NULL,
  `nombre_corto` varchar(191) COLLATE utf8mb4_unicode_ci NOT NULL,
  `manager_id` bigint(20) unsigned DEFAULT NULL,
  `active` enum('true','false') COLLATE utf8mb4_unicode_ci NOT NULL DEFAULT 'false',
  `departamento_id` bigint(20) unsigned NOT NULL,
  `created_at` timestamp NULL DEFAULT NULL,
  `updated_at` timestamp NULL DEFAULT NULL,
  PRIMARY KEY (`id`)
) ENGINE=InnoDB DEFAULT CHARSET=utf8mb4 COLLATE=utf8mb4_unicode_ci;

LOCK TABLES `areas` WRITE;
/*!40000 ALTER TABLE `areas` DISABLE KEYS */;

INSERT INTO `areas` (`id`, `nombre`, `nombre_corto`, `manager_id`, `active`, `departamento_id`, `created_at`, `updated_at`)
VALUES
	(1,'Desarrollo','DV',NULL,'false',1,'2019-07-24 21:09:17','2019-07-24 21:09:17'),
	(4,'Coordinadora de Operaciones Europa','COE',NULL,'false',4,'2019-08-05 12:31:04','2019-08-05 12:31:04'),
	(5,'Coordinadora de Operaciones EEUU y Asia','COEEA',NULL,'false',4,'2019-08-05 12:32:01','2019-08-05 12:32:01'),
	(6,'Analista de Cuentas por Cobrar','ACC',NULL,'false',4,'2019-08-05 12:32:42','2019-08-05 12:32:42'),
	(7,'Directora Finanzas','DFinanzas',NULL,'false',4,'2019-08-05 12:33:46','2019-08-05 12:33:46'),
	(8,'Directora Experiencia Cliente','DExperiencia',NULL,'false',2,'2019-08-05 12:34:29','2019-08-05 12:34:29'),
	(9,'Coordinadora Recursos Humanos','CRRHH',NULL,'false',2,'2019-08-05 12:35:19','2019-08-05 12:35:19'),
	(10,'Coordinadora Experiencia de Cliente','CExpC',NULL,'false',2,'2019-08-05 12:37:58','2019-08-05 12:37:58'),
	(11,'Asistente de Suministro y Mantenimiento','ASM',NULL,'false',2,'2019-08-05 12:38:39','2019-08-05 12:38:39'),
	(12,'Gerente Desarrollo de Proyectos','GDP',NULL,'false',2,'2019-08-05 12:39:18','2019-08-05 12:39:18'),
	(13,'Directora Comercial','DC',NULL,'false',3,'2019-08-05 12:39:46','2019-08-05 12:39:46'),
	(14,'Gerente Comercial','GC',NULL,'false',3,'2019-08-05 12:40:11','2019-08-05 12:40:11'),
	(15,'Coordinadora Comercial','CComercial',NULL,'false',3,'2019-08-05 12:40:52','2019-08-05 12:40:52'),
	(16,'Coordinadora de Proyectos y Diseos','CPDiseos',NULL,'false',3,'2019-08-05 12:44:33','2019-08-05 12:44:33'),
	(17,'Gerentes de Cuentas','GCuentas',NULL,'false',3,'2019-08-05 12:45:40','2019-08-05 12:45:40'),
	(18,'Analistas Comercial','AComercial',NULL,'false',3,'2019-08-05 12:46:13','2019-08-05 12:46:13'),
	(19,'Tecnologia de la Informacion','IT',NULL,'false',2,'2019-08-05 12:47:15','2019-08-05 12:47:15'),
	(20,'Presidente','Presidente',NULL,'false',5,'2019-08-05 15:12:31','2019-08-05 15:12:31'),
	(21,'VicePresidencia','VicePresidencia',NULL,'false',5,'2019-08-05 15:13:25','2019-08-05 15:13:25'),
	(22,'VENTAS','VENTAS',NULL,'false',6,'2019-08-05 17:25:35','2019-08-05 17:25:35'),
	(23,'Gerencia Financiera','GF',NULL,'false',7,'2019-08-05 17:26:19','2019-08-05 17:26:19'),
	(24,'Gerente General','GG',NULL,'false',8,'2019-08-05 17:26:42','2019-08-05 17:26:42'),
	(25,'Secretaria Administrativa','SA',NULL,'false',9,'2019-08-05 17:27:12','2019-08-05 17:27:12'),
	(26,'Direccin Ejecutiva','DE',NULL,'false',10,'2019-08-09 12:08:57','2019-08-09 12:08:57'),
	(27,'Proyectos','Proyectos',NULL,'false',11,'2019-08-09 12:10:01','2019-08-09 12:43:36'),
	(29,'Cybereducadores','Cybereducadores',NULL,'false',11,'2019-08-09 12:11:46','2019-08-09 12:11:46'),
	(30,'Equipo Clnica Mvil Interior','E C Movil',NULL,'false',11,'2019-08-09 12:12:57','2019-08-09 12:12:57'),
	(31,'Investigacin y Evidencia','IE',NULL,'false',12,'2019-08-09 12:18:08','2019-08-09 12:46:23'),
	(33,'Ventas','Ventas',NULL,'false',13,'2019-08-09 12:20:43','2019-08-09 12:47:44'),
	(34,'Contabilidad','Cont',NULL,'false',14,'2019-08-09 12:48:57','2019-08-09 12:48:57'),
	(35,'Administracin Recursos Humanos','Adm. RR-HH',NULL,'false',15,'2019-08-09 12:50:33','2019-08-09 12:50:33'),
	(36,'Compras','Compras',NULL,'false',16,'2019-08-09 12:51:44','2019-08-09 12:51:44'),
	(37,'Servicios Generales','SG',NULL,'false',16,'2019-08-09 12:52:23','2019-08-09 12:52:23'),
	(38,'Almacn','Almacn',NULL,'false',16,'2019-08-09 12:53:15','2019-08-09 12:53:15'),
	(39,'Custodia Equipos Informticos','CEI',NULL,'false',17,'2019-08-15 15:07:29','2019-08-15 15:07:29'),
	(40,'Tecnologa','IT',NULL,'false',18,'2019-08-26 19:42:20','2019-08-26 19:42:20'),
	(41,'Cuentas','EC',NULL,'false',19,'2019-09-09 09:56:35','2019-09-09 10:40:47'),
	(42,'Promociones','CP',NULL,'false',19,'2019-09-09 09:57:17','2019-09-09 10:39:02'),
	(43,'Almacn','EA',NULL,'false',19,'2019-09-09 09:58:15','2019-09-09 10:38:46'),
	(45,'Eventos','EV',NULL,'false',25,'2019-09-09 10:40:00','2019-09-09 10:40:18'),
	(46,'Creatividad','CR',NULL,'false',20,'2019-09-09 11:54:28','2019-09-09 11:54:28'),
	(47,'Produccin','PR',NULL,'false',21,'2019-09-09 11:55:10','2019-09-09 11:55:10'),
	(48,'Contabilidad','CB',NULL,'false',22,'2019-09-09 11:55:48','2019-09-09 11:55:48'),
	(49,'Administracin General','ADMG',NULL,'false',23,'2019-09-09 11:56:59','2019-09-09 11:56:59'),
	(50,'Asistente de Finanzas','AF',NULL,'false',4,'2019-09-19 15:09:42','2019-09-19 15:09:42');

/*!40000 ALTER TABLE `areas` ENABLE KEYS */;
UNLOCK TABLES;


# Dump of table backups
# ------------------------------------------------------------

DROP TABLE IF EXISTS `backups`;

CREATE TABLE `backups` (
  `backup_id` int(11) NOT NULL AUTO_INCREMENT,
  `backup_fecha` timestamp NOT NULL DEFAULT CURRENT_TIMESTAMP,
  `backup_referencia` varchar(255) NOT NULL,
  PRIMARY KEY (`backup_id`),
  UNIQUE KEY `backup_fecha` (`backup_fecha`)
) ENGINE=InnoDB DEFAULT CHARSET=utf8;



# Dump of table categoria_inventarios
# ------------------------------------------------------------

DROP TABLE IF EXISTS `categoria_inventarios`;

CREATE TABLE `categoria_inventarios` (
  `id` bigint(20) unsigned NOT NULL AUTO_INCREMENT,
  `nombre` varchar(191) COLLATE utf8mb4_unicode_ci NOT NULL,
  `descripcion` text COLLATE utf8mb4_unicode_ci NOT NULL,
  `empresa_id` bigint(20) unsigned NOT NULL,
  `created_at` timestamp NULL DEFAULT NULL,
  `updated_at` timestamp NULL DEFAULT NULL,
  PRIMARY KEY (`id`),
  KEY `categoria_inventarios_empresa_id_index` (`empresa_id`)
) ENGINE=MyISAM DEFAULT CHARSET=utf8mb4 COLLATE=utf8mb4_unicode_ci;

LOCK TABLES `categoria_inventarios` WRITE;
/*!40000 ALTER TABLE `categoria_inventarios` DISABLE KEYS */;

INSERT INTO `categoria_inventarios` (`id`, `nombre`, `descripcion`, `empresa_id`, `created_at`, `updated_at`)
VALUES
	(1,'Servidores','Aplicacin en ejecucin capaz de atender las peticiones de un cliente y devolverle una respuesta en',1,'2019-07-24 21:46:31','2019-07-24 21:52:14'),
	(2,'PC Desktops','Sistema digital con tecnologa microelectrnica capaz de procesar datos',1,'2019-07-24 21:47:20','2019-08-27 19:09:17'),
	(3,'Impresoras','Dispositivo perifrico del ordenador que permite producir una gama permanente de textos',1,'2019-07-24 21:52:51','2019-07-24 21:52:51'),
	(4,'Switch','Equipos de Redes',1,'2019-08-27 18:41:25','2019-08-27 18:41:25'),
	(5,'Firewall','Equipos de Redes Proteccin',1,'2019-08-27 18:41:42','2019-08-27 18:41:42'),
	(6,'UPS Systems','Equipos de Proteccin Elctrica',1,'2019-08-27 18:43:40','2019-08-27 18:43:40'),
	(7,'Software Ofimtica','Software Ofimtica Varios - Microsoft - Adobe - Apple',1,'2019-08-27 18:44:06','2019-08-27 19:19:14'),
	(8,'Software Contable','Software para Trabajos de Contabilidad',1,'2019-08-27 18:44:25','2019-08-27 18:44:25'),
	(9,'Software Creativo','Software para creacin de Multimedia, Video y Fotografa',1,'2019-08-27 18:44:58','2019-08-27 18:44:58'),
	(10,'Proyectores','Equipos para Video Proyeccin',1,'2019-08-27 18:45:44','2019-08-27 18:45:44'),
	(11,'Routers WIFI','Equipos de Acceso WIFI',1,'2019-08-27 18:46:01','2019-08-27 18:46:01'),
	(12,'Modems','Equipos de Conexin Internet',1,'2019-08-27 18:46:41','2019-08-27 18:46:41'),
	(13,'Software Sistema Operativo','Sistema Operativo Primario del Equipo',1,'2019-08-27 18:51:02','2019-08-27 18:51:02'),
	(14,'Monitores','Dispositivos Display para PCs / Laptops (Externo)',1,'2019-08-27 18:53:33','2019-08-27 18:53:43'),
	(15,'Perifricos Varios','Lectores, Mouse, Teclados, etc',1,'2019-08-27 18:57:14','2019-08-27 18:57:14'),
	(16,'Software Antivirus','Software para Proteccin de Equipos',1,'2019-08-27 19:00:40','2019-08-27 19:00:40'),
	(17,'DVRs','Equipos de Video Vigilancia',1,'2019-08-27 19:03:16','2019-08-27 19:03:16'),
	(18,'Cmaras de Seguridad','Cmaras para Video Vigilancia',1,'2019-08-27 19:03:35','2019-08-27 19:03:35'),
	(19,'Scanners','Equipos para Captura Digital de Documentos',1,'2019-08-27 19:05:56','2019-08-27 19:05:56'),
	(20,'NAS - Equipos de Backup','Network Attached Systems - Equipos para Backups',1,'2019-08-27 19:07:24','2019-08-27 19:07:24'),
	(21,'Laptops','Equipos de Cmputo Tipo Laptop',1,'2019-08-27 19:09:35','2019-08-27 19:09:46'),
	(22,'Tablets','Dispositivos tipo Tabletas Digitales',1,'2019-08-27 19:10:07','2019-08-27 19:10:07'),
	(23,'Mobile','Celulares / Equipos Mviles / Flotas',1,'2019-08-27 19:10:38','2019-08-27 19:10:38'),
	(24,'Aparato Telefnico','Aparatos Telefnicos',1,'2020-03-13 12:46:35','2020-03-13 12:46:35'),
	(25,'Central Telefnica','Central Telefnica',1,'2020-03-13 12:47:16','2020-03-13 12:47:16');

/*!40000 ALTER TABLE `categoria_inventarios` ENABLE KEYS */;
UNLOCK TABLES;


# Dump of table categoria_soportes
# ------------------------------------------------------------

DROP TABLE IF EXISTS `categoria_soportes`;

CREATE TABLE `categoria_soportes` (
  `id` bigint(20) unsigned NOT NULL AUTO_INCREMENT,
  `categoria_ticket_id` bigint(20) unsigned NOT NULL,
  `soporte_id` bigint(20) unsigned NOT NULL,
  `created_at` timestamp NULL DEFAULT NULL,
  `updated_at` timestamp NULL DEFAULT NULL,
  PRIMARY KEY (`id`)
) ENGINE=InnoDB DEFAULT CHARSET=utf8mb4 COLLATE=utf8mb4_unicode_ci;

LOCK TABLES `categoria_soportes` WRITE;
/*!40000 ALTER TABLE `categoria_soportes` DISABLE KEYS */;

INSERT INTO `categoria_soportes` (`id`, `categoria_ticket_id`, `soporte_id`, `created_at`, `updated_at`)
VALUES
	(8,1,2,NULL,NULL),
	(9,2,2,NULL,NULL),
	(10,3,2,NULL,NULL),
	(11,4,2,NULL,NULL),
	(12,5,2,NULL,NULL),
	(13,6,2,NULL,NULL),
	(14,7,2,NULL,NULL),
	(15,8,2,NULL,NULL),
	(16,9,2,NULL,NULL),
	(17,1,3,NULL,NULL),
	(18,2,3,NULL,NULL),
	(19,3,3,NULL,NULL),
	(20,4,3,NULL,NULL),
	(21,5,3,NULL,NULL),
	(22,6,3,NULL,NULL),
	(23,7,3,NULL,NULL),
	(24,8,3,NULL,NULL),
	(25,9,3,NULL,NULL),
	(26,1,4,NULL,NULL),
	(27,2,4,NULL,NULL),
	(28,3,4,NULL,NULL),
	(29,4,4,NULL,NULL),
	(30,5,4,NULL,NULL),
	(31,6,4,NULL,NULL),
	(32,7,4,NULL,NULL),
	(33,8,4,NULL,NULL),
	(34,9,4,NULL,NULL);

/*!40000 ALTER TABLE `categoria_soportes` ENABLE KEYS */;
UNLOCK TABLES;


# Dump of table categoria_tickets
# ------------------------------------------------------------

DROP TABLE IF EXISTS `categoria_tickets`;

CREATE TABLE `categoria_tickets` (
  `id` bigint(20) unsigned NOT NULL AUTO_INCREMENT,
  `nombre` varchar(191) COLLATE utf8mb4_unicode_ci NOT NULL,
  `descripcion` text COLLATE utf8mb4_unicode_ci NOT NULL,
  `area_soporte_id` bigint(20) unsigned NOT NULL,
  `empresa_id` bigint(20) unsigned NOT NULL,
  `created_at` timestamp NULL DEFAULT NULL,
  `updated_at` timestamp NULL DEFAULT NULL,
  PRIMARY KEY (`id`),
  KEY `categoria_tickets_area_soporte_id_index` (`area_soporte_id`),
  KEY `categoria_tickets_empresa_id_index` (`empresa_id`)
) ENGINE=MyISAM DEFAULT CHARSET=utf8mb4 COLLATE=utf8mb4_unicode_ci;

LOCK TABLES `categoria_tickets` WRITE;
/*!40000 ALTER TABLE `categoria_tickets` DISABLE KEYS */;

INSERT INTO `categoria_tickets` (`id`, `nombre`, `descripcion`, `area_soporte_id`, `empresa_id`, `created_at`, `updated_at`)
VALUES
	(1,'Impresora','Dispositivo perifrico del ordenador que permite producir una gama permanente de textos o grficos',1,1,'2019-07-24 21:20:44','2019-07-24 21:20:44'),
	(2,'Ofimtica','Aplicacin de la informtica a las tcnicas y trabajos de oficina.',1,1,'2019-07-24 21:21:50','2019-07-24 21:21:50'),
	(3,'Desarrollo','Implementacin de nuevos modulos',2,1,'2019-07-24 21:22:54','2019-07-24 21:22:54'),
	(4,'Mantenimiento','Ajuste del cdigo de programacin',2,1,'2019-07-24 21:23:50','2019-07-24 21:23:50'),
	(5,'Sistema Operativo','La asistencia tcnica  a los usuarios cuando estos presenten algun problema al utilizar un producto',1,1,'2019-07-24 21:26:34','2019-07-24 21:26:34'),
	(6,'Redes','Redes (creacin y mantenimiento)',1,1,'2019-07-24 21:29:22','2019-07-24 21:29:22'),
	(7,'PC Y Laptops','Mantenimiento y reparacin de equipos.',1,1,'2019-07-24 21:30:15','2019-07-24 21:30:15'),
	(8,'Internet','Servicios de soporte internet',1,1,'2019-07-24 22:04:04','2019-07-24 22:04:04'),
	(9,'Perifricos (Teclado, Mouse, Scanner)','Instalacin de perifricos',1,1,'2019-07-24 22:05:21','2019-07-24 22:05:21');

/*!40000 ALTER TABLE `categoria_tickets` ENABLE KEYS */;
UNLOCK TABLES;


# Dump of table comentario_tickets
# ------------------------------------------------------------

DROP TABLE IF EXISTS `comentario_tickets`;

CREATE TABLE `comentario_tickets` (
  `id` bigint(20) unsigned NOT NULL AUTO_INCREMENT,
  `ticket_id` bigint(20) unsigned NOT NULL,
  `user_id` bigint(20) unsigned NOT NULL,
  `privado` tinyint(1) NOT NULL DEFAULT '0',
  `comentario` text COLLATE utf8mb4_unicode_ci,
  `created_at` timestamp NULL DEFAULT NULL,
  `updated_at` timestamp NULL DEFAULT NULL,
  PRIMARY KEY (`id`)
) ENGINE=InnoDB DEFAULT CHARSET=utf8mb4 COLLATE=utf8mb4_unicode_ci;

LOCK TABLES `comentario_tickets` WRITE;
/*!40000 ALTER TABLE `comentario_tickets` DISABLE KEYS */;

INSERT INTO `comentario_tickets` (`id`, `ticket_id`, `user_id`, `privado`, `comentario`, `created_at`, `updated_at`)
VALUES
	(1,1,66,0,'Excelente servico brindado por el colaborador, muy diligente y dispuesto. Gracias.','2019-08-13 15:45:25','2019-08-13 15:45:25'),
	(2,9,5,0,'La Laptop realizo un proceso de Actualizacin Automtica al momento de Apagar el dia 14-08-19, en el dia de hoy fruto a las actualizaciones realizadas estaba un poco lenta al momento de iniciar tardo 10 minutos o mas','2019-08-15 09:35:06','2019-08-15 09:35:06'),
	(3,9,50,0,'He confirmado con la Sra. Pamela Faura que todo esta funcionando en su equipo, procedo a validar el ticket.','2019-08-15 09:44:29','2019-08-15 09:44:29'),
	(4,11,43,0,'Mi correo no responde, por lo que necesito soporte tecnico','2019-08-15 14:38:02','2019-08-15 14:38:02'),
	(5,11,5,0,'Parece ser que al momento de irse la luz elctrica se apago el Moden del Internet de Claro','2019-08-15 14:40:03','2019-08-15 14:40:03'),
	(6,11,66,0,NULL,'2019-08-15 14:59:56','2019-08-15 14:59:56'),
	(7,13,50,0,NULL,'2019-08-20 14:32:03','2019-08-20 14:32:03'),
	(8,12,50,0,NULL,'2019-08-20 14:32:16','2019-08-20 14:32:16'),
	(9,10,52,0,NULL,'2019-08-20 16:46:43','2019-08-20 16:46:43'),
	(10,17,50,0,NULL,'2019-08-26 14:53:49','2019-08-26 14:53:49'),
	(11,16,50,0,NULL,'2019-08-26 14:53:56','2019-08-26 14:53:56'),
	(12,2,66,0,NULL,'2019-08-28 10:42:01','2019-08-28 10:42:01'),
	(13,31,50,0,NULL,'2019-08-30 11:21:47','2019-08-30 11:21:47'),
	(14,32,58,0,'Excelente, rpida solucin.','2019-09-04 09:22:20','2019-09-04 09:22:20'),
	(15,30,50,0,'Este ticket fue conversado en una reunion con Wagner, Edwin, Marco y Adabel, el mismo fue revisado y autorizado.','2019-09-05 12:49:33','2019-09-05 12:49:33'),
	(16,34,5,0,'Saludos Yanet, me podras enviar una imagen del error que te presenta','2019-09-19 12:42:45','2019-09-19 12:42:45'),
	(17,34,5,0,'Buenos Das Yanet, me podras indicar con una imagen el error que se te presenta','2019-09-20 09:54:12','2019-09-20 09:54:12'),
	(18,34,54,0,'se corrigio','2019-09-23 13:12:02','2019-09-23 13:12:02'),
	(19,35,53,0,'Satisfecha con el servicio','2019-09-23 15:57:35','2019-09-23 15:57:35'),
	(20,36,66,0,'Servicio como es costumbre rapido y eficiente.','2019-09-27 10:19:22','2019-09-27 10:19:22'),
	(21,37,66,0,'Excelente servicio como es costumbre por parte de Gregory','2019-09-30 15:00:05','2019-09-30 15:00:05'),
	(22,38,5,0,'Hola Katherine como estas, quisiera saber si dejas la PC encendida cuando te vas','2019-09-30 15:34:34','2019-09-30 15:34:34'),
	(23,38,48,0,'El computador se encuentra actualmente en buen funcionamiento :)','2019-10-01 10:51:16','2019-10-01 10:51:16'),
	(24,39,66,0,'Excelente trabajo muy rapido como es costumbre.','2019-10-03 11:09:19','2019-10-03 11:09:19'),
	(25,40,66,0,'Muy bien','2019-10-03 11:09:58','2019-10-03 11:09:58'),
	(26,41,66,0,'Bien','2019-10-03 11:12:02','2019-10-03 11:12:02'),
	(27,42,66,0,'Muy bien','2019-10-03 11:12:29','2019-10-03 11:12:29'),
	(28,50,52,0,NULL,'2019-10-08 09:35:18','2019-10-08 09:35:18'),
	(29,68,6,0,'Trabajo realizado','2019-10-11 09:42:26','2019-10-11 09:42:26'),
	(30,43,66,0,'Trabajo completado satisfactoriamente, Gracias,.','2019-10-11 12:39:27','2019-10-11 12:39:27'),
	(31,70,1,0,'By Admin DTE','2019-10-11 19:06:32','2019-10-11 19:06:32'),
	(32,71,1,0,'By Admin DTE','2019-10-11 19:06:46','2019-10-11 19:06:46'),
	(33,72,1,0,'By Admin DTE','2019-10-11 19:06:54','2019-10-11 19:06:54'),
	(34,73,1,0,'By Admin DTE','2019-10-11 19:07:04','2019-10-11 19:07:04'),
	(35,69,1,0,'By Admin DTE','2019-10-11 19:07:29','2019-10-11 19:07:29'),
	(36,77,66,0,'Excelente trabajo','2019-10-18 15:21:22','2019-10-18 15:21:22'),
	(37,45,66,0,'bien','2019-10-18 15:22:16','2019-10-18 15:22:16'),
	(38,46,66,0,'Buen trabajo','2019-10-18 15:22:42','2019-10-18 15:22:42'),
	(39,51,66,0,'Buen Trabajo','2019-10-18 15:23:21','2019-10-18 15:23:21'),
	(40,58,66,0,'Excelente','2019-10-18 15:23:54','2019-10-18 15:23:54'),
	(41,78,66,0,'Excelente','2019-10-18 15:24:30','2019-10-18 15:24:30'),
	(42,75,66,0,'Muy bien','2019-10-18 15:26:16','2019-10-18 15:26:16'),
	(43,89,5,0,'Puede verificar si est conectado a La corriente, puede verificar si el cable est ajustado al monitor','2019-10-21 09:16:22','2019-10-21 09:16:22'),
	(44,93,63,0,NULL,'2019-10-22 08:19:03','2019-10-22 08:19:03'),
	(45,53,63,0,NULL,'2019-10-22 08:20:26','2019-10-22 08:20:26'),
	(46,79,63,0,NULL,'2019-10-22 08:22:44','2019-10-22 08:22:44'),
	(47,94,92,0,'Que lo que de lo mo... me va a dar banda?','2019-10-22 17:43:36','2019-10-22 17:43:36'),
	(48,94,5,0,'Me puedes mandar una imagen','2019-10-22 17:44:34','2019-10-22 17:44:34'),
	(49,102,5,0,'si estoy revisando el porque no se puede acceder me podra informar por esta va si tiene MacOS Mojave 10.14.6','2019-10-24 14:06:00','2019-10-24 14:06:00'),
	(50,103,5,0,'Solo tienes que encender el WiFi en configuraciones de red','2019-10-25 08:11:50','2019-10-25 08:11:50'),
	(51,103,5,0,'Puedes ver la imagen en archivo que te adjunte y me confirmas si se activo','2019-10-25 09:02:06','2019-10-25 09:02:06'),
	(52,106,5,0,'me puede mandar una imagen de lo que le sale en la pantalla','2019-10-28 09:39:50','2019-10-28 09:39:50'),
	(53,47,66,0,'Muy buen trabajo','2019-10-28 14:33:28','2019-10-28 14:33:28'),
	(54,44,66,0,NULL,'2019-10-28 14:37:52','2019-10-28 14:37:52'),
	(55,110,5,0,'me puedes indicar el acceso','2019-11-01 09:49:52','2019-11-01 09:49:52'),
	(56,44,66,0,'Buen trabajo','2019-11-01 16:52:51','2019-11-01 16:52:51'),
	(57,48,66,0,'Muy buen trabajo','2019-11-01 16:53:21','2019-11-01 16:53:21'),
	(58,49,66,0,'Buen Trabajo','2019-11-01 16:53:49','2019-11-01 16:53:49'),
	(59,52,66,0,'Bien','2019-11-01 16:54:17','2019-11-01 16:54:17'),
	(60,54,66,0,'Bien','2019-11-01 16:54:42','2019-11-01 16:54:42'),
	(61,55,66,0,'Buen Trabajo','2019-11-01 16:57:31','2019-11-01 16:57:31'),
	(62,56,66,0,'Muy bien','2019-11-01 16:58:08','2019-11-01 16:58:08'),
	(63,57,66,0,'Buen Trabajo','2019-11-01 16:58:38','2019-11-01 16:58:38'),
	(64,59,66,0,'Buen Trabajo','2019-11-01 16:59:04','2019-11-01 16:59:04'),
	(65,65,66,0,'Buen Trabajo','2019-11-01 16:59:32','2019-11-01 16:59:32'),
	(66,76,66,0,'Buen trabajo','2019-11-01 16:59:55','2019-11-01 16:59:55'),
	(67,83,66,0,'Buen trabajo','2019-11-01 17:00:24','2019-11-01 17:00:24'),
	(68,84,66,0,'Buen trabajo','2019-11-01 17:00:53','2019-11-01 17:00:53'),
	(69,85,66,0,'Buen  Trabajo','2019-11-01 17:01:29','2019-11-01 17:01:29'),
	(70,86,66,0,'Buen Trabajo','2019-11-01 17:01:55','2019-11-01 17:01:55'),
	(71,87,66,0,'Buen Trabajo','2019-11-01 17:02:17','2019-11-01 17:02:17'),
	(72,88,66,0,'Buen Trabajo','2019-11-01 17:02:55','2019-11-01 17:02:55'),
	(73,91,66,0,'Muy bien','2019-11-01 17:03:18','2019-11-01 17:03:18'),
	(74,92,66,0,'Muy bien','2019-11-01 17:03:49','2019-11-01 17:03:49'),
	(75,95,66,0,'Muy bien','2019-11-01 17:04:10','2019-11-01 17:04:10'),
	(76,96,66,0,'Muy bien','2019-11-01 17:04:32','2019-11-01 17:04:32'),
	(77,97,66,0,'Muy bien','2019-11-01 17:04:53','2019-11-01 17:04:53'),
	(78,105,66,0,'Muy buen trabajo','2019-11-01 17:05:15','2019-11-01 17:05:15'),
	(79,107,66,0,'Buen Trabajo','2019-11-01 17:05:48','2019-11-01 17:05:48'),
	(80,108,66,0,'Buen Trabajo','2019-11-01 17:06:10','2019-11-01 17:06:10'),
	(81,109,66,0,'Excelente !','2019-11-01 17:06:34','2019-11-01 17:06:34'),
	(82,112,50,0,NULL,'2019-11-08 09:30:08','2019-11-08 09:30:08'),
	(83,118,5,0,'Tu iMac necesita Mantenimiento normalmente este proceso se programa porque toma tiempo','2019-11-14 12:00:52','2019-11-14 12:00:52'),
	(84,116,5,0,'HAS REINICIADO O APAGADO LA MACBOOK TOTALMENTE ?','2019-11-14 12:05:57','2019-11-14 12:05:57'),
	(85,117,5,0,'HAS REINICIADO O APAGADO LA MACBOOK TOTALMENTE ?','2019-11-14 12:06:20','2019-11-14 12:06:20'),
	(86,104,50,0,NULL,'2019-11-18 10:51:42','2019-11-18 10:51:42'),
	(87,119,5,0,'Saludos, con el proceso de Organizacin que se esta llevado a cabo segn los correo que se enviaron, solamente se proceder a entrar','2019-11-20 10:09:18','2019-11-20 10:09:18'),
	(88,119,5,0,'a un solo Dispositivo de Almacenamiento 10.0.0.39, que es el que usted tiene Acceso, Maana proceder con el departamento de Creatividad para mostrarle','2019-11-20 10:11:00','2019-11-20 10:11:00'),
	(89,111,50,0,NULL,'2019-11-22 14:09:50','2019-11-22 14:09:50'),
	(90,114,50,0,NULL,'2019-11-22 14:09:58','2019-11-22 14:09:58'),
	(91,115,50,0,NULL,'2019-11-22 14:10:19','2019-11-22 14:10:19'),
	(92,98,6,0,NULL,'2019-11-27 14:33:22','2019-11-27 14:33:22'),
	(93,99,6,0,NULL,'2019-11-27 15:00:44','2019-11-27 15:00:44'),
	(94,100,6,0,NULL,'2019-11-27 15:01:00','2019-11-27 15:01:00'),
	(95,101,6,0,NULL,'2019-11-27 15:01:14','2019-11-27 15:01:14'),
	(96,122,6,0,NULL,'2019-11-28 11:59:01','2019-11-28 11:59:01'),
	(97,123,6,0,NULL,'2019-11-28 14:27:16','2019-11-28 14:27:16'),
	(98,124,6,0,NULL,'2019-11-28 14:27:24','2019-11-28 14:27:24'),
	(99,125,6,0,NULL,'2019-11-28 14:27:32','2019-11-28 14:27:32'),
	(100,126,6,0,NULL,'2019-11-28 14:27:41','2019-11-28 14:27:41'),
	(101,121,58,0,'Excelente','2019-12-02 16:50:11','2019-12-02 16:50:11'),
	(102,120,50,0,NULL,'2019-12-02 19:03:27','2019-12-02 19:03:27'),
	(103,127,5,0,'me puede mostrar que error se te presenta','2019-12-04 12:00:49','2019-12-04 12:00:49'),
	(104,128,96,0,'Buen Trabajo !','2019-12-09 15:02:40','2019-12-09 15:02:40'),
	(105,104,5,0,'Sra. Denny Paredes ya puede eliminar este Ticket, ya que no sera procesado si, no sabe como hacerlo por favor me indica para ayudarle','2019-12-10 09:24:04','2019-12-10 09:24:04'),
	(106,129,6,0,NULL,'2019-12-18 16:59:48','2019-12-18 16:59:48'),
	(107,130,5,0,'hola Wendy como estas, me podras indicar a que computadora esta conectada','2020-01-09 09:20:04','2020-01-09 09:20:04'),
	(108,133,6,0,NULL,'2020-01-13 11:30:36','2020-01-13 11:30:36'),
	(109,134,6,0,NULL,'2020-01-13 11:31:03','2020-01-13 11:31:03'),
	(110,135,6,0,NULL,'2020-01-13 11:31:24','2020-01-13 11:31:24'),
	(111,136,6,0,NULL,'2020-01-13 11:31:39','2020-01-13 11:31:39'),
	(112,137,6,0,NULL,'2020-01-13 11:31:54','2020-01-13 11:31:54'),
	(113,130,50,0,NULL,'2020-01-20 08:20:38','2020-01-20 08:20:38'),
	(114,139,50,0,NULL,'2020-01-20 08:20:46','2020-01-20 08:20:46'),
	(115,155,63,0,NULL,'2020-01-20 14:35:10','2020-01-20 14:35:10'),
	(116,156,50,0,NULL,'2020-02-03 07:56:58','2020-02-03 07:56:58'),
	(117,161,6,0,NULL,'2020-02-03 10:51:17','2020-02-03 10:51:17'),
	(118,162,63,0,NULL,'2020-02-05 18:42:20','2020-02-05 18:42:20'),
	(119,163,63,0,'3 LAPTOPS DE CDC','2020-02-05 18:43:07','2020-02-05 18:43:07'),
	(120,166,6,0,NULL,'2020-02-14 11:27:50','2020-02-14 11:27:50'),
	(121,167,6,0,NULL,'2020-02-14 11:28:08','2020-02-14 11:28:08'),
	(122,168,6,0,NULL,'2020-02-14 11:28:21','2020-02-14 11:28:21'),
	(123,169,6,0,NULL,'2020-02-14 11:28:35','2020-02-14 11:28:35'),
	(124,170,6,0,NULL,'2020-02-14 11:28:48','2020-02-14 11:28:48'),
	(125,171,6,0,NULL,'2020-02-24 11:52:14','2020-02-24 11:52:14'),
	(126,164,58,0,NULL,'2020-03-02 12:13:45','2020-03-02 12:13:45'),
	(127,172,36,0,NULL,'2020-03-02 12:19:43','2020-03-02 12:19:43'),
	(128,173,50,0,NULL,'2020-03-03 14:46:01','2020-03-03 14:46:01'),
	(129,174,50,0,NULL,'2020-03-03 14:46:21','2020-03-03 14:46:21'),
	(130,177,6,0,NULL,'2020-03-06 08:25:07','2020-03-06 08:25:07'),
	(131,178,6,0,NULL,'2020-03-06 08:25:28','2020-03-06 08:25:28'),
	(132,179,6,0,NULL,'2020-03-06 08:25:43','2020-03-06 08:25:43'),
	(133,180,6,0,NULL,'2020-03-06 08:26:05','2020-03-06 08:26:05'),
	(134,181,6,0,NULL,'2020-03-06 08:26:19','2020-03-06 08:26:19'),
	(135,185,5,0,'Saludos Gabriela me podras decir qu tipo de error te presenta','2020-03-11 15:07:30','2020-03-11 15:07:30'),
	(136,183,63,0,NULL,'2020-03-13 11:30:07','2020-03-13 11:30:07'),
	(137,184,63,0,NULL,'2020-03-13 15:02:04','2020-03-13 15:02:04'),
	(138,60,1,0,NULL,'2020-04-01 18:01:20','2020-04-01 18:01:20'),
	(139,74,1,0,NULL,'2020-04-01 18:01:27','2020-04-01 18:01:27'),
	(140,80,1,0,NULL,'2020-04-01 18:01:35','2020-04-01 18:01:35'),
	(141,81,1,0,NULL,'2020-04-01 18:01:43','2020-04-01 18:01:43'),
	(142,82,1,0,NULL,'2020-04-01 18:01:50','2020-04-01 18:01:50'),
	(143,89,1,0,NULL,'2020-04-01 18:02:35','2020-04-01 18:02:35'),
	(144,90,1,0,NULL,'2020-04-01 18:02:42','2020-04-01 18:02:42'),
	(145,94,1,0,NULL,'2020-04-01 18:02:57','2020-04-01 18:02:57'),
	(146,102,1,0,NULL,'2020-04-01 18:03:05','2020-04-01 18:03:05'),
	(147,103,1,0,NULL,'2020-04-01 18:03:12','2020-04-01 18:03:12'),
	(148,106,1,0,NULL,'2020-04-01 18:03:18','2020-04-01 18:03:18'),
	(149,110,1,0,NULL,'2020-04-01 18:03:25','2020-04-01 18:03:25'),
	(150,113,1,0,NULL,'2020-04-01 18:03:31','2020-04-01 18:03:31'),
	(151,116,1,0,NULL,'2020-04-01 18:03:37','2020-04-01 18:03:37'),
	(152,117,1,0,NULL,'2020-04-01 18:03:43','2020-04-01 18:03:43'),
	(153,118,1,0,NULL,'2020-04-01 18:03:49','2020-04-01 18:03:49'),
	(154,119,1,0,NULL,'2020-04-01 18:03:55','2020-04-01 18:03:55'),
	(155,127,1,0,NULL,'2020-04-01 18:04:01','2020-04-01 18:04:01'),
	(156,131,1,0,NULL,'2020-04-01 18:04:08','2020-04-01 18:04:08'),
	(157,132,1,0,NULL,'2020-04-01 18:04:14','2020-04-01 18:04:14'),
	(158,140,1,0,NULL,'2020-04-01 18:04:21','2020-04-01 18:04:21'),
	(159,141,1,0,NULL,'2020-04-01 18:04:28','2020-04-01 18:04:28'),
	(160,142,1,0,NULL,'2020-04-01 18:04:46','2020-04-01 18:04:46'),
	(161,143,1,0,NULL,'2020-04-01 18:04:55','2020-04-01 18:04:55'),
	(162,144,1,0,NULL,'2020-04-01 18:05:02','2020-04-01 18:05:02'),
	(163,145,1,0,NULL,'2020-04-01 18:05:07','2020-04-01 18:05:07'),
	(164,146,1,0,NULL,'2020-04-01 18:05:12','2020-04-01 18:05:12'),
	(165,147,1,0,NULL,'2020-04-01 18:05:19','2020-04-01 18:05:19'),
	(166,148,1,0,NULL,'2020-04-01 18:05:25','2020-04-01 18:05:25'),
	(167,149,1,0,NULL,'2020-04-01 18:05:31','2020-04-01 18:05:31'),
	(168,150,1,0,NULL,'2020-04-01 18:05:36','2020-04-01 18:05:36'),
	(169,151,1,0,NULL,'2020-04-01 18:05:42','2020-04-01 18:05:42'),
	(170,153,1,0,NULL,'2020-04-01 18:05:47','2020-04-01 18:05:47'),
	(171,154,1,0,NULL,'2020-04-01 18:05:53','2020-04-01 18:05:53'),
	(172,157,1,0,NULL,'2020-04-01 18:05:59','2020-04-01 18:05:59'),
	(173,158,1,0,NULL,'2020-04-01 18:06:05','2020-04-01 18:06:05'),
	(174,159,1,0,NULL,'2020-04-01 18:06:11','2020-04-01 18:06:11'),
	(175,160,1,0,NULL,'2020-04-01 18:06:16','2020-04-01 18:06:16'),
	(176,185,1,0,NULL,'2020-04-01 18:06:22','2020-04-01 18:06:22'),
	(177,176,50,0,NULL,'2020-04-17 13:19:35','2020-04-17 13:19:35'),
	(178,138,50,0,NULL,'2020-04-17 13:19:55','2020-04-17 13:19:55'),
	(179,175,50,0,NULL,'2020-04-17 13:20:35','2020-04-17 13:20:35'),
	(180,182,50,0,NULL,'2020-04-17 13:20:57','2020-04-17 13:20:57'),
	(181,186,50,0,NULL,'2020-04-17 13:21:24','2020-04-17 13:21:24'),
	(182,187,6,0,NULL,'2020-04-17 14:57:08','2020-04-17 14:57:08'),
	(183,188,63,0,NULL,'2020-06-08 09:01:03','2020-06-08 09:01:03'),
	(184,190,6,0,NULL,'2020-06-08 12:14:37','2020-06-08 12:14:37'),
	(185,191,6,0,NULL,'2020-06-08 12:14:48','2020-06-08 12:14:48'),
	(186,192,6,0,NULL,'2020-06-08 12:14:59','2020-06-08 12:14:59'),
	(187,193,6,0,NULL,'2020-06-08 12:15:09','2020-06-08 12:15:09');

/*!40000 ALTER TABLE `comentario_tickets` ENABLE KEYS */;
UNLOCK TABLES;


# Dump of table departamentos
# ------------------------------------------------------------

DROP TABLE IF EXISTS `departamentos`;

CREATE TABLE `departamentos` (
  `id` bigint(20) unsigned NOT NULL AUTO_INCREMENT,
  `nombre` varchar(191) COLLATE utf8mb4_unicode_ci NOT NULL,
  `nombre_corto` varchar(191) COLLATE utf8mb4_unicode_ci NOT NULL,
  `manager_id` bigint(20) unsigned DEFAULT NULL,
  `active` enum('true','false') COLLATE utf8mb4_unicode_ci NOT NULL DEFAULT 'false',
  `empresa_id` bigint(20) unsigned NOT NULL,
  `created_at` timestamp NULL DEFAULT NULL,
  `updated_at` timestamp NULL DEFAULT NULL,
  PRIMARY KEY (`id`),
  KEY `departamentos_empresa_id_index` (`empresa_id`)
) ENGINE=InnoDB DEFAULT CHARSET=utf8mb4 COLLATE=utf8mb4_unicode_ci;

LOCK TABLES `departamentos` WRITE;
/*!40000 ALTER TABLE `departamentos` DISABLE KEYS */;

INSERT INTO `departamentos` (`id`, `nombre`, `nombre_corto`, `manager_id`, `active`, `empresa_id`, `created_at`, `updated_at`)
VALUES
	(1,'Tecnologa','TI',NULL,'false',1,'2019-07-24 21:08:52','2019-07-24 21:08:52'),
	(2,'Experiencia Cliente','Experiencia',NULL,'false',2,'2019-08-05 11:54:13','2019-08-05 12:09:30'),
	(3,'Comercial','Comercial',NULL,'false',2,'2019-08-05 12:10:18','2019-08-05 12:10:18'),
	(4,'Finanzas','Finanzas',NULL,'false',2,'2019-08-05 12:10:51','2019-08-05 12:10:51'),
	(5,'Presidencia','Presidencia',NULL,'false',2,'2019-08-05 15:11:28','2019-08-05 15:11:28'),
	(6,'Ventas','VT',NULL,'false',3,'2019-08-05 17:22:31','2019-08-05 17:22:31'),
	(7,'Gerencia Financiera','GF',NULL,'false',3,'2019-08-05 17:23:18','2019-08-05 17:23:18'),
	(8,'Gerente General','GG',NULL,'false',3,'2019-08-05 17:23:48','2019-08-05 17:23:48'),
	(9,'Secretaria Administrativa','SA',NULL,'false',3,'2019-08-05 17:24:52','2019-08-05 17:24:52'),
	(10,'Director Ejecutivo','DE',NULL,'false',4,'2019-08-09 11:56:14','2019-08-09 11:56:14'),
	(11,'Programas','Programas',NULL,'false',4,'2019-08-09 11:59:07','2019-08-09 12:37:41'),
	(12,'Monitoreo y Evaluacin','MYE',NULL,'false',4,'2019-08-09 11:59:45','2019-08-09 12:38:41'),
	(13,'Comercial','Comercial',NULL,'false',4,'2019-08-09 12:01:46','2019-08-09 12:39:31'),
	(14,'Finanzas','GF',NULL,'false',4,'2019-08-09 12:02:43','2019-08-09 12:40:34'),
	(15,'Recursos Humanos','RR-HH',NULL,'false',4,'2019-08-09 12:05:07','2019-08-09 12:41:16'),
	(16,'Administracin y Compras','Adm. Compras',NULL,'false',4,'2019-08-09 12:06:41','2019-08-09 12:42:29'),
	(17,'Custodia (Archivo)','CA',NULL,'false',4,'2019-08-15 15:06:31','2019-08-15 15:06:31'),
	(18,'Tecnologa','IT',NULL,'false',4,'2019-08-26 19:41:53','2019-08-26 19:41:53'),
	(19,'CUENTAS','CU',NULL,'false',5,'2019-09-06 16:41:16','2019-09-06 16:41:16'),
	(20,'CREATIVIDAD','CR',NULL,'false',5,'2019-09-06 16:41:45','2019-09-06 16:41:45'),
	(21,'PRODUCCIN','PR',NULL,'false',5,'2019-09-06 16:42:38','2019-09-06 16:42:38'),
	(22,'FINANZAS','FN',NULL,'false',5,'2019-09-06 16:43:06','2019-09-06 16:43:06'),
	(23,'ADMINISTRACIN','ADM',NULL,'false',5,'2019-09-06 16:43:48','2019-09-06 16:43:48'),
	(24,'Tecnologa','IT',NULL,'false',5,'2019-09-09 09:52:15','2019-09-09 09:52:15'),
	(25,'EVENTOS','EVENTOS',NULL,'false',5,'2019-09-09 10:36:57','2019-09-09 10:36:57');

/*!40000 ALTER TABLE `departamentos` ENABLE KEYS */;
UNLOCK TABLES;


# Dump of table empleados
# ------------------------------------------------------------

DROP TABLE IF EXISTS `empleados`;

CREATE TABLE `empleados` (
  `id` bigint(20) unsigned NOT NULL AUTO_INCREMENT,
  `user_id` bigint(20) unsigned DEFAULT NULL,
  `departamento_id` bigint(20) unsigned DEFAULT NULL,
  `area_id` bigint(20) unsigned DEFAULT NULL,
  `posicion_id` bigint(20) unsigned DEFAULT NULL,
  `supervisor_id` bigint(20) unsigned DEFAULT NULL,
  `localidad_id` bigint(20) DEFAULT NULL,
  `nombres` varchar(191) COLLATE utf8mb4_unicode_ci NOT NULL,
  `apellidos` varchar(191) COLLATE utf8mb4_unicode_ci NOT NULL,
  `telefono` varchar(191) COLLATE utf8mb4_unicode_ci DEFAULT NULL,
  `ext` varchar(191) COLLATE utf8mb4_unicode_ci DEFAULT NULL,
  `celular` varchar(191) COLLATE utf8mb4_unicode_ci DEFAULT NULL,
  `email` varchar(191) COLLATE utf8mb4_unicode_ci DEFAULT NULL,
  `active` enum('true','false') COLLATE utf8mb4_unicode_ci NOT NULL DEFAULT 'true',
  `codigos_tarjeta` enum('activo','inactivo') COLLATE utf8mb4_unicode_ci NOT NULL DEFAULT 'inactivo',
  `empresa_id` bigint(20) unsigned NOT NULL,
  `created_at` timestamp NULL DEFAULT NULL,
  `updated_at` timestamp NULL DEFAULT NULL,
  PRIMARY KEY (`id`),
  KEY `empleados_departamento_id_index` (`departamento_id`),
  KEY `empleados_area_id_index` (`area_id`),
  KEY `empleados_posicion_id_index` (`posicion_id`),
  KEY `empleados_supervisor_id_index` (`supervisor_id`),
  KEY `empleados_empresa_id_index` (`empresa_id`)
) ENGINE=InnoDB DEFAULT CHARSET=utf8mb4 COLLATE=utf8mb4_unicode_ci;

LOCK TABLES `empleados` WRITE;
/*!40000 ALTER TABLE `empleados` DISABLE KEYS */;

INSERT INTO `empleados` (`id`, `user_id`, `departamento_id`, `area_id`, `posicion_id`, `supervisor_id`, `localidad_id`, `nombres`, `apellidos`, `telefono`, `ext`, `celular`, `email`, `active`, `codigos_tarjeta`, `empresa_id`, `created_at`, `updated_at`)
VALUES
	(4,7,3,17,11,4,2,'Elaine','Genao','809-412-7575','304','809-978-4908',NULL,'true','inactivo',2,'2019-08-05 13:14:59','2019-08-05 14:12:03'),
	(5,8,4,4,16,4,2,'Katherine','Lapaix','809-412-7575','313','809-978-0111',NULL,'true','inactivo',2,'2019-08-05 14:16:22','2019-08-05 14:23:48'),
	(6,9,4,5,17,NULL,2,'Aida','Garcia','809-412-7575','313','829-874-8523',NULL,'true','inactivo',2,'2019-08-05 14:21:54','2019-08-05 14:21:54'),
	(7,10,4,6,18,NULL,2,'Joselin','Morillo','809-412-7575','322','849-858-1666',NULL,'true','inactivo',2,'2019-08-05 14:25:34','2019-08-05 14:25:34'),
	(8,11,4,7,2,NULL,2,'Gesabeth','Jorge','809-412-7575','320','809-978-4890',NULL,'true','inactivo',2,'2019-08-05 14:27:08','2019-08-05 14:27:08'),
	(9,12,2,8,3,NULL,2,'Madelin','Perez','809-412-7575','312','809-978-4891',NULL,'true','inactivo',2,'2019-08-05 14:28:55','2019-08-05 14:28:55'),
	(10,13,2,9,12,NULL,2,'Ruth','Jimenez','809-412-7575','317','809-978-4897',NULL,'true','inactivo',2,'2019-08-05 14:31:17','2019-08-05 14:31:17'),
	(11,14,2,11,13,9,2,'Mayra','Jimenez','809-412-7575','314','809-978-4889',NULL,'true','inactivo',2,'2019-08-05 14:39:15','2019-08-05 14:39:15'),
	(12,15,2,10,14,9,2,'Nadia','Pea','809-412-7575','300','809-978-5399',NULL,'true','inactivo',2,'2019-08-05 14:41:44','2019-08-05 14:41:44'),
	(13,16,2,12,15,NULL,3,'Erika','Tejeda','809-530-1233','000','829-650-1927',NULL,'true','inactivo',2,'2019-08-05 14:44:42','2019-08-05 14:44:42'),
	(14,17,3,14,5,NULL,2,'Ylia','Toribio','809-412-7575','303','829-650-1925',NULL,'true','inactivo',2,'2019-08-05 14:46:27','2019-08-05 14:46:27'),
	(15,18,3,15,6,NULL,2,'Anny','Jimenez','809-412-7575','310','809-000-0000',NULL,'true','inactivo',2,'2019-08-05 14:48:18','2019-08-05 14:48:18'),
	(16,19,3,13,4,NULL,2,'Marcia','Rincon','809-412-7575','302','809-978-4887',NULL,'true','inactivo',2,'2019-08-05 14:50:07','2019-08-05 14:50:07'),
	(17,20,3,16,7,NULL,2,'Raysa','Rodriguez','809-412-7575','308','829-664-0531',NULL,'true','inactivo',2,'2019-08-05 14:51:37','2019-08-05 14:51:37'),
	(18,21,3,18,8,NULL,2,'Mavelys','Pea','809-412-7575','311','809-000-0000',NULL,'true','inactivo',2,'2019-08-05 14:55:01','2019-08-05 14:55:01'),
	(19,22,3,18,8,NULL,2,'Lorena','Rosario','809-412-7575','309','809-000-0000',NULL,'true','inactivo',2,'2019-08-05 14:57:20','2019-08-05 14:57:20'),
	(20,23,3,18,8,NULL,2,'Masiel','Castillo','809-412-7575','311','809-000-0000',NULL,'true','inactivo',2,'2019-08-05 14:58:59','2019-08-05 14:58:59'),
	(21,24,3,17,11,NULL,2,'Fatima','Duran','809-412-7575','305','829-770-4270',NULL,'true','inactivo',2,'2019-08-05 15:01:59','2019-08-05 15:01:59'),
	(22,25,3,17,11,NULL,2,'Diandra','Cespedes','809-412-7575','305','809-978-4912',NULL,'true','inactivo',2,'2019-08-05 15:03:25','2019-08-05 15:03:25'),
	(23,26,3,17,11,NULL,2,'Millosi','Tejera','809-412-7575','307','829-664-0565',NULL,'true','inactivo',2,'2019-08-05 15:05:14','2019-08-05 15:05:14'),
	(24,27,3,17,11,NULL,2,'Omar','Contreras','809-412-7575','306','809-000-0000',NULL,'true','inactivo',2,'2019-08-05 15:07:10','2019-08-05 15:07:10'),
	(25,28,3,17,11,NULL,2,'Alan','Garcia','809-412-7575','306','809-000-0000',NULL,'true','inactivo',2,'2019-08-05 15:08:48','2019-08-05 15:08:48'),
	(26,29,5,20,19,NULL,2,'Virginia','Cabral','809-412-7575','318','809-978-4882',NULL,'true','inactivo',2,'2019-08-05 15:16:53','2019-08-05 15:16:53'),
	(27,30,5,21,20,NULL,2,'Milan','Lora','809-412-7575','319','809-978-4881',NULL,'true','inactivo',2,'2019-08-05 15:18:42','2019-08-05 15:18:42'),
	(28,31,6,22,21,NULL,4,'Pilar','Caminero','809-542-1515','205','8292597191',NULL,'true','inactivo',3,'2019-08-05 17:40:52','2019-08-05 17:40:52'),
	(29,32,6,22,21,28,4,'Steffany','Sanchez','809-542-1515','204','8292597192',NULL,'true','inactivo',3,'2019-08-05 17:45:11','2019-08-05 17:45:11'),
	(30,33,7,23,22,NULL,4,'Manuel','Caraballo','809-542-1515','203','8098194294',NULL,'true','inactivo',3,'2019-08-05 17:49:39','2019-08-05 17:49:39'),
	(31,34,8,24,23,NULL,4,'Laura','Mena','809-542-1515','208','8498614256',NULL,'true','inactivo',3,'2019-08-05 17:53:58','2019-08-05 17:53:58'),
	(32,35,9,25,24,NULL,4,'Florangel','Furcal','809-542-1515','000','8095421515',NULL,'true','inactivo',3,'2019-08-05 17:57:55','2019-08-05 17:57:55'),
	(33,36,10,26,25,NULL,5,'Wendy','Alba','809-532-5848','229','829-745-9006',NULL,'true','inactivo',4,'2019-08-09 15:37:17','2019-08-09 15:37:17'),
	(34,40,11,27,26,33,11,'Ana Celia','Carrero','809-532-5848','225','829-748-9750',NULL,'true','inactivo',4,'2019-08-09 15:51:14','2019-10-11 11:30:10'),
	(35,41,11,27,26,NULL,5,'Mirna','Guillen','809-532-5848','247','829-423-7388',NULL,'true','inactivo',4,'2019-08-09 15:56:48','2019-08-09 15:56:48'),
	(36,42,11,27,27,NULL,5,'Nathaly','De Sena','809-532-5848','237','829-745-6467',NULL,'true','inactivo',4,'2019-08-09 15:59:19','2019-08-09 16:02:14'),
	(37,43,11,27,26,36,5,'Yeuvy','Encarnacin','809-532-5848','237','829-745-6466',NULL,'true','inactivo',4,'2019-08-09 16:07:20','2019-08-09 16:07:20'),
	(38,44,11,29,28,NULL,5,'Frenly','De Jesus','809-532-5848','225','809-723-4574',NULL,'true','inactivo',4,'2019-08-09 16:12:18','2019-08-09 16:12:18'),
	(39,45,11,29,28,NULL,5,'Ana Amelia','Castillo','809-532-5848','225','829-748-4958',NULL,'true','inactivo',4,'2019-08-09 16:15:50','2019-08-09 16:15:50'),
	(40,46,11,29,28,NULL,5,'Laura','Jorge','809-532-5848','225','829-745-9005',NULL,'true','inactivo',4,'2019-08-09 16:17:32','2019-08-09 16:17:32'),
	(41,48,16,36,42,NULL,5,'Katherine','De Los Santos','809-532-5848','236','829-745-6460',NULL,'true','inactivo',4,'2019-08-09 16:41:21','2019-08-09 16:41:21'),
	(42,50,16,36,41,NULL,5,'Adabel','Jimenez','809-532-5848','230','829-745-5762',NULL,'true','activo',4,'2019-08-12 10:14:04','2019-08-12 10:14:04'),
	(43,51,11,29,28,NULL,5,'Yerky','Hernandez','809-532-5848','225','829-748-4957',NULL,'true','inactivo',4,'2019-08-12 10:29:30','2019-08-12 10:29:30'),
	(44,52,11,29,28,NULL,5,'Katherine','Rosario','809-532-5848','225','829-659-4329',NULL,'true','inactivo',4,'2019-08-12 10:31:56','2019-08-12 10:31:56'),
	(45,53,14,34,37,NULL,11,'Wendy','Tejeda','809-532-5848','223','829-745-5764',NULL,'true','inactivo',4,'2019-08-12 10:38:29','2019-10-11 11:26:15'),
	(46,54,14,34,36,NULL,5,'Yanet','Hernandez','809-532-5848','227','829-745-5764',NULL,'true','inactivo',4,'2019-08-12 10:44:41','2019-08-12 10:44:41'),
	(47,55,16,38,45,NULL,5,'Javier','Ferrer','809-532-5848','246','829-745-5760',NULL,'true','inactivo',4,'2019-08-12 11:36:05','2019-08-12 11:36:05'),
	(48,56,16,38,44,NULL,5,'Yeralbis','Severino','809-532-5848','246','829-745-5760',NULL,'true','inactivo',4,'2019-08-12 11:50:09','2019-08-12 11:50:09'),
	(49,57,12,31,29,NULL,5,'Gregory','Quezada','809-532-5848','245','829-745-5760',NULL,'true','inactivo',4,'2019-08-12 11:53:03','2019-08-12 11:53:03'),
	(50,58,12,31,30,NULL,5,'Ramon','Pereyra','809-532-5848','242','829-745-5760',NULL,'true','inactivo',4,'2019-08-12 11:57:00','2019-08-12 11:57:00'),
	(51,59,13,33,32,NULL,5,'Luz P','Payan','809-532-5848','224','829-745-6465',NULL,'true','inactivo',4,'2019-08-12 12:05:03','2019-08-12 12:05:03'),
	(52,60,13,33,33,NULL,5,'Charina','Polanco','809-532-5848','224','829-745-6461',NULL,'true','inactivo',4,'2019-08-12 13:38:55','2019-08-12 13:38:55'),
	(53,61,13,33,34,NULL,5,'Andreina','Ramirez','809-532-5848','224','829-423-5536',NULL,'true','inactivo',4,'2019-08-12 13:40:51','2019-08-12 13:40:51'),
	(54,62,14,34,35,NULL,5,'Petronila','Estevez','809-532-5848','238','829-745-5764',NULL,'true','inactivo',4,'2019-08-12 13:42:54','2019-08-12 13:42:54'),
	(55,63,14,34,38,NULL,5,'Edwin','Urbaez','809-532-5848','223','829-745-5760',NULL,'true','activo',4,'2019-08-12 13:50:04','2020-03-11 16:18:30'),
	(56,64,15,35,39,NULL,5,'Denny','Paredes','809-532-5848','249','829-745-5760',NULL,'true','inactivo',4,'2019-08-12 13:53:36','2019-08-12 13:53:36'),
	(57,65,15,35,40,NULL,5,'Merari','Silva','809-532-5848','249','829-745-5760',NULL,'true','inactivo',4,'2019-08-12 13:57:01','2019-08-12 13:57:01'),
	(58,66,16,37,43,NULL,5,'Elianny','Pion','809-532-5848','221','829-748-9485',NULL,'true','activo',4,'2019-08-12 14:01:07','2019-08-12 14:01:08'),
	(59,67,16,37,46,NULL,5,'Victor','Encarnacion','809-532-5848','246','829-745-5763',NULL,'true','inactivo',4,'2019-08-12 14:26:34','2019-08-12 14:26:34'),
	(60,68,11,27,47,NULL,11,'Pamela','Faura','809-532-5848','225','829-745-6464',NULL,'true','inactivo',4,'2019-08-12 14:47:02','2019-10-11 11:22:44'),
	(61,69,18,40,49,NULL,5,'Wagner','Jimnez','000-000-0000','000','000-000-0000',NULL,'true','inactivo',4,'2019-08-26 19:45:38','2019-08-26 19:45:38'),
	(62,70,23,49,66,NULL,9,'Altagracia Migdalia','Acosta Ramirez','809-534-1616','106','829-451-8065',NULL,'true','inactivo',5,'2019-09-09 15:33:51','2019-09-09 15:33:51'),
	(64,72,23,49,66,62,9,'Maria','Martinez Izquierdo','809-534-1616','139','829-638-9146',NULL,'true','inactivo',5,'2019-09-09 15:42:13','2019-09-09 15:42:13'),
	(65,73,23,49,65,NULL,9,'Caroll','Baez Caminero','809-534-1616','105','809-330-1208',NULL,'true','inactivo',5,'2019-09-09 15:44:44','2019-09-09 15:44:44'),
	(66,74,23,49,67,NULL,9,'Karen','D Oleo Peguero','809-534-1616','101','829-451-6544',NULL,'true','inactivo',5,'2019-09-09 15:47:11','2019-09-09 15:47:11'),
	(67,75,22,48,62,NULL,9,'Heidy','Grullon Gomez','809-534-1616','110','829-451-6543',NULL,'true','inactivo',5,'2019-09-09 15:49:50','2019-09-09 15:49:51'),
	(68,76,22,48,63,NULL,9,'Marianni','Lara Veloz','809-534-1616','116','829-709-5443',NULL,'true','inactivo',5,'2019-09-09 15:51:56','2019-09-09 15:51:56'),
	(69,77,22,48,64,NULL,9,'Gabriela','Coronado Santos','809-534-1616','107','829-451-6935',NULL,'true','inactivo',5,'2019-09-09 15:53:42','2019-09-09 15:53:42'),
	(70,78,21,47,60,NULL,9,'Sandra','Baez Caminero','809-534-1616','137','829-571-9072',NULL,'true','inactivo',5,'2019-09-09 15:56:01','2019-09-09 15:56:01'),
	(71,79,21,47,61,NULL,9,'Sergio','Soriano','809-534-1616','113','829-451-8068',NULL,'true','inactivo',5,'2019-09-09 16:01:11','2019-09-09 16:01:11'),
	(72,80,25,45,59,NULL,9,'Sachi','Sone','809-534-1616','137','829-451-8062',NULL,'true','inactivo',5,'2019-09-09 16:03:31','2019-09-09 16:03:32'),
	(73,81,19,41,53,NULL,9,'Catherine','Batista Curiel','809-534-1616','111','829-451-6545',NULL,'true','inactivo',5,'2019-09-09 16:07:07','2019-09-09 16:07:07'),
	(74,82,19,42,51,NULL,9,'Daniela','Calcao Reina','809-534-1616','115','829-451-6938',NULL,'true','inactivo',5,'2019-09-09 16:10:01','2019-09-09 16:10:01'),
	(75,83,19,42,51,NULL,9,'Amaury','Roman Gil','809-534-1616','104','829-451-6936',NULL,'true','inactivo',5,'2019-09-09 16:15:38','2019-09-09 16:15:38'),
	(76,84,19,41,50,NULL,9,'Catherine K','Lluberes Vargas','809-534-1616','134','829-451-6933',NULL,'true','inactivo',5,'2019-09-09 16:19:10','2019-09-10 11:34:29'),
	(77,85,19,43,52,NULL,9,'Yeidemy','Luzon Vasquez','809-534-1616','103','849-281-0562',NULL,'true','inactivo',5,'2019-09-09 16:21:17','2019-09-09 16:21:17'),
	(78,86,19,41,50,NULL,9,'Eira','Caceres','809-534-1616','112','829-451-6934',NULL,'true','inactivo',5,'2019-09-09 16:23:26','2019-09-09 16:23:26'),
	(79,87,20,46,54,NULL,9,'Abel','Urea Almonte','809-534-1616','109','829-916-9441',NULL,'true','inactivo',5,'2019-09-09 16:26:23','2019-09-09 16:26:23'),
	(80,88,20,46,55,NULL,9,'Eric','Alcantara Martinez','809-534-1616','102','829-526-6066',NULL,'true','inactivo',5,'2019-09-09 16:28:48','2019-09-09 16:28:48'),
	(81,89,20,46,56,NULL,9,'Su-Lion','Sang Polanco','809-534-1616','102','809-886-9440',NULL,'true','inactivo',5,'2019-09-09 16:31:49','2019-09-09 16:31:49'),
	(82,90,20,46,57,NULL,9,'Ernesto','Torres Valdez','809-534-1616','102','809-980-6343',NULL,'true','inactivo',5,'2019-09-09 16:34:11','2019-09-09 16:34:11'),
	(83,91,20,46,57,NULL,9,'Ian Michel','Zapata Angeles','809-534-1616','109','829-988-4311',NULL,'true','inactivo',5,'2019-09-09 16:38:23','2019-09-09 16:38:23'),
	(84,92,20,46,57,NULL,9,'Jean Carlos','Polanco Urea','809-534-1616','102','829-892-4152',NULL,'true','inactivo',5,'2019-09-09 16:42:48','2019-09-09 16:42:48'),
	(85,93,20,46,57,NULL,9,'Carlos','De Leon Duverge','809-534-1616','140','809-429-6350',NULL,'true','inactivo',5,'2019-09-09 16:45:46','2019-09-09 16:45:46'),
	(86,94,20,46,58,NULL,9,'Carolina','Despradel Abreu','809-534-1616','140','829-451-6546',NULL,'true','inactivo',5,'2019-09-09 16:47:54','2019-09-09 16:47:54'),
	(87,95,4,50,68,NULL,2,'Karla','Laureano','8094127575','323','8090000000',NULL,'true','inactivo',2,'2019-09-19 15:16:52','2019-09-19 15:16:52'),
	(88,96,16,37,69,NULL,5,'Elizabeth','Matos','809-532-5848','101','809-532-5848',NULL,'true','inactivo',4,'2019-09-27 09:35:06','2019-09-27 09:35:06'),
	(89,97,19,42,51,NULL,9,'Laura','Gutierrez','809-534-1616','103','809-534-1616',NULL,'true','inactivo',5,'2019-10-17 15:19:39','2019-10-17 15:20:15'),
	(90,101,14,34,35,NULL,5,'Sobella','Arias','809-532-5848','123','809-532-5848',NULL,'true','inactivo',4,'2020-03-11 22:11:08','2020-03-11 22:11:08'),
	(91,102,20,46,55,79,9,'Alejandro','Chahin De La Cruz','809-534-1616','109','809-534-1616',NULL,'true','inactivo',5,'2020-03-18 09:20:43','2020-03-18 09:20:43'),
	(92,103,25,45,59,NULL,9,'Paola','Hernandez','809-534-1616','137','8095341616',NULL,'true','inactivo',5,'2020-03-19 09:13:56','2020-03-19 09:13:56');

/*!40000 ALTER TABLE `empleados` ENABLE KEYS */;
UNLOCK TABLES;


# Dump of table empresa_modulo
# ------------------------------------------------------------

DROP TABLE IF EXISTS `empresa_modulo`;

CREATE TABLE `empresa_modulo` (
  `id` bigint(20) unsigned NOT NULL AUTO_INCREMENT,
  `empresa_id` bigint(20) unsigned NOT NULL,
  `modulo_id` bigint(20) unsigned NOT NULL,
  `created_at` timestamp NULL DEFAULT NULL,
  `updated_at` timestamp NULL DEFAULT NULL,
  PRIMARY KEY (`id`)
) ENGINE=InnoDB DEFAULT CHARSET=utf8mb4 COLLATE=utf8mb4_unicode_ci;

LOCK TABLES `empresa_modulo` WRITE;
/*!40000 ALTER TABLE `empresa_modulo` DISABLE KEYS */;

INSERT INTO `empresa_modulo` (`id`, `empresa_id`, `modulo_id`, `created_at`, `updated_at`)
VALUES
	(1,1,1,NULL,NULL),
	(2,1,2,NULL,NULL),
	(3,1,3,NULL,NULL),
	(4,1,4,NULL,NULL),
	(5,1,5,NULL,NULL),
	(6,1,6,NULL,NULL),
	(7,1,7,NULL,NULL),
	(9,2,7,NULL,NULL),
	(10,3,7,NULL,NULL),
	(11,4,7,NULL,NULL),
	(12,4,5,NULL,NULL),
	(13,5,7,NULL,NULL);

/*!40000 ALTER TABLE `empresa_modulo` ENABLE KEYS */;
UNLOCK TABLES;


# Dump of table empresas
# ------------------------------------------------------------

DROP TABLE IF EXISTS `empresas`;

CREATE TABLE `empresas` (
  `id` bigint(20) unsigned NOT NULL AUTO_INCREMENT,
  `nombre` varchar(191) COLLATE utf8mb4_unicode_ci DEFAULT NULL,
  `nombre_corto` varchar(191) COLLATE utf8mb4_unicode_ci DEFAULT NULL,
  `RNC` varchar(191) COLLATE utf8mb4_unicode_ci DEFAULT NULL,
  `razon_social` varchar(191) COLLATE utf8mb4_unicode_ci DEFAULT NULL,
  `direccion` varchar(191) COLLATE utf8mb4_unicode_ci DEFAULT NULL,
  `correo_empresa` varchar(191) COLLATE utf8mb4_unicode_ci DEFAULT NULL,
  `telefono_empresa` varchar(191) COLLATE utf8mb4_unicode_ci DEFAULT NULL,
  `active` enum('true','false') COLLATE utf8mb4_unicode_ci NOT NULL DEFAULT 'true',
  `description` text COLLATE utf8mb4_unicode_ci,
  `id_licencia` varchar(191) COLLATE utf8mb4_unicode_ci DEFAULT NULL,
  `soporte_defecto_id` bigint(20) DEFAULT NULL,
  `moneda_defecto` enum('us_dollar','dom_pesos') COLLATE utf8mb4_unicode_ci DEFAULT 'us_dollar',
  `created_at` timestamp NULL DEFAULT NULL,
  `updated_at` timestamp NULL DEFAULT NULL,
  PRIMARY KEY (`id`),
  UNIQUE KEY `empresas_nombre_unique` (`nombre`),
  UNIQUE KEY `empresas_rnc_unique` (`RNC`),
  UNIQUE KEY `empresas_razon_social_unique` (`razon_social`)
) ENGINE=InnoDB DEFAULT CHARSET=utf8mb4 COLLATE=utf8mb4_unicode_ci;

LOCK TABLES `empresas` WRITE;
/*!40000 ALTER TABLE `empresas` DISABLE KEYS */;

INSERT INTO `empresas` (`id`, `nombre`, `nombre_corto`, `RNC`, `razon_social`, `direccion`, `correo_empresa`, `telefono_empresa`, `active`, `description`, `id_licencia`, `soporte_defecto_id`, `moneda_defecto`, `created_at`, `updated_at`)
VALUES
	(1,'DTE','DTE','130-38299-9','Marco Antonio Diaz','Romulo Berancourt 387','marcos@dte-online.com','8298271448','true','Social services organization in Santo Domingo','0',NULL,'us_dollar','2019-07-24 16:40:47','2020-03-02 17:10:16'),
	(2,'ERGOTEC','ERGOTEC','10165679-4','Mobiliario de Oficina','Edificio Corporativo Bristol Freddy Prestol Castillo 10, Piantini. Santo Domingo, D. N.','madelin@ergotec.com.do','809-412-7575','true','Venta de mobiliario de oficina y espacios de trabajo','2',3,'us_dollar','2019-08-05 11:47:28','2019-10-11 09:38:31'),
	(3,'VCM','VCM','131370187','VCMultichannel','Solazar Business Center, Avenida Gustavo Meja Ricart 54, Santo Domingo','lmena@vcmultichannel.com.do','809-542-1515','true','Empresa orientada y diseada especialmente a la comercializacin de espacios publicitarios','1',3,'us_dollar','2019-08-05 12:54:07','2019-10-11 09:38:06'),
	(4,'SOCIETY FOR FAMILY HEALTH  DR','SFH','430153508','SOCIETY FOR FAMILY HEALTH DR','Calle 9 No.7, Esq. Pedro Agustin Morel, Mirador Norte Santo Domingo, Rep., Dom., Santo Domingo, Dist','SOCIETYFORFAMILYHEALTHDOMINICANREPUBLIC@temporal.cambiar','(809) 532-5848','true','Social services organization in Santo Domingo','3',2,'us_dollar','2019-08-06 12:15:39','2019-08-22 19:55:32'),
	(5,'ACTIVA GROUP SRL','ACTIVA GROUP SRL','130-20210-9','ACTIVA GROUP SRL','Calle Hermanas Roque Martnez 104, Santo Domingo, R.D.  CONTACTO','info@activagroup.net','809-534-1616','true','SOMOS una agencia de creacin e implementacin de experiencias de marketing. Siempre guiados por la','4',2,'dom_pesos','2019-09-03 13:05:24','2019-09-03 13:05:24');

/*!40000 ALTER TABLE `empresas` ENABLE KEYS */;
UNLOCK TABLES;


# Dump of table eventos_tickets
# ------------------------------------------------------------

DROP TABLE IF EXISTS `eventos_tickets`;

CREATE TABLE `eventos_tickets` (
  `id` bigint(20) unsigned NOT NULL AUTO_INCREMENT,
  `ticket_id` bigint(20) unsigned NOT NULL,
  `clase_proceso` enum('ciclo_resolucion','ciclo_pago') COLLATE utf8mb4_unicode_ci NOT NULL DEFAULT 'ciclo_resolucion',
  `estado_origin` varchar(191) COLLATE utf8mb4_unicode_ci DEFAULT NULL,
  `estado_final` varchar(191) COLLATE utf8mb4_unicode_ci DEFAULT NULL,
  `user_id` bigint(20) unsigned NOT NULL,
  `created_at` timestamp NULL DEFAULT NULL,
  `updated_at` timestamp NULL DEFAULT NULL,
  PRIMARY KEY (`id`)
) ENGINE=InnoDB DEFAULT CHARSET=utf8mb4 COLLATE=utf8mb4_unicode_ci;

LOCK TABLES `eventos_tickets` WRITE;
/*!40000 ALTER TABLE `eventos_tickets` DISABLE KEYS */;

INSERT INTO `eventos_tickets` (`id`, `ticket_id`, `clase_proceso`, `estado_origin`, `estado_final`, `user_id`, `created_at`, `updated_at`)
VALUES
	(1,1,'ciclo_resolucion','','registrado',66,'2019-08-13 12:25:56','2019-08-13 12:25:56'),
	(2,1,'ciclo_resolucion','registrado','validado',50,'2019-08-13 12:28:49','2019-08-13 12:28:49'),
	(3,1,'ciclo_resolucion','validado','proceso',1,'2019-08-13 15:05:05','2019-08-13 15:05:05'),
	(4,1,'ciclo_resolucion','proceso','cerrado',5,'2019-08-13 15:15:00','2019-08-13 15:15:00'),
	(5,2,'ciclo_resolucion','','registrado',66,'2019-08-13 15:27:26','2019-08-13 15:27:26'),
	(6,1,'ciclo_resolucion','cerrado','finalizado',66,'2019-08-13 15:45:25','2019-08-13 15:45:25'),
	(7,1,'ciclo_pago',NULL,'registrado',66,'2019-08-13 15:45:25','2019-08-13 15:45:25'),
	(8,2,'ciclo_resolucion','registrado','validado',50,'2019-08-13 17:24:01','2019-08-13 17:24:01'),
	(9,2,'ciclo_resolucion','validado','proceso',50,'2019-08-13 17:24:01','2019-08-13 17:24:01'),
	(10,1,'ciclo_pago','registrado','validado',50,'2019-08-13 17:25:04','2019-08-13 17:25:04'),
	(17,9,'ciclo_resolucion','','registrado',68,'2019-08-15 08:50:40','2019-08-15 08:50:40'),
	(18,10,'ciclo_resolucion','','registrado',52,'2019-08-15 09:15:57','2019-08-15 09:15:57'),
	(19,9,'ciclo_resolucion','registrado','validado',50,'2019-08-15 09:18:59','2019-08-15 09:18:59'),
	(20,9,'ciclo_resolucion','validado','proceso',50,'2019-08-15 09:18:59','2019-08-15 09:18:59'),
	(21,10,'ciclo_resolucion','registrado','validado',50,'2019-08-15 09:19:39','2019-08-15 09:19:39'),
	(22,10,'ciclo_resolucion','validado','proceso',50,'2019-08-15 09:19:39','2019-08-15 09:19:39'),
	(23,9,'ciclo_resolucion','proceso','cerrado',5,'2019-08-15 09:39:58','2019-08-15 09:39:58'),
	(24,9,'ciclo_resolucion','cerrado','finalizado',50,'2019-08-15 09:44:29','2019-08-15 09:44:29'),
	(25,9,'ciclo_pago',NULL,'registrado',50,'2019-08-15 09:44:29','2019-08-15 09:44:29'),
	(26,9,'ciclo_pago','registrado','validado',50,'2019-08-15 09:44:46','2019-08-15 09:44:46'),
	(27,11,'ciclo_resolucion','','registrado',43,'2019-08-15 14:37:00','2019-08-15 14:37:00'),
	(28,11,'ciclo_resolucion','registrado','cerrado',5,'2019-08-15 14:42:06','2019-08-15 14:42:06'),
	(29,11,'ciclo_resolucion','cerrado','finalizado',66,'2019-08-15 14:59:56','2019-08-15 14:59:56'),
	(30,11,'ciclo_pago',NULL,'registrado',66,'2019-08-15 14:59:56','2019-08-15 14:59:56'),
	(31,11,'ciclo_pago','registrado','validado',50,'2019-08-15 15:01:04','2019-08-15 15:01:04'),
	(32,12,'ciclo_resolucion','','registrado',63,'2019-08-15 15:12:36','2019-08-15 15:12:36'),
	(33,13,'ciclo_resolucion','','registrado',62,'2019-08-15 15:21:15','2019-08-15 15:21:15'),
	(34,12,'ciclo_resolucion','registrado','validado',66,'2019-08-15 15:21:40','2019-08-15 15:21:40'),
	(35,12,'ciclo_resolucion','validado','proceso',66,'2019-08-15 15:21:40','2019-08-15 15:21:40'),
	(36,13,'ciclo_resolucion','registrado','validado',66,'2019-08-15 15:23:31','2019-08-15 15:23:31'),
	(37,13,'ciclo_resolucion','validado','proceso',66,'2019-08-15 15:23:31','2019-08-15 15:23:31'),
	(38,13,'ciclo_resolucion','proceso','cerrado',5,'2019-08-15 15:27:19','2019-08-15 15:27:19'),
	(39,12,'ciclo_resolucion','proceso','cerrado',5,'2019-08-15 16:08:00','2019-08-15 16:08:00'),
	(40,14,'ciclo_resolucion','','registrado',51,'2019-08-20 14:24:43','2019-08-20 14:24:43'),
	(41,13,'ciclo_resolucion','cerrado','finalizado',50,'2019-08-20 14:32:03','2019-08-20 14:32:03'),
	(42,13,'ciclo_pago',NULL,'registrado',50,'2019-08-20 14:32:03','2019-08-20 14:32:03'),
	(43,12,'ciclo_resolucion','cerrado','finalizado',50,'2019-08-20 14:32:16','2019-08-20 14:32:16'),
	(44,12,'ciclo_pago',NULL,'registrado',50,'2019-08-20 14:32:16','2019-08-20 14:32:16'),
	(45,15,'ciclo_resolucion','','registrado',52,'2019-08-20 15:02:14','2019-08-20 15:02:14'),
	(46,10,'ciclo_resolucion','proceso','cerrado',5,'2019-08-20 16:28:20','2019-08-20 16:28:20'),
	(47,10,'ciclo_resolucion','cerrado','finalizado',52,'2019-08-20 16:46:43','2019-08-20 16:46:43'),
	(48,10,'ciclo_pago',NULL,'registrado',52,'2019-08-20 16:46:43','2019-08-20 16:46:43'),
	(49,13,'ciclo_pago','registrado','validado',50,'2019-08-21 11:23:04','2019-08-21 11:23:04'),
	(50,12,'ciclo_pago','registrado','validado',50,'2019-08-21 11:23:21','2019-08-21 11:23:21'),
	(51,10,'ciclo_pago','registrado','validado',50,'2019-08-21 11:23:35','2019-08-21 11:23:35'),
	(52,16,'ciclo_resolucion','','registrado',56,'2019-08-23 15:31:36','2019-08-23 15:31:36'),
	(53,17,'ciclo_resolucion','','registrado',56,'2019-08-23 15:42:59','2019-08-23 15:42:59'),
	(54,17,'ciclo_resolucion','registrado','validado',50,'2019-08-26 08:58:28','2019-08-26 08:58:28'),
	(55,17,'ciclo_resolucion','validado','proceso',50,'2019-08-26 08:58:28','2019-08-26 08:58:28'),
	(56,16,'ciclo_resolucion','registrado','validado',50,'2019-08-26 08:58:41','2019-08-26 08:58:41'),
	(57,16,'ciclo_resolucion','validado','proceso',50,'2019-08-26 08:58:41','2019-08-26 08:58:41'),
	(58,17,'ciclo_resolucion','proceso','cerrado',5,'2019-08-26 09:25:40','2019-08-26 09:25:40'),
	(59,16,'ciclo_resolucion','proceso','cerrado',5,'2019-08-26 09:26:42','2019-08-26 09:26:42'),
	(60,18,'ciclo_resolucion','','registrado',5,'2019-08-26 14:01:20','2019-08-26 14:01:20'),
	(61,19,'ciclo_resolucion','','registrado',5,'2019-08-26 14:05:11','2019-08-26 14:05:11'),
	(62,20,'ciclo_resolucion','','registrado',5,'2019-08-26 14:07:26','2019-08-26 14:07:26'),
	(63,21,'ciclo_resolucion','','registrado',5,'2019-08-26 14:10:01','2019-08-26 14:10:01'),
	(64,22,'ciclo_resolucion','','registrado',5,'2019-08-26 14:12:09','2019-08-26 14:12:09'),
	(65,23,'ciclo_resolucion','','registrado',5,'2019-08-26 14:14:25','2019-08-26 14:14:25'),
	(66,24,'ciclo_resolucion','','registrado',5,'2019-08-26 14:17:37','2019-08-26 14:17:37'),
	(67,25,'ciclo_resolucion','','registrado',5,'2019-08-26 14:19:48','2019-08-26 14:19:48'),
	(68,26,'ciclo_resolucion','','registrado',5,'2019-08-26 14:21:38','2019-08-26 14:21:38'),
	(69,27,'ciclo_resolucion','','registrado',5,'2019-08-26 14:24:26','2019-08-26 14:24:26'),
	(70,28,'ciclo_resolucion','','registrado',5,'2019-08-26 14:26:11','2019-08-26 14:26:11'),
	(71,29,'ciclo_resolucion','','registrado',5,'2019-08-26 14:31:08','2019-08-26 14:31:08'),
	(72,30,'ciclo_resolucion','','registrado',5,'2019-08-26 14:34:15','2019-08-26 14:34:15'),
	(73,17,'ciclo_resolucion','cerrado','finalizado',50,'2019-08-26 14:53:49','2019-08-26 14:53:49'),
	(74,17,'ciclo_pago',NULL,'registrado',50,'2019-08-26 14:53:49','2019-08-26 14:53:49'),
	(75,16,'ciclo_resolucion','cerrado','finalizado',50,'2019-08-26 14:53:56','2019-08-26 14:53:56'),
	(76,16,'ciclo_pago',NULL,'registrado',50,'2019-08-26 14:53:56','2019-08-26 14:53:56'),
	(77,31,'ciclo_resolucion','','registrado',53,'2019-08-26 15:01:32','2019-08-26 15:01:32'),
	(78,31,'ciclo_resolucion','registrado','validado',50,'2019-08-26 15:05:59','2019-08-26 15:05:59'),
	(79,31,'ciclo_resolucion','validado','proceso',50,'2019-08-26 15:05:59','2019-08-26 15:05:59'),
	(80,31,'ciclo_resolucion','proceso','cerrado',5,'2019-08-26 15:27:25','2019-08-26 15:27:25'),
	(81,17,'ciclo_pago','registrado','validado',50,'2019-08-26 15:30:18','2019-08-26 15:30:18'),
	(82,16,'ciclo_pago','registrado','validado',50,'2019-08-26 15:30:32','2019-08-26 15:30:32'),
	(83,2,'ciclo_resolucion','proceso','cerrado',5,'2019-08-26 17:06:11','2019-08-26 17:06:11'),
	(84,2,'ciclo_resolucion','cerrado','finalizado',66,'2019-08-28 10:42:00','2019-08-28 10:42:00'),
	(85,2,'ciclo_pago',NULL,'registrado',66,'2019-08-28 10:42:00','2019-08-28 10:42:00'),
	(86,18,'ciclo_resolucion','registrado','validado',66,'2019-08-30 08:37:06','2019-08-30 08:37:06'),
	(87,18,'ciclo_resolucion','validado','proceso',66,'2019-08-30 08:37:06','2019-08-30 08:37:06'),
	(88,19,'ciclo_resolucion','registrado','validado',66,'2019-08-30 08:37:27','2019-08-30 08:37:27'),
	(89,19,'ciclo_resolucion','validado','proceso',66,'2019-08-30 08:37:27','2019-08-30 08:37:27'),
	(90,20,'ciclo_resolucion','registrado','validado',66,'2019-08-30 08:37:55','2019-08-30 08:37:55'),
	(91,20,'ciclo_resolucion','validado','proceso',66,'2019-08-30 08:37:55','2019-08-30 08:37:55'),
	(92,22,'ciclo_resolucion','registrado','validado',66,'2019-08-30 08:38:23','2019-08-30 08:38:23'),
	(93,22,'ciclo_resolucion','validado','proceso',66,'2019-08-30 08:38:23','2019-08-30 08:38:23'),
	(94,28,'ciclo_resolucion','registrado','validado',66,'2019-08-30 08:39:25','2019-08-30 08:39:25'),
	(95,28,'ciclo_resolucion','validado','proceso',66,'2019-08-30 08:39:25','2019-08-30 08:39:25'),
	(96,30,'ciclo_resolucion','registrado','validado',66,'2019-08-30 08:39:46','2019-08-30 08:39:46'),
	(97,30,'ciclo_resolucion','validado','proceso',66,'2019-08-30 08:39:46','2019-08-30 08:39:46'),
	(98,29,'ciclo_resolucion','registrado','validado',66,'2019-08-30 08:40:03','2019-08-30 08:40:03'),
	(99,29,'ciclo_resolucion','validado','proceso',66,'2019-08-30 08:40:04','2019-08-30 08:40:04'),
	(100,24,'ciclo_resolucion','registrado','validado',66,'2019-08-30 08:40:53','2019-08-30 08:40:53'),
	(101,24,'ciclo_resolucion','validado','proceso',66,'2019-08-30 08:40:53','2019-08-30 08:40:53'),
	(102,25,'ciclo_resolucion','registrado','validado',66,'2019-08-30 08:41:20','2019-08-30 08:41:20'),
	(103,25,'ciclo_resolucion','validado','proceso',66,'2019-08-30 08:41:20','2019-08-30 08:41:20'),
	(104,21,'ciclo_resolucion','registrado','validado',66,'2019-08-30 08:41:54','2019-08-30 08:41:54'),
	(105,21,'ciclo_resolucion','validado','proceso',66,'2019-08-30 08:41:54','2019-08-30 08:41:54'),
	(106,23,'ciclo_resolucion','registrado','validado',66,'2019-08-30 08:42:39','2019-08-30 08:42:39'),
	(107,23,'ciclo_resolucion','validado','proceso',66,'2019-08-30 08:42:39','2019-08-30 08:42:39'),
	(108,26,'ciclo_resolucion','registrado','validado',66,'2019-08-30 08:42:59','2019-08-30 08:42:59'),
	(109,26,'ciclo_resolucion','validado','proceso',66,'2019-08-30 08:42:59','2019-08-30 08:42:59'),
	(110,27,'ciclo_resolucion','registrado','validado',66,'2019-08-30 08:43:20','2019-08-30 08:43:20'),
	(111,27,'ciclo_resolucion','validado','proceso',66,'2019-08-30 08:43:20','2019-08-30 08:43:20'),
	(112,30,'ciclo_resolucion','proceso','cerrado',5,'2019-08-30 10:32:35','2019-08-30 10:32:35'),
	(113,29,'ciclo_resolucion','proceso','cerrado',5,'2019-08-30 10:35:05','2019-08-30 10:35:05'),
	(114,28,'ciclo_resolucion','proceso','cerrado',5,'2019-08-30 10:41:48','2019-08-30 10:41:48'),
	(115,27,'ciclo_resolucion','proceso','cerrado',5,'2019-08-30 10:43:08','2019-08-30 10:43:08'),
	(116,26,'ciclo_resolucion','proceso','cerrado',5,'2019-08-30 10:44:55','2019-08-30 10:44:55'),
	(117,25,'ciclo_resolucion','proceso','cerrado',5,'2019-08-30 10:45:32','2019-08-30 10:45:32'),
	(118,24,'ciclo_resolucion','proceso','cerrado',5,'2019-08-30 10:48:15','2019-08-30 10:48:15'),
	(119,23,'ciclo_resolucion','proceso','cerrado',5,'2019-08-30 10:48:53','2019-08-30 10:48:53'),
	(120,18,'ciclo_resolucion','proceso','cerrado',5,'2019-08-30 10:50:06','2019-08-30 10:50:06'),
	(121,19,'ciclo_resolucion','proceso','cerrado',5,'2019-08-30 10:51:23','2019-08-30 10:51:23'),
	(122,20,'ciclo_resolucion','proceso','cerrado',5,'2019-08-30 10:52:13','2019-08-30 10:52:13'),
	(123,21,'ciclo_resolucion','proceso','cerrado',5,'2019-08-30 10:53:27','2019-08-30 10:53:27'),
	(124,22,'ciclo_resolucion','proceso','cerrado',5,'2019-08-30 10:54:25','2019-08-30 10:54:25'),
	(125,31,'ciclo_resolucion','cerrado','finalizado',50,'2019-08-30 11:21:47','2019-08-30 11:21:47'),
	(126,31,'ciclo_pago',NULL,'registrado',50,'2019-08-30 11:21:47','2019-08-30 11:21:47'),
	(127,32,'ciclo_resolucion','','registrado',58,'2019-09-04 08:40:48','2019-09-04 08:40:48'),
	(128,32,'ciclo_resolucion','registrado','cerrado',5,'2019-09-04 09:14:26','2019-09-04 09:14:26'),
	(129,32,'ciclo_resolucion','cerrado','finalizado',58,'2019-09-04 09:22:20','2019-09-04 09:22:20'),
	(130,32,'ciclo_pago',NULL,'registrado',58,'2019-09-04 09:22:20','2019-09-04 09:22:20'),
	(131,30,'ciclo_resolucion','cerrado','finalizado',50,'2019-09-05 12:49:32','2019-09-05 12:49:32'),
	(132,30,'ciclo_pago',NULL,'registrado',50,'2019-09-05 12:49:32','2019-09-05 12:49:32'),
	(133,2,'ciclo_pago','registrado','validado',50,'2019-09-05 12:50:17','2019-09-05 12:50:17'),
	(134,30,'ciclo_pago','registrado','validado',50,'2019-09-05 12:50:36','2019-09-05 12:50:36'),
	(135,31,'ciclo_pago','registrado','validado',50,'2019-09-05 12:51:02','2019-09-05 12:51:02'),
	(136,32,'ciclo_pago','registrado','validado',50,'2019-09-05 12:51:18','2019-09-05 12:51:18'),
	(137,33,'ciclo_resolucion','','registrado',53,'2019-09-09 16:24:55','2019-09-09 16:24:55'),
	(138,34,'ciclo_resolucion','','registrado',54,'2019-09-17 12:31:22','2019-09-17 12:31:22'),
	(139,1,'ciclo_pago','validado','facturado',1,'2019-09-18 12:23:52','2019-09-18 12:23:52'),
	(140,2,'ciclo_pago','validado','facturado',1,'2019-09-18 12:23:52','2019-09-18 12:23:52'),
	(141,9,'ciclo_pago','validado','facturado',1,'2019-09-18 12:23:52','2019-09-18 12:23:52'),
	(142,10,'ciclo_pago','validado','facturado',1,'2019-09-18 12:23:52','2019-09-18 12:23:52'),
	(143,11,'ciclo_pago','validado','facturado',1,'2019-09-18 12:23:52','2019-09-18 12:23:52'),
	(144,12,'ciclo_pago','validado','facturado',1,'2019-09-18 12:23:52','2019-09-18 12:23:52'),
	(145,13,'ciclo_pago','validado','facturado',1,'2019-09-18 12:23:52','2019-09-18 12:23:52'),
	(146,16,'ciclo_pago','validado','facturado',1,'2019-09-18 12:23:52','2019-09-18 12:23:52'),
	(147,17,'ciclo_pago','validado','facturado',1,'2019-09-18 12:23:52','2019-09-18 12:23:52'),
	(148,30,'ciclo_pago','validado','facturado',1,'2019-09-18 12:23:52','2019-09-18 12:23:52'),
	(149,31,'ciclo_pago','validado','facturado',1,'2019-09-18 12:23:52','2019-09-18 12:23:52'),
	(150,32,'ciclo_pago','validado','facturado',1,'2019-09-18 12:23:52','2019-09-18 12:23:52'),
	(151,1,'ciclo_pago','validado','facturado',1,'2019-09-18 17:16:17','2019-09-18 17:16:17'),
	(152,2,'ciclo_pago','validado','facturado',1,'2019-09-18 17:16:17','2019-09-18 17:16:17'),
	(153,9,'ciclo_pago','validado','facturado',1,'2019-09-18 17:16:17','2019-09-18 17:16:17'),
	(154,10,'ciclo_pago','validado','facturado',1,'2019-09-18 17:16:17','2019-09-18 17:16:17'),
	(155,11,'ciclo_pago','validado','facturado',1,'2019-09-18 17:16:17','2019-09-18 17:16:17'),
	(156,12,'ciclo_pago','validado','facturado',1,'2019-09-18 17:16:17','2019-09-18 17:16:17'),
	(157,13,'ciclo_pago','validado','facturado',1,'2019-09-18 17:16:17','2019-09-18 17:16:17'),
	(158,16,'ciclo_pago','validado','facturado',1,'2019-09-18 17:16:17','2019-09-18 17:16:17'),
	(159,17,'ciclo_pago','validado','facturado',1,'2019-09-18 17:16:17','2019-09-18 17:16:17'),
	(160,30,'ciclo_pago','validado','facturado',1,'2019-09-18 17:16:17','2019-09-18 17:16:17'),
	(161,31,'ciclo_pago','validado','facturado',1,'2019-09-18 17:16:17','2019-09-18 17:16:17'),
	(162,32,'ciclo_pago','validado','facturado',1,'2019-09-18 17:16:17','2019-09-18 17:16:17'),
	(163,34,'ciclo_resolucion','registrado','validado',66,'2019-09-19 12:01:33','2019-09-19 12:01:33'),
	(164,34,'ciclo_resolucion','validado','proceso',66,'2019-09-19 12:01:33','2019-09-19 12:01:33'),
	(165,35,'ciclo_resolucion','','registrado',63,'2019-09-20 16:06:29','2019-09-20 16:06:29'),
	(166,35,'ciclo_resolucion','registrado','validado',66,'2019-09-23 12:07:22','2019-09-23 12:07:22'),
	(167,35,'ciclo_resolucion','validado','proceso',66,'2019-09-23 12:07:22','2019-09-23 12:07:22'),
	(168,34,'ciclo_resolucion','proceso','cerrado',5,'2019-09-23 12:09:45','2019-09-23 12:09:45'),
	(169,34,'ciclo_resolucion','cerrado','finalizado',54,'2019-09-23 13:12:02','2019-09-23 13:12:02'),
	(170,34,'ciclo_pago',NULL,'registrado',54,'2019-09-23 13:12:02','2019-09-23 13:12:02'),
	(171,35,'ciclo_resolucion','proceso','cerrado',5,'2019-09-23 13:24:22','2019-09-23 13:24:22'),
	(172,1,'ciclo_pago','facturado','pagado',1,'2019-09-23 15:22:15','2019-09-23 15:22:15'),
	(173,2,'ciclo_pago','facturado','pagado',1,'2019-09-23 15:22:15','2019-09-23 15:22:15'),
	(174,9,'ciclo_pago','facturado','pagado',1,'2019-09-23 15:22:15','2019-09-23 15:22:15'),
	(175,10,'ciclo_pago','facturado','pagado',1,'2019-09-23 15:22:15','2019-09-23 15:22:15'),
	(176,11,'ciclo_pago','facturado','pagado',1,'2019-09-23 15:22:15','2019-09-23 15:22:15'),
	(177,12,'ciclo_pago','facturado','pagado',1,'2019-09-23 15:22:15','2019-09-23 15:22:15'),
	(178,13,'ciclo_pago','facturado','pagado',1,'2019-09-23 15:22:15','2019-09-23 15:22:15'),
	(179,16,'ciclo_pago','facturado','pagado',1,'2019-09-23 15:22:15','2019-09-23 15:22:15'),
	(180,17,'ciclo_pago','facturado','pagado',1,'2019-09-23 15:22:15','2019-09-23 15:22:15'),
	(181,30,'ciclo_pago','facturado','pagado',1,'2019-09-23 15:22:15','2019-09-23 15:22:15'),
	(182,31,'ciclo_pago','facturado','pagado',1,'2019-09-23 15:22:15','2019-09-23 15:22:15'),
	(183,32,'ciclo_pago','facturado','pagado',1,'2019-09-23 15:22:15','2019-09-23 15:22:15'),
	(184,35,'ciclo_resolucion','cerrado','finalizado',53,'2019-09-23 15:57:34','2019-09-23 15:57:34'),
	(185,35,'ciclo_pago',NULL,'registrado',53,'2019-09-23 15:57:34','2019-09-23 15:57:34'),
	(186,36,'ciclo_resolucion','','registrado',66,'2019-09-26 09:36:32','2019-09-26 09:36:32'),
	(187,36,'ciclo_resolucion','registrado','validado',50,'2019-09-27 08:22:32','2019-09-27 08:22:32'),
	(188,36,'ciclo_resolucion','validado','proceso',50,'2019-09-27 08:22:32','2019-09-27 08:22:32'),
	(189,34,'ciclo_resolucion','finalizado','devuelto',50,'2019-09-27 08:23:43','2019-09-27 08:23:43'),
	(190,34,'ciclo_pago','registrado','devuelto',50,'2019-09-27 08:23:43','2019-09-27 08:23:43'),
	(191,36,'ciclo_resolucion','proceso','cerrado',5,'2019-09-27 10:05:42','2019-09-27 10:05:42'),
	(192,36,'ciclo_resolucion','cerrado','finalizado',66,'2019-09-27 10:19:22','2019-09-27 10:19:22'),
	(193,36,'ciclo_pago',NULL,'registrado',66,'2019-09-27 10:19:22','2019-09-27 10:19:22'),
	(194,37,'ciclo_resolucion','','registrado',66,'2019-09-27 11:47:33','2019-09-27 11:47:33'),
	(195,37,'ciclo_resolucion','registrado','validado',50,'2019-09-27 11:48:54','2019-09-27 11:48:54'),
	(196,37,'ciclo_resolucion','validado','proceso',50,'2019-09-27 11:48:54','2019-09-27 11:48:54'),
	(197,37,'ciclo_resolucion','proceso','cerrado',5,'2019-09-27 12:20:07','2019-09-27 12:20:07'),
	(198,38,'ciclo_resolucion','','registrado',48,'2019-09-30 09:45:36','2019-09-30 09:45:36'),
	(199,38,'ciclo_resolucion','registrado','validado',66,'2019-09-30 14:59:24','2019-09-30 14:59:24'),
	(200,38,'ciclo_resolucion','validado','proceso',66,'2019-09-30 14:59:24','2019-09-30 14:59:24'),
	(201,37,'ciclo_resolucion','cerrado','finalizado',66,'2019-09-30 15:00:04','2019-09-30 15:00:04'),
	(202,37,'ciclo_pago',NULL,'registrado',66,'2019-09-30 15:00:04','2019-09-30 15:00:04'),
	(203,38,'ciclo_resolucion','proceso','cerrado',5,'2019-10-01 10:46:08','2019-10-01 10:46:08'),
	(204,38,'ciclo_resolucion','cerrado','finalizado',48,'2019-10-01 10:51:05','2019-10-01 10:51:05'),
	(205,38,'ciclo_pago',NULL,'registrado',48,'2019-10-01 10:51:05','2019-10-01 10:51:05'),
	(206,39,'ciclo_resolucion','','registrado',5,'2019-10-01 11:01:00','2019-10-01 11:01:00'),
	(207,40,'ciclo_resolucion','','registrado',5,'2019-10-01 11:07:49','2019-10-01 11:07:49'),
	(208,41,'ciclo_resolucion','','registrado',5,'2019-10-01 11:09:42','2019-10-01 11:09:42'),
	(209,42,'ciclo_resolucion','','registrado',5,'2019-10-01 11:12:42','2019-10-01 11:12:42'),
	(210,39,'ciclo_resolucion','registrado','validado',50,'2019-10-01 17:04:07','2019-10-01 17:04:07'),
	(211,39,'ciclo_resolucion','validado','proceso',50,'2019-10-01 17:04:07','2019-10-01 17:04:07'),
	(212,40,'ciclo_resolucion','registrado','validado',50,'2019-10-01 17:04:19','2019-10-01 17:04:19'),
	(213,40,'ciclo_resolucion','validado','proceso',50,'2019-10-01 17:04:19','2019-10-01 17:04:19'),
	(214,41,'ciclo_resolucion','registrado','validado',50,'2019-10-01 17:04:29','2019-10-01 17:04:29'),
	(215,41,'ciclo_resolucion','validado','proceso',50,'2019-10-01 17:04:29','2019-10-01 17:04:29'),
	(216,42,'ciclo_resolucion','registrado','validado',50,'2019-10-01 17:04:46','2019-10-01 17:04:46'),
	(217,42,'ciclo_resolucion','validado','proceso',50,'2019-10-01 17:04:46','2019-10-01 17:04:46'),
	(218,34,'ciclo_resolucion','finalizado','devuelto',50,'2019-10-01 17:06:01','2019-10-01 17:06:01'),
	(219,34,'ciclo_pago','registrado','devuelto',50,'2019-10-01 17:06:01','2019-10-01 17:06:01'),
	(220,38,'ciclo_pago','registrado','validado',50,'2019-10-01 17:06:32','2019-10-01 17:06:32'),
	(221,37,'ciclo_pago','registrado','validado',50,'2019-10-01 17:06:53','2019-10-01 17:06:53'),
	(222,36,'ciclo_pago','registrado','validado',50,'2019-10-01 17:07:18','2019-10-01 17:07:18'),
	(223,35,'ciclo_pago','registrado','validado',50,'2019-10-01 17:07:30','2019-10-01 17:07:30'),
	(224,34,'ciclo_pago','registrado','validado',50,'2019-10-01 17:07:47','2019-10-01 17:07:47'),
	(225,38,'ciclo_pago','validado','facturado',1,'2019-10-01 20:58:19','2019-10-01 20:58:19'),
	(226,37,'ciclo_pago','validado','facturado',1,'2019-10-01 20:58:19','2019-10-01 20:58:19'),
	(227,36,'ciclo_pago','validado','facturado',1,'2019-10-01 20:58:19','2019-10-01 20:58:19'),
	(228,35,'ciclo_pago','validado','facturado',1,'2019-10-01 20:58:19','2019-10-01 20:58:19'),
	(229,34,'ciclo_pago','validado','facturado',1,'2019-10-01 20:58:19','2019-10-01 20:58:19'),
	(230,40,'ciclo_resolucion','proceso','cerrado',5,'2019-10-02 09:44:57','2019-10-02 09:44:57'),
	(231,41,'ciclo_resolucion','proceso','cerrado',5,'2019-10-02 09:46:06','2019-10-02 09:46:06'),
	(232,42,'ciclo_resolucion','proceso','cerrado',5,'2019-10-02 09:47:46','2019-10-02 09:47:46'),
	(233,39,'ciclo_resolucion','proceso','cerrado',5,'2019-10-02 09:57:06','2019-10-02 09:57:06'),
	(234,43,'ciclo_resolucion','','registrado',5,'2019-10-02 10:05:14','2019-10-02 10:05:14'),
	(235,44,'ciclo_resolucion','','registrado',5,'2019-10-02 10:08:16','2019-10-02 10:08:16'),
	(236,45,'ciclo_resolucion','','registrado',5,'2019-10-02 10:10:16','2019-10-02 10:10:16'),
	(237,46,'ciclo_resolucion','','registrado',5,'2019-10-02 10:21:42','2019-10-02 10:21:42'),
	(238,39,'ciclo_resolucion','cerrado','finalizado',66,'2019-10-03 11:09:08','2019-10-03 11:09:08'),
	(239,39,'ciclo_pago',NULL,'registrado',66,'2019-10-03 11:09:08','2019-10-03 11:09:08'),
	(240,40,'ciclo_resolucion','cerrado','finalizado',66,'2019-10-03 11:09:48','2019-10-03 11:09:48'),
	(241,40,'ciclo_pago',NULL,'registrado',66,'2019-10-03 11:09:48','2019-10-03 11:09:48'),
	(242,41,'ciclo_resolucion','cerrado','finalizado',66,'2019-10-03 11:11:51','2019-10-03 11:11:51'),
	(243,41,'ciclo_pago',NULL,'registrado',66,'2019-10-03 11:11:51','2019-10-03 11:11:51'),
	(244,42,'ciclo_resolucion','cerrado','finalizado',66,'2019-10-03 11:12:18','2019-10-03 11:12:18'),
	(245,42,'ciclo_pago',NULL,'registrado',66,'2019-10-03 11:12:18','2019-10-03 11:12:18'),
	(246,47,'ciclo_resolucion','','registrado',5,'2019-10-04 09:32:09','2019-10-04 09:32:09'),
	(247,48,'ciclo_resolucion','','registrado',5,'2019-10-04 09:35:20','2019-10-04 09:35:20'),
	(248,49,'ciclo_resolucion','','registrado',5,'2019-10-04 09:37:20','2019-10-04 09:37:20'),
	(249,50,'ciclo_resolucion','','registrado',5,'2019-10-04 09:38:53','2019-10-04 09:38:53'),
	(250,43,'ciclo_resolucion','registrado','validado',66,'2019-10-04 09:52:15','2019-10-04 09:52:15'),
	(251,43,'ciclo_resolucion','validado','proceso',66,'2019-10-04 09:52:15','2019-10-04 09:52:15'),
	(252,44,'ciclo_resolucion','registrado','validado',66,'2019-10-04 09:52:33','2019-10-04 09:52:33'),
	(253,44,'ciclo_resolucion','validado','proceso',66,'2019-10-04 09:52:33','2019-10-04 09:52:33'),
	(254,45,'ciclo_resolucion','registrado','validado',66,'2019-10-04 09:52:49','2019-10-04 09:52:49'),
	(255,45,'ciclo_resolucion','validado','proceso',66,'2019-10-04 09:52:49','2019-10-04 09:52:49'),
	(256,46,'ciclo_resolucion','registrado','validado',66,'2019-10-04 09:53:07','2019-10-04 09:53:07'),
	(257,46,'ciclo_resolucion','validado','proceso',66,'2019-10-04 09:53:07','2019-10-04 09:53:07'),
	(258,47,'ciclo_resolucion','registrado','validado',66,'2019-10-04 09:53:23','2019-10-04 09:53:23'),
	(259,47,'ciclo_resolucion','validado','proceso',66,'2019-10-04 09:53:23','2019-10-04 09:53:23'),
	(260,48,'ciclo_resolucion','registrado','validado',66,'2019-10-04 09:53:37','2019-10-04 09:53:37'),
	(261,48,'ciclo_resolucion','validado','proceso',66,'2019-10-04 09:53:37','2019-10-04 09:53:37'),
	(262,49,'ciclo_resolucion','registrado','validado',66,'2019-10-04 09:54:02','2019-10-04 09:54:02'),
	(263,49,'ciclo_resolucion','validado','proceso',66,'2019-10-04 09:54:02','2019-10-04 09:54:02'),
	(264,50,'ciclo_resolucion','registrado','validado',66,'2019-10-04 09:54:21','2019-10-04 09:54:21'),
	(265,50,'ciclo_resolucion','validado','proceso',66,'2019-10-04 09:54:21','2019-10-04 09:54:21'),
	(266,43,'ciclo_resolucion','proceso','cerrado',5,'2019-10-04 10:01:49','2019-10-04 10:01:49'),
	(267,44,'ciclo_resolucion','proceso','cerrado',5,'2019-10-04 10:03:20','2019-10-04 10:03:20'),
	(268,45,'ciclo_resolucion','proceso','cerrado',5,'2019-10-04 10:04:45','2019-10-04 10:04:45'),
	(269,46,'ciclo_resolucion','proceso','cerrado',5,'2019-10-04 10:06:33','2019-10-04 10:06:33'),
	(270,47,'ciclo_resolucion','proceso','cerrado',5,'2019-10-07 10:26:24','2019-10-07 10:26:24'),
	(271,48,'ciclo_resolucion','proceso','cerrado',5,'2019-10-07 10:27:40','2019-10-07 10:27:40'),
	(272,49,'ciclo_resolucion','proceso','cerrado',5,'2019-10-07 10:28:14','2019-10-07 10:28:14'),
	(273,50,'ciclo_resolucion','proceso','cerrado',5,'2019-10-07 10:28:52','2019-10-07 10:28:52'),
	(274,51,'ciclo_resolucion','','registrado',5,'2019-10-07 10:30:54','2019-10-07 10:30:54'),
	(275,51,'ciclo_resolucion','registrado','validado',66,'2019-10-07 10:36:17','2019-10-07 10:36:17'),
	(276,51,'ciclo_resolucion','validado','proceso',66,'2019-10-07 10:36:17','2019-10-07 10:36:17'),
	(277,52,'ciclo_resolucion','','registrado',5,'2019-10-07 13:39:57','2019-10-07 13:39:57'),
	(278,53,'ciclo_resolucion','','registrado',5,'2019-10-07 15:15:15','2019-10-07 15:15:15'),
	(279,54,'ciclo_resolucion','','registrado',5,'2019-10-07 15:51:41','2019-10-07 15:51:41'),
	(280,50,'ciclo_resolucion','cerrado','finalizado',52,'2019-10-08 09:35:07','2019-10-08 09:35:07'),
	(281,50,'ciclo_pago',NULL,'registrado',52,'2019-10-08 09:35:07','2019-10-08 09:35:07'),
	(282,52,'ciclo_resolucion','registrado','validado',66,'2019-10-08 10:28:15','2019-10-08 10:28:15'),
	(283,52,'ciclo_resolucion','validado','proceso',66,'2019-10-08 10:28:15','2019-10-08 10:28:15'),
	(284,53,'ciclo_resolucion','registrado','validado',66,'2019-10-08 10:29:00','2019-10-08 10:29:00'),
	(285,53,'ciclo_resolucion','validado','proceso',66,'2019-10-08 10:29:00','2019-10-08 10:29:00'),
	(286,54,'ciclo_resolucion','registrado','validado',66,'2019-10-08 10:29:17','2019-10-08 10:29:17'),
	(287,54,'ciclo_resolucion','validado','proceso',66,'2019-10-08 10:29:17','2019-10-08 10:29:17'),
	(288,55,'ciclo_resolucion','','registrado',5,'2019-10-09 10:17:55','2019-10-09 10:17:55'),
	(289,56,'ciclo_resolucion','','registrado',5,'2019-10-09 10:19:10','2019-10-09 10:19:10'),
	(290,57,'ciclo_resolucion','','registrado',63,'2019-10-09 12:31:36','2019-10-09 12:31:36'),
	(291,58,'ciclo_resolucion','','registrado',5,'2019-10-09 14:19:05','2019-10-09 14:19:05'),
	(292,59,'ciclo_resolucion','','registrado',5,'2019-10-09 14:21:18','2019-10-09 14:21:18'),
	(293,55,'ciclo_resolucion','registrado','validado',66,'2019-10-09 14:51:57','2019-10-09 14:51:57'),
	(294,55,'ciclo_resolucion','validado','proceso',66,'2019-10-09 14:51:57','2019-10-09 14:51:57'),
	(295,56,'ciclo_resolucion','registrado','validado',66,'2019-10-09 14:52:26','2019-10-09 14:52:26'),
	(296,56,'ciclo_resolucion','validado','proceso',66,'2019-10-09 14:52:26','2019-10-09 14:52:26'),
	(297,57,'ciclo_resolucion','registrado','validado',66,'2019-10-09 14:52:45','2019-10-09 14:52:45'),
	(298,57,'ciclo_resolucion','validado','proceso',66,'2019-10-09 14:52:45','2019-10-09 14:52:45'),
	(299,58,'ciclo_resolucion','registrado','validado',66,'2019-10-09 14:57:26','2019-10-09 14:57:26'),
	(300,58,'ciclo_resolucion','validado','proceso',66,'2019-10-09 14:57:26','2019-10-09 14:57:26'),
	(301,59,'ciclo_resolucion','registrado','validado',66,'2019-10-09 14:57:51','2019-10-09 14:57:51'),
	(302,59,'ciclo_resolucion','validado','proceso',66,'2019-10-09 14:57:51','2019-10-09 14:57:51'),
	(303,57,'ciclo_resolucion','proceso','cerrado',5,'2019-10-09 15:42:20','2019-10-09 15:42:20'),
	(304,51,'ciclo_resolucion','proceso','cerrado',5,'2019-10-09 16:20:46','2019-10-09 16:20:46'),
	(305,52,'ciclo_resolucion','proceso','cerrado',5,'2019-10-09 16:21:42','2019-10-09 16:21:42'),
	(306,53,'ciclo_resolucion','proceso','cerrado',5,'2019-10-09 16:23:28','2019-10-09 16:23:28'),
	(307,54,'ciclo_resolucion','proceso','cerrado',5,'2019-10-09 16:24:22','2019-10-09 16:24:22'),
	(308,55,'ciclo_resolucion','proceso','cerrado',5,'2019-10-09 16:25:21','2019-10-09 16:25:21'),
	(309,56,'ciclo_resolucion','proceso','cerrado',5,'2019-10-09 16:26:16','2019-10-09 16:26:16'),
	(310,60,'ciclo_resolucion','','registrado',73,'2019-10-10 12:45:59','2019-10-10 12:45:59'),
	(311,60,'ciclo_resolucion','registrado','validado',73,'2019-10-10 12:45:59','2019-10-10 12:45:59'),
	(312,60,'ciclo_resolucion','registrado','validado',73,'2019-10-10 12:45:59','2019-10-10 12:45:59'),
	(325,65,'ciclo_resolucion','','registrado',53,'2019-10-10 15:28:00','2019-10-10 15:28:00'),
	(326,65,'ciclo_resolucion','registrado','validado',50,'2019-10-10 15:32:34','2019-10-10 15:32:34'),
	(327,65,'ciclo_resolucion','validado','proceso',50,'2019-10-10 15:32:34','2019-10-10 15:32:34'),
	(334,68,'ciclo_resolucion','','registrado',6,'2019-10-11 09:32:42','2019-10-11 09:32:42'),
	(335,68,'ciclo_resolucion','registrado','validado',6,'2019-10-11 09:32:42','2019-10-11 09:32:42'),
	(336,68,'ciclo_resolucion','registrado','validado',6,'2019-10-11 09:32:42','2019-10-11 09:32:42'),
	(337,68,'ciclo_resolucion','validado','proceso',6,'2019-10-11 09:35:52','2019-10-11 09:35:52'),
	(338,68,'ciclo_resolucion','proceso','cerrado',6,'2019-10-11 09:40:16','2019-10-11 09:40:16'),
	(339,68,'ciclo_resolucion','cerrado','finalizado',6,'2019-10-11 09:42:26','2019-10-11 09:42:26'),
	(340,68,'ciclo_pago',NULL,'registrado',6,'2019-10-11 09:42:26','2019-10-11 09:42:26'),
	(341,68,'ciclo_pago','registrado','pagado',6,'2019-10-11 09:42:26','2019-10-11 09:42:26'),
	(342,69,'ciclo_resolucion','','registrado',6,'2019-10-11 09:50:45','2019-10-11 09:50:45'),
	(343,69,'ciclo_resolucion','registrado','validado',6,'2019-10-11 09:50:45','2019-10-11 09:50:45'),
	(344,69,'ciclo_resolucion','registrado','validado',6,'2019-10-11 09:50:45','2019-10-11 09:50:45'),
	(345,69,'ciclo_resolucion','validado','cerrado',6,'2019-10-11 10:15:28','2019-10-11 10:15:28'),
	(346,70,'ciclo_resolucion','','registrado',6,'2019-10-11 10:18:28','2019-10-11 10:18:28'),
	(347,70,'ciclo_resolucion','registrado','validado',6,'2019-10-11 10:18:28','2019-10-11 10:18:28'),
	(348,70,'ciclo_resolucion','registrado','validado',6,'2019-10-11 10:18:28','2019-10-11 10:18:28'),
	(349,71,'ciclo_resolucion','','registrado',6,'2019-10-11 10:20:05','2019-10-11 10:20:05'),
	(350,71,'ciclo_resolucion','registrado','validado',6,'2019-10-11 10:20:05','2019-10-11 10:20:05'),
	(351,71,'ciclo_resolucion','registrado','validado',6,'2019-10-11 10:20:05','2019-10-11 10:20:05'),
	(352,72,'ciclo_resolucion','','registrado',6,'2019-10-11 10:22:02','2019-10-11 10:22:02'),
	(353,72,'ciclo_resolucion','registrado','validado',6,'2019-10-11 10:22:02','2019-10-11 10:22:02'),
	(354,72,'ciclo_resolucion','registrado','validado',6,'2019-10-11 10:22:02','2019-10-11 10:22:02'),
	(355,73,'ciclo_resolucion','','registrado',6,'2019-10-11 10:23:06','2019-10-11 10:23:06'),
	(356,73,'ciclo_resolucion','registrado','validado',6,'2019-10-11 10:23:06','2019-10-11 10:23:06'),
	(357,73,'ciclo_resolucion','registrado','validado',6,'2019-10-11 10:23:06','2019-10-11 10:23:06'),
	(358,70,'ciclo_resolucion','validado','cerrado',6,'2019-10-11 10:24:57','2019-10-11 10:24:57'),
	(359,71,'ciclo_resolucion','validado','cerrado',6,'2019-10-11 10:26:08','2019-10-11 10:26:08'),
	(360,72,'ciclo_resolucion','validado','cerrado',6,'2019-10-11 10:27:24','2019-10-11 10:27:24'),
	(361,73,'ciclo_resolucion','validado','cerrado',6,'2019-10-11 10:29:15','2019-10-11 10:29:15'),
	(362,58,'ciclo_resolucion','proceso','cerrado',5,'2019-10-11 11:45:35','2019-10-11 11:45:35'),
	(363,59,'ciclo_resolucion','proceso','cerrado',5,'2019-10-11 11:47:07','2019-10-11 11:47:07'),
	(364,43,'ciclo_resolucion','cerrado','finalizado',66,'2019-10-11 12:39:17','2019-10-11 12:39:17'),
	(365,43,'ciclo_pago',NULL,'registrado',66,'2019-10-11 12:39:17','2019-10-11 12:39:17'),
	(366,70,'ciclo_resolucion','cerrado','finalizado',1,'2019-10-11 19:06:32','2019-10-11 19:06:32'),
	(367,70,'ciclo_pago',NULL,'registrado',1,'2019-10-11 19:06:32','2019-10-11 19:06:32'),
	(368,70,'ciclo_pago','registrado','pagado',1,'2019-10-11 19:06:32','2019-10-11 19:06:32'),
	(369,71,'ciclo_resolucion','cerrado','finalizado',1,'2019-10-11 19:06:46','2019-10-11 19:06:46'),
	(370,71,'ciclo_pago',NULL,'registrado',1,'2019-10-11 19:06:46','2019-10-11 19:06:46'),
	(371,71,'ciclo_pago','registrado','pagado',1,'2019-10-11 19:06:46','2019-10-11 19:06:46'),
	(372,72,'ciclo_resolucion','cerrado','finalizado',1,'2019-10-11 19:06:54','2019-10-11 19:06:54'),
	(373,72,'ciclo_pago',NULL,'registrado',1,'2019-10-11 19:06:54','2019-10-11 19:06:54'),
	(374,72,'ciclo_pago','registrado','pagado',1,'2019-10-11 19:06:54','2019-10-11 19:06:54'),
	(375,73,'ciclo_resolucion','cerrado','finalizado',1,'2019-10-11 19:07:04','2019-10-11 19:07:04'),
	(376,73,'ciclo_pago',NULL,'registrado',1,'2019-10-11 19:07:04','2019-10-11 19:07:04'),
	(377,73,'ciclo_pago','registrado','pagado',1,'2019-10-11 19:07:04','2019-10-11 19:07:04'),
	(378,69,'ciclo_resolucion','cerrado','finalizado',1,'2019-10-11 19:07:29','2019-10-11 19:07:29'),
	(379,69,'ciclo_pago',NULL,'registrado',1,'2019-10-11 19:07:29','2019-10-11 19:07:29'),
	(380,69,'ciclo_pago','registrado','pagado',1,'2019-10-11 19:07:29','2019-10-11 19:07:29'),
	(381,74,'ciclo_resolucion','','registrado',75,'2019-10-15 17:57:48','2019-10-15 17:57:48'),
	(382,74,'ciclo_resolucion','registrado','validado',75,'2019-10-15 17:57:48','2019-10-15 17:57:48'),
	(383,74,'ciclo_resolucion','registrado','validado',75,'2019-10-15 17:57:48','2019-10-15 17:57:48'),
	(384,65,'ciclo_resolucion','proceso','cerrado',5,'2019-10-16 09:35:40','2019-10-16 09:35:40'),
	(385,75,'ciclo_resolucion','','registrado',5,'2019-10-16 09:39:59','2019-10-16 09:39:59'),
	(386,76,'ciclo_resolucion','','registrado',5,'2019-10-16 09:42:00','2019-10-16 09:42:00'),
	(387,75,'ciclo_resolucion','registrado','validado',66,'2019-10-16 10:19:51','2019-10-16 10:19:51'),
	(388,75,'ciclo_resolucion','validado','proceso',66,'2019-10-16 10:19:51','2019-10-16 10:19:51'),
	(389,76,'ciclo_resolucion','registrado','validado',66,'2019-10-16 10:20:09','2019-10-16 10:20:09'),
	(390,76,'ciclo_resolucion','validado','proceso',66,'2019-10-16 10:20:09','2019-10-16 10:20:09'),
	(391,77,'ciclo_resolucion','','registrado',5,'2019-10-16 15:10:38','2019-10-16 15:10:38'),
	(392,78,'ciclo_resolucion','','registrado',5,'2019-10-16 15:27:45','2019-10-16 15:27:45'),
	(393,79,'ciclo_resolucion','','registrado',63,'2019-10-16 15:32:10','2019-10-16 15:32:10'),
	(394,75,'ciclo_resolucion','proceso','cerrado',5,'2019-10-16 16:44:08','2019-10-16 16:44:08'),
	(395,76,'ciclo_resolucion','proceso','cerrado',5,'2019-10-16 16:45:15','2019-10-16 16:45:15'),
	(396,80,'ciclo_resolucion','','registrado',80,'2019-10-17 11:11:43','2019-10-17 11:11:43'),
	(397,80,'ciclo_resolucion','registrado','validado',80,'2019-10-17 11:11:43','2019-10-17 11:11:43'),
	(398,80,'ciclo_resolucion','registrado','validado',80,'2019-10-17 11:11:43','2019-10-17 11:11:43'),
	(399,81,'ciclo_resolucion','','registrado',80,'2019-10-17 11:13:08','2019-10-17 11:13:08'),
	(400,81,'ciclo_resolucion','registrado','validado',80,'2019-10-17 11:13:08','2019-10-17 11:13:08'),
	(401,81,'ciclo_resolucion','registrado','validado',80,'2019-10-17 11:13:08','2019-10-17 11:13:08'),
	(402,82,'ciclo_resolucion','','registrado',83,'2019-10-17 12:56:28','2019-10-17 12:56:28'),
	(403,82,'ciclo_resolucion','registrado','validado',83,'2019-10-17 12:56:28','2019-10-17 12:56:28'),
	(404,82,'ciclo_resolucion','registrado','validado',83,'2019-10-17 12:56:28','2019-10-17 12:56:28'),
	(405,80,'ciclo_resolucion','validado','cerrado',5,'2019-10-17 12:58:58','2019-10-17 12:58:58'),
	(406,81,'ciclo_resolucion','validado','cerrado',5,'2019-10-17 13:06:17','2019-10-17 13:06:17'),
	(407,60,'ciclo_resolucion','validado','proceso',1,'2019-10-17 14:31:56','2019-10-17 14:31:56'),
	(408,74,'ciclo_resolucion','validado','proceso',1,'2019-10-17 14:32:12','2019-10-17 14:32:12'),
	(409,82,'ciclo_resolucion','validado','proceso',1,'2019-10-17 14:32:25','2019-10-17 14:32:25'),
	(410,83,'ciclo_resolucion','','registrado',53,'2019-10-17 16:15:03','2019-10-17 16:15:03'),
	(411,84,'ciclo_resolucion','','registrado',5,'2019-10-18 09:07:39','2019-10-18 09:07:39'),
	(412,85,'ciclo_resolucion','','registrado',5,'2019-10-18 09:10:11','2019-10-18 09:10:11'),
	(413,77,'ciclo_resolucion','registrado','validado',66,'2019-10-18 09:52:02','2019-10-18 09:52:02'),
	(414,77,'ciclo_resolucion','validado','proceso',66,'2019-10-18 09:52:02','2019-10-18 09:52:02'),
	(415,78,'ciclo_resolucion','registrado','validado',66,'2019-10-18 09:52:27','2019-10-18 09:52:27'),
	(416,78,'ciclo_resolucion','validado','proceso',66,'2019-10-18 09:52:27','2019-10-18 09:52:27'),
	(417,79,'ciclo_resolucion','registrado','validado',66,'2019-10-18 09:52:48','2019-10-18 09:52:48'),
	(418,79,'ciclo_resolucion','validado','proceso',66,'2019-10-18 09:52:48','2019-10-18 09:52:48'),
	(419,85,'ciclo_resolucion','registrado','validado',66,'2019-10-18 09:53:13','2019-10-18 09:53:13'),
	(420,85,'ciclo_resolucion','validado','proceso',66,'2019-10-18 09:53:13','2019-10-18 09:53:13'),
	(421,83,'ciclo_resolucion','registrado','validado',66,'2019-10-18 09:53:51','2019-10-18 09:53:51'),
	(422,83,'ciclo_resolucion','validado','proceso',66,'2019-10-18 09:53:51','2019-10-18 09:53:51'),
	(423,84,'ciclo_resolucion','registrado','validado',66,'2019-10-18 09:54:10','2019-10-18 09:54:10'),
	(424,84,'ciclo_resolucion','validado','proceso',66,'2019-10-18 09:54:10','2019-10-18 09:54:10'),
	(425,86,'ciclo_resolucion','','registrado',5,'2019-10-18 10:06:25','2019-10-18 10:06:25'),
	(426,87,'ciclo_resolucion','','registrado',5,'2019-10-18 10:33:11','2019-10-18 10:33:11'),
	(427,83,'ciclo_resolucion','proceso','cerrado',5,'2019-10-18 15:14:59','2019-10-18 15:14:59'),
	(428,77,'ciclo_resolucion','proceso','cerrado',5,'2019-10-18 15:17:59','2019-10-18 15:17:59'),
	(429,78,'ciclo_resolucion','proceso','cerrado',5,'2019-10-18 15:19:04','2019-10-18 15:19:04'),
	(430,77,'ciclo_resolucion','cerrado','finalizado',66,'2019-10-18 15:21:12','2019-10-18 15:21:12'),
	(431,77,'ciclo_pago',NULL,'registrado',66,'2019-10-18 15:21:12','2019-10-18 15:21:12'),
	(432,45,'ciclo_resolucion','cerrado','finalizado',66,'2019-10-18 15:22:05','2019-10-18 15:22:05'),
	(433,45,'ciclo_pago',NULL,'registrado',66,'2019-10-18 15:22:05','2019-10-18 15:22:05'),
	(434,46,'ciclo_resolucion','cerrado','finalizado',66,'2019-10-18 15:22:32','2019-10-18 15:22:32'),
	(435,46,'ciclo_pago',NULL,'registrado',66,'2019-10-18 15:22:32','2019-10-18 15:22:32'),
	(436,51,'ciclo_resolucion','cerrado','finalizado',66,'2019-10-18 15:23:11','2019-10-18 15:23:11'),
	(437,51,'ciclo_pago',NULL,'registrado',66,'2019-10-18 15:23:11','2019-10-18 15:23:11'),
	(438,58,'ciclo_resolucion','cerrado','finalizado',66,'2019-10-18 15:23:44','2019-10-18 15:23:44'),
	(439,58,'ciclo_pago',NULL,'registrado',66,'2019-10-18 15:23:44','2019-10-18 15:23:44'),
	(440,78,'ciclo_resolucion','cerrado','finalizado',66,'2019-10-18 15:24:19','2019-10-18 15:24:19'),
	(441,78,'ciclo_pago',NULL,'registrado',66,'2019-10-18 15:24:19','2019-10-18 15:24:19'),
	(442,75,'ciclo_resolucion','cerrado','finalizado',66,'2019-10-18 15:26:06','2019-10-18 15:26:06'),
	(443,75,'ciclo_pago',NULL,'registrado',66,'2019-10-18 15:26:06','2019-10-18 15:26:06'),
	(444,88,'ciclo_resolucion','','registrado',5,'2019-10-18 15:36:25','2019-10-18 15:36:25'),
	(445,89,'ciclo_resolucion','','registrado',74,'2019-10-21 08:47:07','2019-10-21 08:47:07'),
	(446,89,'ciclo_resolucion','registrado','validado',74,'2019-10-21 08:47:07','2019-10-21 08:47:07'),
	(447,89,'ciclo_resolucion','registrado','validado',74,'2019-10-21 08:47:07','2019-10-21 08:47:07'),
	(448,89,'ciclo_resolucion','validado','proceso',74,'2019-10-21 08:47:07','2019-10-21 08:47:07'),
	(449,89,'ciclo_resolucion','registrado','validado',74,'2019-10-21 08:47:07','2019-10-21 08:47:07'),
	(450,90,'ciclo_resolucion','','registrado',74,'2019-10-21 08:49:07','2019-10-21 08:49:07'),
	(451,90,'ciclo_resolucion','registrado','validado',74,'2019-10-21 08:49:07','2019-10-21 08:49:07'),
	(452,90,'ciclo_resolucion','registrado','validado',74,'2019-10-21 08:49:07','2019-10-21 08:49:07'),
	(453,90,'ciclo_resolucion','validado','proceso',74,'2019-10-21 08:49:07','2019-10-21 08:49:07'),
	(454,90,'ciclo_resolucion','registrado','validado',74,'2019-10-21 08:49:07','2019-10-21 08:49:07'),
	(455,60,'ciclo_resolucion','proceso','cerrado',5,'2019-10-21 09:42:38','2019-10-21 09:42:38'),
	(456,74,'ciclo_resolucion','proceso','cerrado',5,'2019-10-21 09:45:00','2019-10-21 09:45:00'),
	(457,84,'ciclo_resolucion','proceso','cerrado',5,'2019-10-21 11:47:51','2019-10-21 11:47:51'),
	(458,91,'ciclo_resolucion','','registrado',5,'2019-10-21 11:50:23','2019-10-21 11:50:23'),
	(459,92,'ciclo_resolucion','','registrado',5,'2019-10-21 12:39:47','2019-10-21 12:39:47'),
	(460,93,'ciclo_resolucion','','registrado',5,'2019-10-21 15:16:03','2019-10-21 15:16:03'),
	(461,86,'ciclo_resolucion','registrado','validado',66,'2019-10-21 15:19:38','2019-10-21 15:19:38'),
	(462,86,'ciclo_resolucion','validado','proceso',66,'2019-10-21 15:19:38','2019-10-21 15:19:38'),
	(463,87,'ciclo_resolucion','registrado','validado',66,'2019-10-21 15:19:51','2019-10-21 15:19:51'),
	(464,87,'ciclo_resolucion','validado','proceso',66,'2019-10-21 15:19:51','2019-10-21 15:19:51'),
	(465,88,'ciclo_resolucion','registrado','validado',66,'2019-10-21 15:20:06','2019-10-21 15:20:06'),
	(466,88,'ciclo_resolucion','validado','proceso',66,'2019-10-21 15:20:06','2019-10-21 15:20:06'),
	(467,91,'ciclo_resolucion','registrado','validado',66,'2019-10-21 15:20:19','2019-10-21 15:20:19'),
	(468,91,'ciclo_resolucion','validado','proceso',66,'2019-10-21 15:20:19','2019-10-21 15:20:19'),
	(469,92,'ciclo_resolucion','registrado','validado',66,'2019-10-21 15:20:33','2019-10-21 15:20:33'),
	(470,92,'ciclo_resolucion','validado','proceso',66,'2019-10-21 15:20:33','2019-10-21 15:20:33'),
	(471,93,'ciclo_resolucion','registrado','validado',66,'2019-10-21 15:20:48','2019-10-21 15:20:48'),
	(472,93,'ciclo_resolucion','validado','proceso',66,'2019-10-21 15:20:48','2019-10-21 15:20:48'),
	(473,79,'ciclo_resolucion','proceso','cerrado',5,'2019-10-21 16:19:18','2019-10-21 16:19:18'),
	(474,86,'ciclo_resolucion','proceso','cerrado',5,'2019-10-21 16:22:13','2019-10-21 16:22:13'),
	(475,87,'ciclo_resolucion','proceso','cerrado',5,'2019-10-21 16:23:40','2019-10-21 16:23:40'),
	(476,88,'ciclo_resolucion','proceso','cerrado',5,'2019-10-21 16:24:37','2019-10-21 16:24:37'),
	(477,85,'ciclo_resolucion','proceso','cerrado',5,'2019-10-21 16:40:11','2019-10-21 16:40:11'),
	(478,91,'ciclo_resolucion','proceso','cerrado',5,'2019-10-21 16:41:11','2019-10-21 16:41:11'),
	(479,93,'ciclo_resolucion','proceso','cerrado',5,'2019-10-21 16:42:11','2019-10-21 16:42:11'),
	(480,93,'ciclo_resolucion','cerrado','finalizado',63,'2019-10-22 08:18:51','2019-10-22 08:18:51'),
	(481,93,'ciclo_pago',NULL,'registrado',63,'2019-10-22 08:18:52','2019-10-22 08:18:52'),
	(482,53,'ciclo_resolucion','cerrado','finalizado',63,'2019-10-22 08:20:15','2019-10-22 08:20:15'),
	(483,53,'ciclo_pago',NULL,'registrado',63,'2019-10-22 08:20:15','2019-10-22 08:20:15'),
	(484,79,'ciclo_resolucion','cerrado','finalizado',63,'2019-10-22 08:22:34','2019-10-22 08:22:34'),
	(485,79,'ciclo_pago',NULL,'registrado',63,'2019-10-22 08:22:34','2019-10-22 08:22:34'),
	(486,90,'ciclo_resolucion','proceso','cerrado',5,'2019-10-22 09:08:53','2019-10-22 09:08:53'),
	(487,89,'ciclo_resolucion','proceso','cerrado',5,'2019-10-22 09:10:15','2019-10-22 09:10:15'),
	(488,82,'ciclo_resolucion','proceso','cerrado',5,'2019-10-22 14:27:34','2019-10-22 14:27:34'),
	(489,94,'ciclo_resolucion','','registrado',92,'2019-10-22 17:40:27','2019-10-22 17:40:27'),
	(490,94,'ciclo_resolucion','registrado','validado',92,'2019-10-22 17:40:27','2019-10-22 17:40:27'),
	(491,94,'ciclo_resolucion','registrado','validado',92,'2019-10-22 17:40:27','2019-10-22 17:40:27'),
	(492,94,'ciclo_resolucion','validado','proceso',92,'2019-10-22 17:40:27','2019-10-22 17:40:27'),
	(493,94,'ciclo_resolucion','registrado','validado',92,'2019-10-22 17:40:28','2019-10-22 17:40:28'),
	(494,95,'ciclo_resolucion','','registrado',65,'2019-10-23 09:10:24','2019-10-23 09:10:24'),
	(495,94,'ciclo_resolucion','proceso','cerrado',5,'2019-10-23 09:23:56','2019-10-23 09:23:56'),
	(496,96,'ciclo_resolucion','','registrado',5,'2019-10-23 14:12:09','2019-10-23 14:12:09'),
	(497,97,'ciclo_resolucion','','registrado',5,'2019-10-23 14:18:54','2019-10-23 14:18:54'),
	(498,98,'ciclo_resolucion','','registrado',6,'2019-10-24 08:54:30','2019-10-24 08:54:30'),
	(499,98,'ciclo_resolucion','registrado','validado',6,'2019-10-24 08:54:30','2019-10-24 08:54:30'),
	(500,98,'ciclo_resolucion','registrado','validado',6,'2019-10-24 08:54:30','2019-10-24 08:54:30'),
	(501,98,'ciclo_resolucion','validado','proceso',6,'2019-10-24 08:54:30','2019-10-24 08:54:30'),
	(502,98,'ciclo_resolucion','registrado','validado',6,'2019-10-24 08:54:30','2019-10-24 08:54:30'),
	(503,99,'ciclo_resolucion','','registrado',6,'2019-10-24 08:56:05','2019-10-24 08:56:05'),
	(504,99,'ciclo_resolucion','registrado','validado',6,'2019-10-24 08:56:05','2019-10-24 08:56:05'),
	(505,99,'ciclo_resolucion','registrado','validado',6,'2019-10-24 08:56:05','2019-10-24 08:56:05'),
	(506,99,'ciclo_resolucion','validado','proceso',6,'2019-10-24 08:56:05','2019-10-24 08:56:05'),
	(507,99,'ciclo_resolucion','registrado','validado',6,'2019-10-24 08:56:05','2019-10-24 08:56:05'),
	(508,100,'ciclo_resolucion','','registrado',6,'2019-10-24 08:57:02','2019-10-24 08:57:02'),
	(509,100,'ciclo_resolucion','registrado','validado',6,'2019-10-24 08:57:02','2019-10-24 08:57:02'),
	(510,100,'ciclo_resolucion','registrado','validado',6,'2019-10-24 08:57:02','2019-10-24 08:57:02'),
	(511,100,'ciclo_resolucion','validado','proceso',6,'2019-10-24 08:57:02','2019-10-24 08:57:02'),
	(512,100,'ciclo_resolucion','registrado','validado',6,'2019-10-24 08:57:02','2019-10-24 08:57:02'),
	(513,101,'ciclo_resolucion','','registrado',6,'2019-10-24 08:59:14','2019-10-24 08:59:14'),
	(514,101,'ciclo_resolucion','registrado','validado',6,'2019-10-24 08:59:14','2019-10-24 08:59:14'),
	(515,101,'ciclo_resolucion','registrado','validado',6,'2019-10-24 08:59:14','2019-10-24 08:59:14'),
	(516,101,'ciclo_resolucion','validado','proceso',6,'2019-10-24 08:59:14','2019-10-24 08:59:14'),
	(517,101,'ciclo_resolucion','registrado','validado',6,'2019-10-24 08:59:14','2019-10-24 08:59:14'),
	(518,98,'ciclo_resolucion','proceso','cerrado',6,'2019-10-24 09:01:42','2019-10-24 09:01:42'),
	(519,99,'ciclo_resolucion','proceso','cerrado',6,'2019-10-24 09:03:27','2019-10-24 09:03:27'),
	(520,100,'ciclo_resolucion','proceso','cerrado',6,'2019-10-24 09:05:11','2019-10-24 09:05:11'),
	(521,101,'ciclo_resolucion','proceso','cerrado',6,'2019-10-24 09:26:44','2019-10-24 09:26:44'),
	(522,92,'ciclo_resolucion','proceso','cerrado',5,'2019-10-24 10:24:16','2019-10-24 10:24:16'),
	(523,102,'ciclo_resolucion','','registrado',87,'2019-10-24 13:49:13','2019-10-24 13:49:13'),
	(524,102,'ciclo_resolucion','registrado','validado',87,'2019-10-24 13:49:13','2019-10-24 13:49:13'),
	(525,102,'ciclo_resolucion','registrado','validado',87,'2019-10-24 13:49:13','2019-10-24 13:49:13'),
	(526,102,'ciclo_resolucion','validado','proceso',87,'2019-10-24 13:49:13','2019-10-24 13:49:13'),
	(527,102,'ciclo_resolucion','registrado','validado',87,'2019-10-24 13:49:13','2019-10-24 13:49:13'),
	(528,102,'ciclo_resolucion','proceso','cerrado',5,'2019-10-24 16:51:17','2019-10-24 16:51:17'),
	(529,103,'ciclo_resolucion','','registrado',87,'2019-10-25 08:00:31','2019-10-25 08:00:31'),
	(530,103,'ciclo_resolucion','registrado','validado',87,'2019-10-25 08:00:31','2019-10-25 08:00:31'),
	(531,103,'ciclo_resolucion','registrado','validado',87,'2019-10-25 08:00:31','2019-10-25 08:00:31'),
	(532,103,'ciclo_resolucion','validado','proceso',87,'2019-10-25 08:00:31','2019-10-25 08:00:31'),
	(533,103,'ciclo_resolucion','registrado','validado',87,'2019-10-25 08:00:31','2019-10-25 08:00:31'),
	(534,104,'ciclo_resolucion','','registrado',64,'2019-10-25 11:51:16','2019-10-25 11:51:16'),
	(535,105,'ciclo_resolucion','','registrado',5,'2019-10-25 16:07:32','2019-10-25 16:07:32'),
	(536,106,'ciclo_resolucion','','registrado',74,'2019-10-28 09:32:09','2019-10-28 09:32:09'),
	(537,106,'ciclo_resolucion','registrado','validado',74,'2019-10-28 09:32:09','2019-10-28 09:32:09'),
	(538,106,'ciclo_resolucion','registrado','validado',74,'2019-10-28 09:32:09','2019-10-28 09:32:09'),
	(539,106,'ciclo_resolucion','validado','proceso',74,'2019-10-28 09:32:09','2019-10-28 09:32:09'),
	(540,106,'ciclo_resolucion','registrado','validado',74,'2019-10-28 09:32:09','2019-10-28 09:32:09'),
	(541,106,'ciclo_resolucion','proceso','cerrado',5,'2019-10-28 10:42:49','2019-10-28 10:42:49'),
	(542,95,'ciclo_resolucion','registrado','validado',66,'2019-10-28 14:31:15','2019-10-28 14:31:15'),
	(543,95,'ciclo_resolucion','validado','proceso',66,'2019-10-28 14:31:15','2019-10-28 14:31:15'),
	(544,96,'ciclo_resolucion','registrado','validado',66,'2019-10-28 14:31:30','2019-10-28 14:31:30'),
	(545,96,'ciclo_resolucion','validado','proceso',66,'2019-10-28 14:31:30','2019-10-28 14:31:30'),
	(546,97,'ciclo_resolucion','registrado','validado',66,'2019-10-28 14:31:47','2019-10-28 14:31:47'),
	(547,97,'ciclo_resolucion','validado','proceso',66,'2019-10-28 14:31:47','2019-10-28 14:31:47'),
	(548,104,'ciclo_resolucion','registrado','validado',66,'2019-10-28 14:32:01','2019-10-28 14:32:01'),
	(549,104,'ciclo_resolucion','validado','proceso',66,'2019-10-28 14:32:01','2019-10-28 14:32:01'),
	(550,105,'ciclo_resolucion','registrado','validado',66,'2019-10-28 14:32:15','2019-10-28 14:32:15'),
	(551,105,'ciclo_resolucion','validado','proceso',66,'2019-10-28 14:32:15','2019-10-28 14:32:15'),
	(552,47,'ciclo_resolucion','cerrado','finalizado',66,'2019-10-28 14:33:17','2019-10-28 14:33:17'),
	(553,47,'ciclo_pago',NULL,'registrado',66,'2019-10-28 14:33:17','2019-10-28 14:33:17'),
	(554,95,'ciclo_resolucion','proceso','cerrado',5,'2019-10-28 14:37:11','2019-10-28 14:37:11'),
	(555,44,'ciclo_resolucion','cerrado','devuelto',66,'2019-10-28 14:37:52','2019-10-28 14:37:52'),
	(556,44,'ciclo_resolucion','devuelto','cerrado',5,'2019-10-28 14:40:51','2019-10-28 14:40:51'),
	(557,96,'ciclo_resolucion','proceso','cerrado',5,'2019-10-28 14:42:50','2019-10-28 14:42:50'),
	(558,97,'ciclo_resolucion','proceso','cerrado',5,'2019-10-28 14:45:05','2019-10-28 14:45:05'),
	(559,107,'ciclo_resolucion','','registrado',5,'2019-10-28 14:47:46','2019-10-28 14:47:46'),
	(560,103,'ciclo_resolucion','proceso','cerrado',5,'2019-10-30 09:39:52','2019-10-30 09:39:52'),
	(561,108,'ciclo_resolucion','','registrado',5,'2019-10-30 14:05:49','2019-10-30 14:05:49'),
	(562,109,'ciclo_resolucion','','registrado',5,'2019-10-30 14:07:21','2019-10-30 14:07:21'),
	(563,108,'ciclo_resolucion','registrado','validado',66,'2019-10-30 14:12:28','2019-10-30 14:12:28'),
	(564,108,'ciclo_resolucion','validado','proceso',66,'2019-10-30 14:12:28','2019-10-30 14:12:28'),
	(565,109,'ciclo_resolucion','registrado','validado',66,'2019-10-30 14:12:42','2019-10-30 14:12:42'),
	(566,109,'ciclo_resolucion','validado','proceso',66,'2019-10-30 14:12:42','2019-10-30 14:12:42'),
	(567,107,'ciclo_resolucion','registrado','validado',66,'2019-10-30 14:13:09','2019-10-30 14:13:09'),
	(568,107,'ciclo_resolucion','validado','proceso',66,'2019-10-30 14:13:09','2019-10-30 14:13:09'),
	(569,110,'ciclo_resolucion','','registrado',77,'2019-11-01 09:40:36','2019-11-01 09:40:36'),
	(570,110,'ciclo_resolucion','registrado','validado',77,'2019-11-01 09:40:36','2019-11-01 09:40:36'),
	(571,110,'ciclo_resolucion','registrado','validado',77,'2019-11-01 09:40:36','2019-11-01 09:40:36'),
	(572,110,'ciclo_resolucion','validado','proceso',77,'2019-11-01 09:40:36','2019-11-01 09:40:36'),
	(573,110,'ciclo_resolucion','registrado','validado',77,'2019-11-01 09:40:36','2019-11-01 09:40:36'),
	(574,110,'ciclo_resolucion','proceso','cerrado',5,'2019-11-01 09:57:14','2019-11-01 09:57:14'),
	(575,105,'ciclo_resolucion','proceso','cerrado',5,'2019-11-01 10:21:59','2019-11-01 10:21:59'),
	(576,107,'ciclo_resolucion','proceso','cerrado',5,'2019-11-01 10:23:04','2019-11-01 10:23:04'),
	(577,108,'ciclo_resolucion','proceso','cerrado',5,'2019-11-01 10:24:13','2019-11-01 10:24:13'),
	(578,109,'ciclo_resolucion','proceso','cerrado',5,'2019-11-01 10:31:13','2019-11-01 10:31:13'),
	(579,44,'ciclo_resolucion','cerrado','finalizado',66,'2019-11-01 16:52:39','2019-11-01 16:52:39'),
	(580,44,'ciclo_pago',NULL,'registrado',66,'2019-11-01 16:52:39','2019-11-01 16:52:39'),
	(581,48,'ciclo_resolucion','cerrado','finalizado',66,'2019-11-01 16:53:11','2019-11-01 16:53:11'),
	(582,48,'ciclo_pago',NULL,'registrado',66,'2019-11-01 16:53:11','2019-11-01 16:53:11'),
	(583,49,'ciclo_resolucion','cerrado','finalizado',66,'2019-11-01 16:53:39','2019-11-01 16:53:39'),
	(584,49,'ciclo_pago',NULL,'registrado',66,'2019-11-01 16:53:39','2019-11-01 16:53:39'),
	(585,52,'ciclo_resolucion','cerrado','finalizado',66,'2019-11-01 16:54:06','2019-11-01 16:54:06'),
	(586,52,'ciclo_pago',NULL,'registrado',66,'2019-11-01 16:54:06','2019-11-01 16:54:06'),
	(587,54,'ciclo_resolucion','cerrado','finalizado',66,'2019-11-01 16:54:32','2019-11-01 16:54:32'),
	(588,54,'ciclo_pago',NULL,'registrado',66,'2019-11-01 16:54:32','2019-11-01 16:54:32'),
	(589,55,'ciclo_resolucion','cerrado','finalizado',66,'2019-11-01 16:57:20','2019-11-01 16:57:20'),
	(590,55,'ciclo_pago',NULL,'registrado',66,'2019-11-01 16:57:20','2019-11-01 16:57:20'),
	(591,56,'ciclo_resolucion','cerrado','finalizado',66,'2019-11-01 16:57:56','2019-11-01 16:57:56'),
	(592,56,'ciclo_pago',NULL,'registrado',66,'2019-11-01 16:57:56','2019-11-01 16:57:56'),
	(593,57,'ciclo_resolucion','cerrado','finalizado',66,'2019-11-01 16:58:28','2019-11-01 16:58:28'),
	(594,57,'ciclo_pago',NULL,'registrado',66,'2019-11-01 16:58:28','2019-11-01 16:58:28'),
	(595,59,'ciclo_resolucion','cerrado','finalizado',66,'2019-11-01 16:58:54','2019-11-01 16:58:54'),
	(596,59,'ciclo_pago',NULL,'registrado',66,'2019-11-01 16:58:54','2019-11-01 16:58:54'),
	(597,65,'ciclo_resolucion','cerrado','finalizado',66,'2019-11-01 16:59:22','2019-11-01 16:59:22'),
	(598,65,'ciclo_pago',NULL,'registrado',66,'2019-11-01 16:59:22','2019-11-01 16:59:22'),
	(599,76,'ciclo_resolucion','cerrado','finalizado',66,'2019-11-01 16:59:45','2019-11-01 16:59:45'),
	(600,76,'ciclo_pago',NULL,'registrado',66,'2019-11-01 16:59:45','2019-11-01 16:59:45'),
	(601,83,'ciclo_resolucion','cerrado','finalizado',66,'2019-11-01 17:00:13','2019-11-01 17:00:13'),
	(602,83,'ciclo_pago',NULL,'registrado',66,'2019-11-01 17:00:13','2019-11-01 17:00:13'),
	(603,84,'ciclo_resolucion','cerrado','finalizado',66,'2019-11-01 17:00:42','2019-11-01 17:00:42'),
	(604,84,'ciclo_pago',NULL,'registrado',66,'2019-11-01 17:00:42','2019-11-01 17:00:42'),
	(605,85,'ciclo_resolucion','cerrado','finalizado',66,'2019-11-01 17:01:19','2019-11-01 17:01:19'),
	(606,85,'ciclo_pago',NULL,'registrado',66,'2019-11-01 17:01:19','2019-11-01 17:01:19'),
	(607,86,'ciclo_resolucion','cerrado','finalizado',66,'2019-11-01 17:01:45','2019-11-01 17:01:45'),
	(608,86,'ciclo_pago',NULL,'registrado',66,'2019-11-01 17:01:45','2019-11-01 17:01:45'),
	(609,87,'ciclo_resolucion','cerrado','finalizado',66,'2019-11-01 17:02:06','2019-11-01 17:02:06'),
	(610,87,'ciclo_pago',NULL,'registrado',66,'2019-11-01 17:02:06','2019-11-01 17:02:06'),
	(611,88,'ciclo_resolucion','cerrado','finalizado',66,'2019-11-01 17:02:45','2019-11-01 17:02:45'),
	(612,88,'ciclo_pago',NULL,'registrado',66,'2019-11-01 17:02:45','2019-11-01 17:02:45'),
	(613,91,'ciclo_resolucion','cerrado','finalizado',66,'2019-11-01 17:03:08','2019-11-01 17:03:08'),
	(614,91,'ciclo_pago',NULL,'registrado',66,'2019-11-01 17:03:08','2019-11-01 17:03:08'),
	(615,92,'ciclo_resolucion','cerrado','finalizado',66,'2019-11-01 17:03:39','2019-11-01 17:03:39'),
	(616,92,'ciclo_pago',NULL,'registrado',66,'2019-11-01 17:03:39','2019-11-01 17:03:39'),
	(617,95,'ciclo_resolucion','cerrado','finalizado',66,'2019-11-01 17:04:00','2019-11-01 17:04:00'),
	(618,95,'ciclo_pago',NULL,'registrado',66,'2019-11-01 17:04:00','2019-11-01 17:04:00'),
	(619,96,'ciclo_resolucion','cerrado','finalizado',66,'2019-11-01 17:04:22','2019-11-01 17:04:22'),
	(620,96,'ciclo_pago',NULL,'registrado',66,'2019-11-01 17:04:22','2019-11-01 17:04:22'),
	(621,97,'ciclo_resolucion','cerrado','finalizado',66,'2019-11-01 17:04:42','2019-11-01 17:04:42'),
	(622,97,'ciclo_pago',NULL,'registrado',66,'2019-11-01 17:04:42','2019-11-01 17:04:42'),
	(623,105,'ciclo_resolucion','cerrado','finalizado',66,'2019-11-01 17:05:05','2019-11-01 17:05:05'),
	(624,105,'ciclo_pago',NULL,'registrado',66,'2019-11-01 17:05:05','2019-11-01 17:05:05'),
	(625,107,'ciclo_resolucion','cerrado','finalizado',66,'2019-11-01 17:05:37','2019-11-01 17:05:37'),
	(626,107,'ciclo_pago',NULL,'registrado',66,'2019-11-01 17:05:37','2019-11-01 17:05:37'),
	(627,108,'ciclo_resolucion','cerrado','finalizado',66,'2019-11-01 17:05:59','2019-11-01 17:05:59'),
	(628,108,'ciclo_pago',NULL,'registrado',66,'2019-11-01 17:05:59','2019-11-01 17:05:59'),
	(629,109,'ciclo_resolucion','cerrado','finalizado',66,'2019-11-01 17:06:23','2019-11-01 17:06:23'),
	(630,109,'ciclo_pago',NULL,'registrado',66,'2019-11-01 17:06:23','2019-11-01 17:06:23'),
	(631,111,'ciclo_resolucion','','registrado',5,'2019-11-07 09:09:47','2019-11-07 09:09:47'),
	(632,112,'ciclo_resolucion','','registrado',58,'2019-11-07 10:34:21','2019-11-07 10:34:21'),
	(633,113,'ciclo_resolucion','','registrado',70,'2019-11-07 10:45:09','2019-11-07 10:45:09'),
	(634,113,'ciclo_resolucion','registrado','validado',70,'2019-11-07 10:45:09','2019-11-07 10:45:09'),
	(635,113,'ciclo_resolucion','registrado','validado',70,'2019-11-07 10:45:09','2019-11-07 10:45:09'),
	(636,113,'ciclo_resolucion','validado','proceso',70,'2019-11-07 10:45:09','2019-11-07 10:45:09'),
	(637,113,'ciclo_resolucion','registrado','validado',70,'2019-11-07 10:45:09','2019-11-07 10:45:09'),
	(638,113,'ciclo_resolucion','proceso','cerrado',5,'2019-11-07 10:56:00','2019-11-07 10:56:00'),
	(639,111,'ciclo_resolucion','registrado','validado',50,'2019-11-07 18:04:17','2019-11-07 18:04:17'),
	(640,111,'ciclo_resolucion','validado','proceso',50,'2019-11-07 18:04:17','2019-11-07 18:04:17'),
	(641,112,'ciclo_resolucion','registrado','validado',50,'2019-11-07 18:04:45','2019-11-07 18:04:45'),
	(642,112,'ciclo_resolucion','validado','proceso',50,'2019-11-07 18:04:45','2019-11-07 18:04:45'),
	(643,109,'ciclo_pago','registrado','validado',50,'2019-11-07 18:12:33','2019-11-07 18:12:33'),
	(644,108,'ciclo_pago','registrado','validado',50,'2019-11-07 18:12:56','2019-11-07 18:12:56'),
	(645,107,'ciclo_pago','registrado','validado',50,'2019-11-07 18:15:19','2019-11-07 18:15:19'),
	(646,105,'ciclo_pago','registrado','validado',50,'2019-11-07 18:15:35','2019-11-07 18:15:35'),
	(647,95,'ciclo_pago','registrado','validado',50,'2019-11-07 18:15:52','2019-11-07 18:15:52'),
	(648,97,'ciclo_pago','registrado','validado',50,'2019-11-07 18:16:58','2019-11-07 18:16:58'),
	(649,96,'ciclo_pago','registrado','validado',50,'2019-11-07 18:17:40','2019-11-07 18:17:40'),
	(650,92,'ciclo_pago','registrado','validado',50,'2019-11-07 18:18:00','2019-11-07 18:18:00'),
	(651,91,'ciclo_pago','registrado','validado',50,'2019-11-07 18:19:20','2019-11-07 18:19:20'),
	(652,93,'ciclo_pago','registrado','validado',50,'2019-11-07 18:19:49','2019-11-07 18:19:49'),
	(653,87,'ciclo_pago','registrado','validado',50,'2019-11-07 18:20:29','2019-11-07 18:20:29'),
	(654,86,'ciclo_pago','registrado','validado',50,'2019-11-07 18:21:11','2019-11-07 18:21:11'),
	(655,85,'ciclo_pago','registrado','validado',50,'2019-11-07 18:21:26','2019-11-07 18:21:26'),
	(656,84,'ciclo_pago','registrado','validado',50,'2019-11-07 18:21:45','2019-11-07 18:21:45'),
	(657,88,'ciclo_pago','registrado','validado',50,'2019-11-07 18:22:02','2019-11-07 18:22:02'),
	(658,83,'ciclo_pago','registrado','validado',50,'2019-11-07 18:22:15','2019-11-07 18:22:15'),
	(659,76,'ciclo_pago','registrado','validado',50,'2019-11-07 18:22:26','2019-11-07 18:22:26'),
	(660,75,'ciclo_pago','registrado','validado',50,'2019-11-07 18:22:48','2019-11-07 18:22:48'),
	(661,79,'ciclo_pago','registrado','validado',50,'2019-11-07 18:23:04','2019-11-07 18:23:04'),
	(662,78,'ciclo_pago','registrado','validado',50,'2019-11-07 18:23:23','2019-11-07 18:23:23'),
	(663,77,'ciclo_pago','registrado','validado',50,'2019-11-07 18:24:11','2019-11-07 18:24:11'),
	(664,65,'ciclo_pago','registrado','validado',50,'2019-11-07 18:24:25','2019-11-07 18:24:25'),
	(665,57,'ciclo_pago','registrado','validado',50,'2019-11-07 18:24:55','2019-11-07 18:24:55'),
	(666,56,'ciclo_pago','registrado','validado',50,'2019-11-07 18:25:11','2019-11-07 18:25:11'),
	(667,55,'ciclo_pago','registrado','validado',50,'2019-11-07 18:25:41','2019-11-07 18:25:41'),
	(668,59,'ciclo_pago','registrado','validado',50,'2019-11-07 18:25:53','2019-11-07 18:25:53'),
	(669,58,'ciclo_pago','registrado','validado',50,'2019-11-07 18:26:06','2019-11-07 18:26:06'),
	(670,51,'ciclo_pago','registrado','validado',50,'2019-11-07 18:26:20','2019-11-07 18:26:20'),
	(671,54,'ciclo_pago','registrado','validado',50,'2019-11-07 18:26:31','2019-11-07 18:26:31'),
	(672,53,'ciclo_pago','registrado','validado',50,'2019-11-07 18:27:11','2019-11-07 18:27:11'),
	(673,52,'ciclo_pago','registrado','validado',50,'2019-11-07 18:27:24','2019-11-07 18:27:24'),
	(674,50,'ciclo_pago','registrado','validado',50,'2019-11-07 18:27:36','2019-11-07 18:27:36'),
	(675,49,'ciclo_pago','registrado','validado',50,'2019-11-07 18:27:47','2019-11-07 18:27:47'),
	(676,48,'ciclo_pago','registrado','validado',50,'2019-11-07 18:28:00','2019-11-07 18:28:00'),
	(677,47,'ciclo_pago','registrado','validado',50,'2019-11-07 18:28:11','2019-11-07 18:28:11'),
	(678,46,'ciclo_pago','registrado','validado',50,'2019-11-07 18:28:24','2019-11-07 18:28:24'),
	(679,45,'ciclo_pago','registrado','validado',50,'2019-11-07 18:28:35','2019-11-07 18:28:35'),
	(680,44,'ciclo_pago','registrado','validado',50,'2019-11-07 18:28:47','2019-11-07 18:28:47'),
	(681,43,'ciclo_pago','registrado','validado',50,'2019-11-07 18:28:59','2019-11-07 18:28:59'),
	(682,42,'ciclo_pago','registrado','validado',50,'2019-11-07 18:29:09','2019-11-07 18:29:09'),
	(683,41,'ciclo_pago','registrado','validado',50,'2019-11-07 18:29:21','2019-11-07 18:29:21'),
	(684,40,'ciclo_pago','registrado','validado',50,'2019-11-07 18:29:34','2019-11-07 18:29:34'),
	(685,39,'ciclo_pago','registrado','validado',50,'2019-11-07 18:29:51','2019-11-07 18:29:51'),
	(686,112,'ciclo_resolucion','proceso','cerrado',5,'2019-11-08 09:21:27','2019-11-08 09:21:27'),
	(687,112,'ciclo_resolucion','cerrado','finalizado',50,'2019-11-08 09:30:07','2019-11-08 09:30:07'),
	(688,112,'ciclo_pago',NULL,'registrado',50,'2019-11-08 09:30:07','2019-11-08 09:30:07'),
	(689,104,'ciclo_resolucion','proceso','cerrado',5,'2019-11-08 09:38:29','2019-11-08 09:38:29'),
	(690,114,'ciclo_resolucion','','registrado',5,'2019-11-08 14:50:51','2019-11-08 14:50:51'),
	(691,109,'ciclo_pago','validado','facturado',1,'2019-11-08 20:42:49','2019-11-08 20:42:49'),
	(692,108,'ciclo_pago','validado','facturado',1,'2019-11-08 20:42:49','2019-11-08 20:42:49'),
	(693,107,'ciclo_pago','validado','facturado',1,'2019-11-08 20:42:49','2019-11-08 20:42:49'),
	(694,105,'ciclo_pago','validado','facturado',1,'2019-11-08 20:42:49','2019-11-08 20:42:49'),
	(695,95,'ciclo_pago','validado','facturado',1,'2019-11-08 20:42:49','2019-11-08 20:42:49'),
	(696,97,'ciclo_pago','validado','facturado',1,'2019-11-08 20:42:49','2019-11-08 20:42:49'),
	(697,96,'ciclo_pago','validado','facturado',1,'2019-11-08 20:42:49','2019-11-08 20:42:49'),
	(698,92,'ciclo_pago','validado','facturado',1,'2019-11-08 20:42:49','2019-11-08 20:42:49'),
	(699,91,'ciclo_pago','validado','facturado',1,'2019-11-08 20:42:49','2019-11-08 20:42:49'),
	(700,93,'ciclo_pago','validado','facturado',1,'2019-11-08 20:42:49','2019-11-08 20:42:49'),
	(701,87,'ciclo_pago','validado','facturado',1,'2019-11-08 20:42:49','2019-11-08 20:42:49'),
	(702,86,'ciclo_pago','validado','facturado',1,'2019-11-08 20:42:49','2019-11-08 20:42:49'),
	(703,85,'ciclo_pago','validado','facturado',1,'2019-11-08 20:42:49','2019-11-08 20:42:49'),
	(704,84,'ciclo_pago','validado','facturado',1,'2019-11-08 20:42:49','2019-11-08 20:42:49'),
	(705,88,'ciclo_pago','validado','facturado',1,'2019-11-08 20:42:49','2019-11-08 20:42:49'),
	(706,83,'ciclo_pago','validado','facturado',1,'2019-11-08 20:42:49','2019-11-08 20:42:49'),
	(707,76,'ciclo_pago','validado','facturado',1,'2019-11-08 20:42:49','2019-11-08 20:42:49'),
	(708,75,'ciclo_pago','validado','facturado',1,'2019-11-08 20:42:49','2019-11-08 20:42:49'),
	(709,79,'ciclo_pago','validado','facturado',1,'2019-11-08 20:42:49','2019-11-08 20:42:49'),
	(710,78,'ciclo_pago','validado','facturado',1,'2019-11-08 20:42:49','2019-11-08 20:42:49'),
	(711,77,'ciclo_pago','validado','facturado',1,'2019-11-08 20:42:49','2019-11-08 20:42:49'),
	(712,65,'ciclo_pago','validado','facturado',1,'2019-11-08 20:42:50','2019-11-08 20:42:50'),
	(713,57,'ciclo_pago','validado','facturado',1,'2019-11-08 20:42:50','2019-11-08 20:42:50'),
	(714,56,'ciclo_pago','validado','facturado',1,'2019-11-08 20:42:50','2019-11-08 20:42:50'),
	(715,55,'ciclo_pago','validado','facturado',1,'2019-11-08 20:42:50','2019-11-08 20:42:50'),
	(716,59,'ciclo_pago','validado','facturado',1,'2019-11-08 20:42:50','2019-11-08 20:42:50'),
	(717,58,'ciclo_pago','validado','facturado',1,'2019-11-08 20:42:50','2019-11-08 20:42:50'),
	(718,51,'ciclo_pago','validado','facturado',1,'2019-11-08 20:42:50','2019-11-08 20:42:50'),
	(719,54,'ciclo_pago','validado','facturado',1,'2019-11-08 20:42:50','2019-11-08 20:42:50'),
	(720,53,'ciclo_pago','validado','facturado',1,'2019-11-08 20:42:50','2019-11-08 20:42:50'),
	(721,52,'ciclo_pago','validado','facturado',1,'2019-11-08 20:42:50','2019-11-08 20:42:50'),
	(722,50,'ciclo_pago','validado','facturado',1,'2019-11-08 20:42:50','2019-11-08 20:42:50'),
	(723,49,'ciclo_pago','validado','facturado',1,'2019-11-08 20:42:50','2019-11-08 20:42:50'),
	(724,48,'ciclo_pago','validado','facturado',1,'2019-11-08 20:42:50','2019-11-08 20:42:50'),
	(725,47,'ciclo_pago','validado','facturado',1,'2019-11-08 20:42:50','2019-11-08 20:42:50'),
	(726,46,'ciclo_pago','validado','facturado',1,'2019-11-08 20:42:50','2019-11-08 20:42:50'),
	(727,45,'ciclo_pago','validado','facturado',1,'2019-11-08 20:42:50','2019-11-08 20:42:50'),
	(728,44,'ciclo_pago','validado','facturado',1,'2019-11-08 20:42:50','2019-11-08 20:42:50'),
	(729,43,'ciclo_pago','validado','facturado',1,'2019-11-08 20:42:50','2019-11-08 20:42:50'),
	(730,42,'ciclo_pago','validado','facturado',1,'2019-11-08 20:42:50','2019-11-08 20:42:50'),
	(731,41,'ciclo_pago','validado','facturado',1,'2019-11-08 20:42:50','2019-11-08 20:42:50'),
	(732,40,'ciclo_pago','validado','facturado',1,'2019-11-08 20:42:50','2019-11-08 20:42:50'),
	(733,39,'ciclo_pago','validado','facturado',1,'2019-11-08 20:42:50','2019-11-08 20:42:50'),
	(734,115,'ciclo_resolucion','','registrado',53,'2019-11-13 10:38:09','2019-11-13 10:38:09'),
	(735,116,'ciclo_resolucion','','registrado',94,'2019-11-13 17:16:58','2019-11-13 17:16:58'),
	(736,116,'ciclo_resolucion','registrado','validado',94,'2019-11-13 17:16:58','2019-11-13 17:16:58'),
	(737,116,'ciclo_resolucion','registrado','validado',94,'2019-11-13 17:16:58','2019-11-13 17:16:58'),
	(738,116,'ciclo_resolucion','validado','proceso',94,'2019-11-13 17:16:58','2019-11-13 17:16:58'),
	(739,116,'ciclo_resolucion','registrado','validado',94,'2019-11-13 17:16:58','2019-11-13 17:16:58'),
	(740,117,'ciclo_resolucion','','registrado',94,'2019-11-13 17:19:15','2019-11-13 17:19:15'),
	(741,117,'ciclo_resolucion','registrado','validado',94,'2019-11-13 17:19:15','2019-11-13 17:19:15'),
	(742,117,'ciclo_resolucion','registrado','validado',94,'2019-11-13 17:19:15','2019-11-13 17:19:15'),
	(743,117,'ciclo_resolucion','validado','proceso',94,'2019-11-13 17:19:15','2019-11-13 17:19:15'),
	(744,117,'ciclo_resolucion','registrado','validado',94,'2019-11-13 17:19:15','2019-11-13 17:19:15'),
	(745,118,'ciclo_resolucion','','registrado',90,'2019-11-14 11:21:33','2019-11-14 11:21:33'),
	(746,118,'ciclo_resolucion','registrado','validado',90,'2019-11-14 11:21:33','2019-11-14 11:21:33'),
	(747,118,'ciclo_resolucion','registrado','validado',90,'2019-11-14 11:21:33','2019-11-14 11:21:33'),
	(748,118,'ciclo_resolucion','validado','proceso',90,'2019-11-14 11:21:33','2019-11-14 11:21:33'),
	(749,118,'ciclo_resolucion','registrado','validado',90,'2019-11-14 11:21:33','2019-11-14 11:21:33'),
	(750,116,'ciclo_resolucion','proceso','cerrado',5,'2019-11-14 12:49:20','2019-11-14 12:49:20'),
	(751,117,'ciclo_resolucion','proceso','cerrado',5,'2019-11-14 12:50:14','2019-11-14 12:50:14'),
	(752,114,'ciclo_resolucion','registrado','validado',50,'2019-11-18 10:50:18','2019-11-18 10:50:18'),
	(753,114,'ciclo_resolucion','validado','proceso',50,'2019-11-18 10:50:18','2019-11-18 10:50:18'),
	(754,115,'ciclo_resolucion','registrado','validado',50,'2019-11-18 10:50:54','2019-11-18 10:50:54'),
	(755,115,'ciclo_resolucion','validado','proceso',50,'2019-11-18 10:50:54','2019-11-18 10:50:54'),
	(756,104,'ciclo_resolucion','cerrado','devuelto',50,'2019-11-18 10:51:42','2019-11-18 10:51:42'),
	(757,112,'ciclo_pago','registrado','validado',50,'2019-11-18 10:52:26','2019-11-18 10:52:26'),
	(758,115,'ciclo_resolucion','proceso','cerrado',5,'2019-11-18 15:11:23','2019-11-18 15:11:23'),
	(759,114,'ciclo_resolucion','proceso','cerrado',5,'2019-11-18 15:14:05','2019-11-18 15:14:05'),
	(760,119,'ciclo_resolucion','','registrado',87,'2019-11-20 10:04:41','2019-11-20 10:04:41'),
	(761,119,'ciclo_resolucion','registrado','validado',87,'2019-11-20 10:04:41','2019-11-20 10:04:41'),
	(762,119,'ciclo_resolucion','registrado','validado',87,'2019-11-20 10:04:41','2019-11-20 10:04:41'),
	(763,119,'ciclo_resolucion','validado','proceso',87,'2019-11-20 10:04:41','2019-11-20 10:04:41'),
	(764,119,'ciclo_resolucion','registrado','validado',87,'2019-11-20 10:04:41','2019-11-20 10:04:41'),
	(765,119,'ciclo_resolucion','proceso','cerrado',5,'2019-11-21 11:21:39','2019-11-21 11:21:39'),
	(766,118,'ciclo_resolucion','proceso','cerrado',5,'2019-11-21 11:30:37','2019-11-21 11:30:37'),
	(767,111,'ciclo_resolucion','proceso','cerrado',1,'2019-11-22 12:44:37','2019-11-22 12:44:37'),
	(768,111,'ciclo_resolucion','cerrado','finalizado',50,'2019-11-22 14:09:49','2019-11-22 14:09:49'),
	(769,111,'ciclo_pago',NULL,'registrado',50,'2019-11-22 14:09:49','2019-11-22 14:09:49'),
	(770,114,'ciclo_resolucion','cerrado','finalizado',50,'2019-11-22 14:09:58','2019-11-22 14:09:58'),
	(771,114,'ciclo_pago',NULL,'registrado',50,'2019-11-22 14:09:58','2019-11-22 14:09:58'),
	(772,115,'ciclo_resolucion','cerrado','finalizado',50,'2019-11-22 14:10:19','2019-11-22 14:10:19'),
	(773,115,'ciclo_pago',NULL,'registrado',50,'2019-11-22 14:10:19','2019-11-22 14:10:19'),
	(774,111,'ciclo_pago','registrado','validado',50,'2019-11-22 14:10:51','2019-11-22 14:10:51'),
	(775,114,'ciclo_pago','registrado','validado',50,'2019-11-22 14:11:05','2019-11-22 14:11:05'),
	(776,115,'ciclo_pago','registrado','validado',50,'2019-11-22 14:11:18','2019-11-22 14:11:18'),
	(777,120,'ciclo_resolucion','','registrado',50,'2019-11-25 16:50:46','2019-11-25 16:50:46'),
	(778,120,'ciclo_resolucion','registrado','validado',50,'2019-11-25 16:51:14','2019-11-25 16:51:14'),
	(779,120,'ciclo_resolucion','validado','proceso',50,'2019-11-25 16:51:14','2019-11-25 16:51:14'),
	(780,120,'ciclo_resolucion','proceso','cerrado',5,'2019-11-25 16:54:22','2019-11-25 16:54:22'),
	(781,38,'ciclo_pago','facturado','pagado',1,'2019-11-27 12:43:55','2019-11-27 12:43:55'),
	(782,37,'ciclo_pago','facturado','pagado',1,'2019-11-27 12:43:55','2019-11-27 12:43:55'),
	(783,36,'ciclo_pago','facturado','pagado',1,'2019-11-27 12:43:55','2019-11-27 12:43:55'),
	(784,35,'ciclo_pago','facturado','pagado',1,'2019-11-27 12:43:55','2019-11-27 12:43:55'),
	(785,34,'ciclo_pago','facturado','pagado',1,'2019-11-27 12:43:55','2019-11-27 12:43:55'),
	(786,109,'ciclo_pago','facturado','pagado',1,'2019-11-27 12:45:16','2019-11-27 12:45:16'),
	(787,108,'ciclo_pago','facturado','pagado',1,'2019-11-27 12:45:16','2019-11-27 12:45:16'),
	(788,107,'ciclo_pago','facturado','pagado',1,'2019-11-27 12:45:16','2019-11-27 12:45:16'),
	(789,105,'ciclo_pago','facturado','pagado',1,'2019-11-27 12:45:16','2019-11-27 12:45:16'),
	(790,95,'ciclo_pago','facturado','pagado',1,'2019-11-27 12:45:16','2019-11-27 12:45:16'),
	(791,97,'ciclo_pago','facturado','pagado',1,'2019-11-27 12:45:16','2019-11-27 12:45:16'),
	(792,96,'ciclo_pago','facturado','pagado',1,'2019-11-27 12:45:16','2019-11-27 12:45:16'),
	(793,92,'ciclo_pago','facturado','pagado',1,'2019-11-27 12:45:16','2019-11-27 12:45:16'),
	(794,91,'ciclo_pago','facturado','pagado',1,'2019-11-27 12:45:16','2019-11-27 12:45:16'),
	(795,93,'ciclo_pago','facturado','pagado',1,'2019-11-27 12:45:16','2019-11-27 12:45:16'),
	(796,87,'ciclo_pago','facturado','pagado',1,'2019-11-27 12:45:16','2019-11-27 12:45:16'),
	(797,86,'ciclo_pago','facturado','pagado',1,'2019-11-27 12:45:16','2019-11-27 12:45:16'),
	(798,85,'ciclo_pago','facturado','pagado',1,'2019-11-27 12:45:16','2019-11-27 12:45:16'),
	(799,84,'ciclo_pago','facturado','pagado',1,'2019-11-27 12:45:16','2019-11-27 12:45:16'),
	(800,88,'ciclo_pago','facturado','pagado',1,'2019-11-27 12:45:16','2019-11-27 12:45:16'),
	(801,83,'ciclo_pago','facturado','pagado',1,'2019-11-27 12:45:16','2019-11-27 12:45:16'),
	(802,76,'ciclo_pago','facturado','pagado',1,'2019-11-27 12:45:16','2019-11-27 12:45:16'),
	(803,75,'ciclo_pago','facturado','pagado',1,'2019-11-27 12:45:16','2019-11-27 12:45:16'),
	(804,79,'ciclo_pago','facturado','pagado',1,'2019-11-27 12:45:16','2019-11-27 12:45:16'),
	(805,78,'ciclo_pago','facturado','pagado',1,'2019-11-27 12:45:16','2019-11-27 12:45:16'),
	(806,77,'ciclo_pago','facturado','pagado',1,'2019-11-27 12:45:16','2019-11-27 12:45:16'),
	(807,65,'ciclo_pago','facturado','pagado',1,'2019-11-27 12:45:16','2019-11-27 12:45:16'),
	(808,57,'ciclo_pago','facturado','pagado',1,'2019-11-27 12:45:16','2019-11-27 12:45:16'),
	(809,56,'ciclo_pago','facturado','pagado',1,'2019-11-27 12:45:16','2019-11-27 12:45:16'),
	(810,55,'ciclo_pago','facturado','pagado',1,'2019-11-27 12:45:16','2019-11-27 12:45:16'),
	(811,59,'ciclo_pago','facturado','pagado',1,'2019-11-27 12:45:16','2019-11-27 12:45:16'),
	(812,58,'ciclo_pago','facturado','pagado',1,'2019-11-27 12:45:16','2019-11-27 12:45:16'),
	(813,51,'ciclo_pago','facturado','pagado',1,'2019-11-27 12:45:16','2019-11-27 12:45:16'),
	(814,54,'ciclo_pago','facturado','pagado',1,'2019-11-27 12:45:16','2019-11-27 12:45:16'),
	(815,53,'ciclo_pago','facturado','pagado',1,'2019-11-27 12:45:16','2019-11-27 12:45:16'),
	(816,52,'ciclo_pago','facturado','pagado',1,'2019-11-27 12:45:16','2019-11-27 12:45:16'),
	(817,50,'ciclo_pago','facturado','pagado',1,'2019-11-27 12:45:16','2019-11-27 12:45:16'),
	(818,49,'ciclo_pago','facturado','pagado',1,'2019-11-27 12:45:16','2019-11-27 12:45:16'),
	(819,48,'ciclo_pago','facturado','pagado',1,'2019-11-27 12:45:16','2019-11-27 12:45:16'),
	(820,47,'ciclo_pago','facturado','pagado',1,'2019-11-27 12:45:16','2019-11-27 12:45:16'),
	(821,46,'ciclo_pago','facturado','pagado',1,'2019-11-27 12:45:16','2019-11-27 12:45:16'),
	(822,45,'ciclo_pago','facturado','pagado',1,'2019-11-27 12:45:16','2019-11-27 12:45:16'),
	(823,44,'ciclo_pago','facturado','pagado',1,'2019-11-27 12:45:16','2019-11-27 12:45:16'),
	(824,43,'ciclo_pago','facturado','pagado',1,'2019-11-27 12:45:16','2019-11-27 12:45:16'),
	(825,42,'ciclo_pago','facturado','pagado',1,'2019-11-27 12:45:16','2019-11-27 12:45:16'),
	(826,41,'ciclo_pago','facturado','pagado',1,'2019-11-27 12:45:16','2019-11-27 12:45:16'),
	(827,40,'ciclo_pago','facturado','pagado',1,'2019-11-27 12:45:16','2019-11-27 12:45:16'),
	(828,39,'ciclo_pago','facturado','pagado',1,'2019-11-27 12:45:16','2019-11-27 12:45:16'),
	(829,121,'ciclo_resolucion','','registrado',58,'2019-11-27 14:14:37','2019-11-27 14:14:37'),
	(830,121,'ciclo_resolucion','registrado','validado',50,'2019-11-27 14:18:56','2019-11-27 14:18:56'),
	(831,121,'ciclo_resolucion','validado','proceso',50,'2019-11-27 14:18:56','2019-11-27 14:18:56'),
	(832,121,'ciclo_resolucion','proceso','cerrado',5,'2019-11-27 14:28:23','2019-11-27 14:28:23'),
	(833,98,'ciclo_resolucion','cerrado','finalizado',6,'2019-11-27 14:33:22','2019-11-27 14:33:22'),
	(834,98,'ciclo_pago',NULL,'registrado',6,'2019-11-27 14:33:22','2019-11-27 14:33:22'),
	(835,98,'ciclo_pago','registrado','pagado',6,'2019-11-27 14:33:22','2019-11-27 14:33:22'),
	(836,99,'ciclo_resolucion','cerrado','finalizado',6,'2019-11-27 15:00:44','2019-11-27 15:00:44'),
	(837,99,'ciclo_pago',NULL,'registrado',6,'2019-11-27 15:00:44','2019-11-27 15:00:44'),
	(838,99,'ciclo_pago','registrado','pagado',6,'2019-11-27 15:00:44','2019-11-27 15:00:44'),
	(839,100,'ciclo_resolucion','cerrado','finalizado',6,'2019-11-27 15:01:00','2019-11-27 15:01:00'),
	(840,100,'ciclo_pago',NULL,'registrado',6,'2019-11-27 15:01:00','2019-11-27 15:01:00'),
	(841,100,'ciclo_pago','registrado','pagado',6,'2019-11-27 15:01:00','2019-11-27 15:01:00'),
	(842,101,'ciclo_resolucion','cerrado','finalizado',6,'2019-11-27 15:01:14','2019-11-27 15:01:14'),
	(843,101,'ciclo_pago',NULL,'registrado',6,'2019-11-27 15:01:14','2019-11-27 15:01:14'),
	(844,101,'ciclo_pago','registrado','pagado',6,'2019-11-27 15:01:14','2019-11-27 15:01:14'),
	(845,122,'ciclo_resolucion','','registrado',31,'2019-11-28 10:34:01','2019-11-28 10:34:01'),
	(846,122,'ciclo_resolucion','registrado','validado',31,'2019-11-28 10:34:01','2019-11-28 10:34:01'),
	(847,122,'ciclo_resolucion','registrado','validado',31,'2019-11-28 10:34:01','2019-11-28 10:34:01'),
	(848,122,'ciclo_resolucion','validado','proceso',31,'2019-11-28 10:34:01','2019-11-28 10:34:01'),
	(849,122,'ciclo_resolucion','registrado','validado',31,'2019-11-28 10:34:01','2019-11-28 10:34:01'),
	(850,122,'ciclo_resolucion','proceso','cerrado',6,'2019-11-28 11:57:49','2019-11-28 11:57:49'),
	(851,122,'ciclo_resolucion','cerrado','finalizado',6,'2019-11-28 11:59:01','2019-11-28 11:59:01'),
	(852,122,'ciclo_pago',NULL,'registrado',6,'2019-11-28 11:59:01','2019-11-28 11:59:01'),
	(853,122,'ciclo_pago','registrado','pagado',6,'2019-11-28 11:59:01','2019-11-28 11:59:01'),
	(854,123,'ciclo_resolucion','','registrado',6,'2019-11-28 12:27:44','2019-11-28 12:27:44'),
	(855,123,'ciclo_resolucion','registrado','validado',6,'2019-11-28 12:27:44','2019-11-28 12:27:44'),
	(856,123,'ciclo_resolucion','registrado','validado',6,'2019-11-28 12:27:44','2019-11-28 12:27:44'),
	(857,123,'ciclo_resolucion','validado','proceso',6,'2019-11-28 12:27:44','2019-11-28 12:27:44'),
	(858,123,'ciclo_resolucion','registrado','validado',6,'2019-11-28 12:27:44','2019-11-28 12:27:44'),
	(859,124,'ciclo_resolucion','','registrado',6,'2019-11-28 12:28:42','2019-11-28 12:28:42'),
	(860,124,'ciclo_resolucion','registrado','validado',6,'2019-11-28 12:28:42','2019-11-28 12:28:42'),
	(861,124,'ciclo_resolucion','registrado','validado',6,'2019-11-28 12:28:42','2019-11-28 12:28:42'),
	(862,124,'ciclo_resolucion','validado','proceso',6,'2019-11-28 12:28:42','2019-11-28 12:28:42'),
	(863,124,'ciclo_resolucion','registrado','validado',6,'2019-11-28 12:28:42','2019-11-28 12:28:42'),
	(864,125,'ciclo_resolucion','','registrado',6,'2019-11-28 12:44:03','2019-11-28 12:44:03'),
	(865,125,'ciclo_resolucion','registrado','validado',6,'2019-11-28 12:44:03','2019-11-28 12:44:03'),
	(866,125,'ciclo_resolucion','registrado','validado',6,'2019-11-28 12:44:03','2019-11-28 12:44:03'),
	(867,125,'ciclo_resolucion','validado','proceso',6,'2019-11-28 12:44:03','2019-11-28 12:44:03'),
	(868,125,'ciclo_resolucion','registrado','validado',6,'2019-11-28 12:44:03','2019-11-28 12:44:03'),
	(869,126,'ciclo_resolucion','','registrado',6,'2019-11-28 12:44:48','2019-11-28 12:44:48'),
	(870,126,'ciclo_resolucion','registrado','validado',6,'2019-11-28 12:44:48','2019-11-28 12:44:48'),
	(871,126,'ciclo_resolucion','registrado','validado',6,'2019-11-28 12:44:48','2019-11-28 12:44:48'),
	(872,126,'ciclo_resolucion','validado','proceso',6,'2019-11-28 12:44:48','2019-11-28 12:44:48'),
	(873,126,'ciclo_resolucion','registrado','validado',6,'2019-11-28 12:44:48','2019-11-28 12:44:48'),
	(874,123,'ciclo_resolucion','proceso','cerrado',6,'2019-11-28 14:16:11','2019-11-28 14:16:11'),
	(875,124,'ciclo_resolucion','proceso','cerrado',6,'2019-11-28 14:17:15','2019-11-28 14:17:15'),
	(876,125,'ciclo_resolucion','proceso','cerrado',6,'2019-11-28 14:25:02','2019-11-28 14:25:02'),
	(877,126,'ciclo_resolucion','proceso','cerrado',6,'2019-11-28 14:26:14','2019-11-28 14:26:14'),
	(878,123,'ciclo_resolucion','cerrado','finalizado',6,'2019-11-28 14:27:16','2019-11-28 14:27:16'),
	(879,123,'ciclo_pago',NULL,'registrado',6,'2019-11-28 14:27:16','2019-11-28 14:27:16'),
	(880,123,'ciclo_pago','registrado','pagado',6,'2019-11-28 14:27:16','2019-11-28 14:27:16'),
	(881,124,'ciclo_resolucion','cerrado','finalizado',6,'2019-11-28 14:27:24','2019-11-28 14:27:24'),
	(882,124,'ciclo_pago',NULL,'registrado',6,'2019-11-28 14:27:24','2019-11-28 14:27:24'),
	(883,124,'ciclo_pago','registrado','pagado',6,'2019-11-28 14:27:24','2019-11-28 14:27:24'),
	(884,125,'ciclo_resolucion','cerrado','finalizado',6,'2019-11-28 14:27:32','2019-11-28 14:27:32'),
	(885,125,'ciclo_pago',NULL,'registrado',6,'2019-11-28 14:27:32','2019-11-28 14:27:32'),
	(886,125,'ciclo_pago','registrado','pagado',6,'2019-11-28 14:27:32','2019-11-28 14:27:32'),
	(887,126,'ciclo_resolucion','cerrado','finalizado',6,'2019-11-28 14:27:41','2019-11-28 14:27:41'),
	(888,126,'ciclo_pago',NULL,'registrado',6,'2019-11-28 14:27:41','2019-11-28 14:27:41'),
	(889,126,'ciclo_pago','registrado','pagado',6,'2019-11-28 14:27:41','2019-11-28 14:27:41'),
	(890,121,'ciclo_resolucion','cerrado','finalizado',58,'2019-12-02 16:50:10','2019-12-02 16:50:10'),
	(891,121,'ciclo_pago',NULL,'registrado',58,'2019-12-02 16:50:10','2019-12-02 16:50:10'),
	(892,120,'ciclo_resolucion','cerrado','finalizado',50,'2019-12-02 19:03:26','2019-12-02 19:03:26'),
	(893,120,'ciclo_pago',NULL,'registrado',50,'2019-12-02 19:03:26','2019-12-02 19:03:26'),
	(894,121,'ciclo_pago','registrado','validado',50,'2019-12-02 19:04:46','2019-12-02 19:04:46'),
	(895,120,'ciclo_pago','registrado','validado',50,'2019-12-02 19:05:06','2019-12-02 19:05:06'),
	(896,121,'ciclo_pago','validado','facturado',1,'2019-12-02 21:37:30','2019-12-02 21:37:30'),
	(897,120,'ciclo_pago','validado','facturado',1,'2019-12-02 21:37:30','2019-12-02 21:37:30'),
	(898,115,'ciclo_pago','validado','facturado',1,'2019-12-02 21:37:30','2019-12-02 21:37:30'),
	(899,114,'ciclo_pago','validado','facturado',1,'2019-12-02 21:37:30','2019-12-02 21:37:30'),
	(900,112,'ciclo_pago','validado','facturado',1,'2019-12-02 21:37:30','2019-12-02 21:37:30'),
	(901,111,'ciclo_pago','validado','facturado',1,'2019-12-02 21:37:30','2019-12-02 21:37:30'),
	(902,127,'ciclo_resolucion','','registrado',91,'2019-12-04 11:44:20','2019-12-04 11:44:20'),
	(903,127,'ciclo_resolucion','registrado','validado',91,'2019-12-04 11:44:20','2019-12-04 11:44:20'),
	(904,127,'ciclo_resolucion','registrado','validado',91,'2019-12-04 11:44:20','2019-12-04 11:44:20'),
	(905,127,'ciclo_resolucion','validado','proceso',91,'2019-12-04 11:44:20','2019-12-04 11:44:20'),
	(906,127,'ciclo_resolucion','registrado','validado',91,'2019-12-04 11:44:20','2019-12-04 11:44:20'),
	(907,127,'ciclo_resolucion','proceso','cerrado',5,'2019-12-05 15:28:39','2019-12-05 15:28:39'),
	(908,128,'ciclo_resolucion','','registrado',96,'2019-12-09 09:27:13','2019-12-09 09:27:13'),
	(909,128,'ciclo_resolucion','registrado','validado',50,'2019-12-09 12:57:29','2019-12-09 12:57:29'),
	(910,128,'ciclo_resolucion','validado','proceso',50,'2019-12-09 12:57:29','2019-12-09 12:57:29'),
	(911,128,'ciclo_resolucion','proceso','cerrado',5,'2019-12-09 14:56:43','2019-12-09 14:56:43'),
	(912,128,'ciclo_resolucion','cerrado','finalizado',96,'2019-12-09 15:02:39','2019-12-09 15:02:39'),
	(913,128,'ciclo_pago',NULL,'registrado',96,'2019-12-09 15:02:39','2019-12-09 15:02:39'),
	(914,129,'ciclo_resolucion','','registrado',31,'2019-12-18 16:42:38','2019-12-18 16:42:38'),
	(915,129,'ciclo_resolucion','registrado','validado',31,'2019-12-18 16:42:38','2019-12-18 16:42:38'),
	(916,129,'ciclo_resolucion','registrado','validado',31,'2019-12-18 16:42:38','2019-12-18 16:42:38'),
	(917,129,'ciclo_resolucion','validado','proceso',31,'2019-12-18 16:42:38','2019-12-18 16:42:38'),
	(918,129,'ciclo_resolucion','registrado','validado',31,'2019-12-18 16:42:38','2019-12-18 16:42:38'),
	(919,129,'ciclo_resolucion','proceso','cerrado',6,'2019-12-18 16:53:09','2019-12-18 16:53:09'),
	(920,129,'ciclo_resolucion','cerrado','finalizado',6,'2019-12-18 16:59:48','2019-12-18 16:59:48'),
	(921,129,'ciclo_pago',NULL,'registrado',6,'2019-12-18 16:59:48','2019-12-18 16:59:48'),
	(922,129,'ciclo_pago','registrado','pagado',6,'2019-12-18 16:59:48','2019-12-18 16:59:48'),
	(923,128,'ciclo_pago','registrado','validado',50,'2020-01-07 14:49:57','2020-01-07 14:49:57'),
	(924,130,'ciclo_resolucion','','registrado',63,'2020-01-09 08:49:47','2020-01-09 08:49:47'),
	(925,130,'ciclo_resolucion','registrado','validado',50,'2020-01-10 09:33:57','2020-01-10 09:33:57'),
	(926,130,'ciclo_resolucion','validado','proceso',50,'2020-01-10 09:33:57','2020-01-10 09:33:57'),
	(927,131,'ciclo_resolucion','','registrado',5,'2020-01-10 11:35:49','2020-01-10 11:35:49'),
	(928,131,'ciclo_resolucion','registrado','validado',5,'2020-01-10 11:35:49','2020-01-10 11:35:49'),
	(929,131,'ciclo_resolucion','registrado','validado',5,'2020-01-10 11:35:49','2020-01-10 11:35:49'),
	(930,131,'ciclo_resolucion','validado','proceso',5,'2020-01-10 11:35:49','2020-01-10 11:35:49'),
	(931,131,'ciclo_resolucion','registrado','validado',5,'2020-01-10 11:35:49','2020-01-10 11:35:49'),
	(932,132,'ciclo_resolucion','','registrado',5,'2020-01-10 11:37:07','2020-01-10 11:37:07'),
	(933,132,'ciclo_resolucion','registrado','validado',5,'2020-01-10 11:37:07','2020-01-10 11:37:07'),
	(934,132,'ciclo_resolucion','registrado','validado',5,'2020-01-10 11:37:07','2020-01-10 11:37:07'),
	(935,132,'ciclo_resolucion','validado','proceso',5,'2020-01-10 11:37:07','2020-01-10 11:37:07'),
	(936,132,'ciclo_resolucion','registrado','validado',5,'2020-01-10 11:37:07','2020-01-10 11:37:07'),
	(937,131,'ciclo_resolucion','proceso','cerrado',5,'2020-01-10 11:40:11','2020-01-10 11:40:11'),
	(938,132,'ciclo_resolucion','proceso','cerrado',5,'2020-01-10 11:41:23','2020-01-10 11:41:23'),
	(939,130,'ciclo_resolucion','proceso','cerrado',5,'2020-01-13 10:34:54','2020-01-13 10:34:54'),
	(940,133,'ciclo_resolucion','','registrado',6,'2020-01-13 10:40:29','2020-01-13 10:40:29'),
	(941,133,'ciclo_resolucion','registrado','validado',6,'2020-01-13 10:40:29','2020-01-13 10:40:29'),
	(942,133,'ciclo_resolucion','registrado','validado',6,'2020-01-13 10:40:29','2020-01-13 10:40:29'),
	(943,133,'ciclo_resolucion','validado','proceso',6,'2020-01-13 10:40:29','2020-01-13 10:40:29'),
	(944,133,'ciclo_resolucion','registrado','validado',6,'2020-01-13 10:40:29','2020-01-13 10:40:29'),
	(945,134,'ciclo_resolucion','','registrado',6,'2020-01-13 10:41:36','2020-01-13 10:41:36'),
	(946,134,'ciclo_resolucion','registrado','validado',6,'2020-01-13 10:41:36','2020-01-13 10:41:36'),
	(947,134,'ciclo_resolucion','registrado','validado',6,'2020-01-13 10:41:36','2020-01-13 10:41:36'),
	(948,134,'ciclo_resolucion','validado','proceso',6,'2020-01-13 10:41:36','2020-01-13 10:41:36'),
	(949,134,'ciclo_resolucion','registrado','validado',6,'2020-01-13 10:41:36','2020-01-13 10:41:36'),
	(950,135,'ciclo_resolucion','','registrado',6,'2020-01-13 10:43:12','2020-01-13 10:43:12'),
	(951,135,'ciclo_resolucion','registrado','validado',6,'2020-01-13 10:43:12','2020-01-13 10:43:12'),
	(952,135,'ciclo_resolucion','registrado','validado',6,'2020-01-13 10:43:12','2020-01-13 10:43:12'),
	(953,135,'ciclo_resolucion','validado','proceso',6,'2020-01-13 10:43:12','2020-01-13 10:43:12'),
	(954,135,'ciclo_resolucion','registrado','validado',6,'2020-01-13 10:43:12','2020-01-13 10:43:12'),
	(955,136,'ciclo_resolucion','','registrado',6,'2020-01-13 10:44:07','2020-01-13 10:44:07'),
	(956,136,'ciclo_resolucion','registrado','validado',6,'2020-01-13 10:44:07','2020-01-13 10:44:07'),
	(957,136,'ciclo_resolucion','registrado','validado',6,'2020-01-13 10:44:07','2020-01-13 10:44:07'),
	(958,136,'ciclo_resolucion','validado','proceso',6,'2020-01-13 10:44:07','2020-01-13 10:44:07'),
	(959,136,'ciclo_resolucion','registrado','validado',6,'2020-01-13 10:44:07','2020-01-13 10:44:07'),
	(960,137,'ciclo_resolucion','','registrado',6,'2020-01-13 10:45:08','2020-01-13 10:45:08'),
	(961,137,'ciclo_resolucion','registrado','validado',6,'2020-01-13 10:45:08','2020-01-13 10:45:08'),
	(962,137,'ciclo_resolucion','registrado','validado',6,'2020-01-13 10:45:08','2020-01-13 10:45:08'),
	(963,137,'ciclo_resolucion','validado','proceso',6,'2020-01-13 10:45:08','2020-01-13 10:45:08'),
	(964,137,'ciclo_resolucion','registrado','validado',6,'2020-01-13 10:45:08','2020-01-13 10:45:08'),
	(965,133,'ciclo_resolucion','proceso','cerrado',6,'2020-01-13 10:46:04','2020-01-13 10:46:04'),
	(966,134,'ciclo_resolucion','proceso','cerrado',6,'2020-01-13 10:47:07','2020-01-13 10:47:07'),
	(967,135,'ciclo_resolucion','proceso','cerrado',6,'2020-01-13 10:47:38','2020-01-13 10:47:38'),
	(968,136,'ciclo_resolucion','proceso','cerrado',6,'2020-01-13 10:48:00','2020-01-13 10:48:00'),
	(969,137,'ciclo_resolucion','proceso','cerrado',6,'2020-01-13 10:48:31','2020-01-13 10:48:31'),
	(970,133,'ciclo_resolucion','cerrado','finalizado',6,'2020-01-13 11:30:36','2020-01-13 11:30:36'),
	(971,133,'ciclo_pago',NULL,'registrado',6,'2020-01-13 11:30:36','2020-01-13 11:30:36'),
	(972,133,'ciclo_pago','registrado','pagado',6,'2020-01-13 11:30:36','2020-01-13 11:30:36'),
	(973,134,'ciclo_resolucion','cerrado','finalizado',6,'2020-01-13 11:31:03','2020-01-13 11:31:03'),
	(974,134,'ciclo_pago',NULL,'registrado',6,'2020-01-13 11:31:03','2020-01-13 11:31:03'),
	(975,134,'ciclo_pago','registrado','pagado',6,'2020-01-13 11:31:03','2020-01-13 11:31:03'),
	(976,135,'ciclo_resolucion','cerrado','finalizado',6,'2020-01-13 11:31:24','2020-01-13 11:31:24'),
	(977,135,'ciclo_pago',NULL,'registrado',6,'2020-01-13 11:31:24','2020-01-13 11:31:24'),
	(978,135,'ciclo_pago','registrado','pagado',6,'2020-01-13 11:31:24','2020-01-13 11:31:24'),
	(979,136,'ciclo_resolucion','cerrado','finalizado',6,'2020-01-13 11:31:39','2020-01-13 11:31:39'),
	(980,136,'ciclo_pago',NULL,'registrado',6,'2020-01-13 11:31:39','2020-01-13 11:31:39'),
	(981,136,'ciclo_pago','registrado','pagado',6,'2020-01-13 11:31:39','2020-01-13 11:31:39'),
	(982,137,'ciclo_resolucion','cerrado','finalizado',6,'2020-01-13 11:31:54','2020-01-13 11:31:54'),
	(983,137,'ciclo_pago',NULL,'registrado',6,'2020-01-13 11:31:54','2020-01-13 11:31:54'),
	(984,137,'ciclo_pago','registrado','pagado',6,'2020-01-13 11:31:54','2020-01-13 11:31:54'),
	(985,138,'ciclo_resolucion','','registrado',53,'2020-01-14 16:16:52','2020-01-14 16:16:52'),
	(986,139,'ciclo_resolucion','','registrado',53,'2020-01-14 16:20:28','2020-01-14 16:20:28'),
	(987,140,'ciclo_resolucion','','registrado',5,'2020-01-14 18:02:30','2020-01-14 18:02:30'),
	(988,140,'ciclo_resolucion','registrado','validado',5,'2020-01-14 18:02:30','2020-01-14 18:02:30'),
	(989,140,'ciclo_resolucion','registrado','validado',5,'2020-01-14 18:02:30','2020-01-14 18:02:30'),
	(990,140,'ciclo_resolucion','validado','proceso',5,'2020-01-14 18:02:30','2020-01-14 18:02:30'),
	(991,140,'ciclo_resolucion','registrado','validado',5,'2020-01-14 18:02:30','2020-01-14 18:02:30'),
	(992,141,'ciclo_resolucion','','registrado',5,'2020-01-14 18:03:40','2020-01-14 18:03:40'),
	(993,141,'ciclo_resolucion','registrado','validado',5,'2020-01-14 18:03:40','2020-01-14 18:03:40'),
	(994,141,'ciclo_resolucion','registrado','validado',5,'2020-01-14 18:03:40','2020-01-14 18:03:40'),
	(995,141,'ciclo_resolucion','validado','proceso',5,'2020-01-14 18:03:40','2020-01-14 18:03:40'),
	(996,141,'ciclo_resolucion','registrado','validado',5,'2020-01-14 18:03:40','2020-01-14 18:03:40'),
	(997,142,'ciclo_resolucion','','registrado',5,'2020-01-14 18:04:43','2020-01-14 18:04:43'),
	(998,142,'ciclo_resolucion','registrado','validado',5,'2020-01-14 18:04:43','2020-01-14 18:04:43'),
	(999,142,'ciclo_resolucion','registrado','validado',5,'2020-01-14 18:04:43','2020-01-14 18:04:43'),
	(1000,142,'ciclo_resolucion','validado','proceso',5,'2020-01-14 18:04:43','2020-01-14 18:04:43'),
	(1001,142,'ciclo_resolucion','registrado','validado',5,'2020-01-14 18:04:43','2020-01-14 18:04:43'),
	(1002,143,'ciclo_resolucion','','registrado',5,'2020-01-14 18:05:40','2020-01-14 18:05:40'),
	(1003,143,'ciclo_resolucion','registrado','validado',5,'2020-01-14 18:05:40','2020-01-14 18:05:40'),
	(1004,143,'ciclo_resolucion','registrado','validado',5,'2020-01-14 18:05:40','2020-01-14 18:05:40'),
	(1005,143,'ciclo_resolucion','validado','proceso',5,'2020-01-14 18:05:40','2020-01-14 18:05:40'),
	(1006,143,'ciclo_resolucion','registrado','validado',5,'2020-01-14 18:05:40','2020-01-14 18:05:40'),
	(1007,140,'ciclo_resolucion','proceso','cerrado',5,'2020-01-14 18:07:07','2020-01-14 18:07:07'),
	(1008,141,'ciclo_resolucion','proceso','cerrado',5,'2020-01-14 18:07:49','2020-01-14 18:07:49'),
	(1009,143,'ciclo_resolucion','proceso','cerrado',5,'2020-01-14 18:08:43','2020-01-14 18:08:43'),
	(1010,142,'ciclo_resolucion','proceso','cerrado',5,'2020-01-14 18:09:29','2020-01-14 18:09:29'),
	(1011,138,'ciclo_resolucion','registrado','validado',50,'2020-01-14 18:50:10','2020-01-14 18:50:10'),
	(1012,138,'ciclo_resolucion','validado','proceso',50,'2020-01-14 18:50:10','2020-01-14 18:50:10'),
	(1013,139,'ciclo_resolucion','registrado','validado',50,'2020-01-14 18:50:24','2020-01-14 18:50:24'),
	(1014,139,'ciclo_resolucion','validado','proceso',50,'2020-01-14 18:50:24','2020-01-14 18:50:24'),
	(1015,139,'ciclo_resolucion','proceso','cerrado',5,'2020-01-15 11:47:43','2020-01-15 11:47:43'),
	(1016,144,'ciclo_resolucion','','registrado',5,'2020-01-15 17:23:46','2020-01-15 17:23:46'),
	(1017,144,'ciclo_resolucion','registrado','validado',5,'2020-01-15 17:23:46','2020-01-15 17:23:46'),
	(1018,144,'ciclo_resolucion','registrado','validado',5,'2020-01-15 17:23:46','2020-01-15 17:23:46'),
	(1019,144,'ciclo_resolucion','validado','proceso',5,'2020-01-15 17:23:46','2020-01-15 17:23:46'),
	(1020,144,'ciclo_resolucion','registrado','validado',5,'2020-01-15 17:23:46','2020-01-15 17:23:46'),
	(1021,145,'ciclo_resolucion','','registrado',5,'2020-01-15 17:24:44','2020-01-15 17:24:44'),
	(1022,145,'ciclo_resolucion','registrado','validado',5,'2020-01-15 17:24:44','2020-01-15 17:24:44'),
	(1023,145,'ciclo_resolucion','registrado','validado',5,'2020-01-15 17:24:44','2020-01-15 17:24:44'),
	(1024,145,'ciclo_resolucion','validado','proceso',5,'2020-01-15 17:24:44','2020-01-15 17:24:44'),
	(1025,145,'ciclo_resolucion','registrado','validado',5,'2020-01-15 17:24:44','2020-01-15 17:24:44'),
	(1026,146,'ciclo_resolucion','','registrado',5,'2020-01-15 17:25:57','2020-01-15 17:25:57'),
	(1027,146,'ciclo_resolucion','registrado','validado',5,'2020-01-15 17:25:57','2020-01-15 17:25:57'),
	(1028,146,'ciclo_resolucion','registrado','validado',5,'2020-01-15 17:25:57','2020-01-15 17:25:57'),
	(1029,146,'ciclo_resolucion','validado','proceso',5,'2020-01-15 17:25:57','2020-01-15 17:25:57'),
	(1030,146,'ciclo_resolucion','registrado','validado',5,'2020-01-15 17:25:57','2020-01-15 17:25:57'),
	(1031,147,'ciclo_resolucion','','registrado',5,'2020-01-15 17:27:35','2020-01-15 17:27:35'),
	(1032,147,'ciclo_resolucion','registrado','validado',5,'2020-01-15 17:27:35','2020-01-15 17:27:35'),
	(1033,147,'ciclo_resolucion','registrado','validado',5,'2020-01-15 17:27:35','2020-01-15 17:27:35'),
	(1034,147,'ciclo_resolucion','validado','proceso',5,'2020-01-15 17:27:35','2020-01-15 17:27:35'),
	(1035,147,'ciclo_resolucion','registrado','validado',5,'2020-01-15 17:27:35','2020-01-15 17:27:35'),
	(1036,144,'ciclo_resolucion','proceso','cerrado',5,'2020-01-15 17:35:09','2020-01-15 17:35:09'),
	(1037,147,'ciclo_resolucion','proceso','cerrado',5,'2020-01-15 17:36:00','2020-01-15 17:36:00'),
	(1038,146,'ciclo_resolucion','proceso','cerrado',5,'2020-01-15 17:37:24','2020-01-15 17:37:24'),
	(1039,145,'ciclo_resolucion','proceso','cerrado',5,'2020-01-15 17:40:14','2020-01-15 17:40:14'),
	(1040,148,'ciclo_resolucion','','registrado',5,'2020-01-16 16:22:09','2020-01-16 16:22:09'),
	(1041,148,'ciclo_resolucion','registrado','validado',5,'2020-01-16 16:22:09','2020-01-16 16:22:09'),
	(1042,148,'ciclo_resolucion','registrado','validado',5,'2020-01-16 16:22:09','2020-01-16 16:22:09'),
	(1043,148,'ciclo_resolucion','validado','proceso',5,'2020-01-16 16:22:09','2020-01-16 16:22:09'),
	(1044,148,'ciclo_resolucion','registrado','validado',5,'2020-01-16 16:22:09','2020-01-16 16:22:09'),
	(1045,149,'ciclo_resolucion','','registrado',5,'2020-01-16 16:23:23','2020-01-16 16:23:23'),
	(1046,149,'ciclo_resolucion','registrado','validado',5,'2020-01-16 16:23:23','2020-01-16 16:23:23'),
	(1047,149,'ciclo_resolucion','registrado','validado',5,'2020-01-16 16:23:23','2020-01-16 16:23:23'),
	(1048,149,'ciclo_resolucion','validado','proceso',5,'2020-01-16 16:23:23','2020-01-16 16:23:23'),
	(1049,149,'ciclo_resolucion','registrado','validado',5,'2020-01-16 16:23:23','2020-01-16 16:23:23'),
	(1050,150,'ciclo_resolucion','','registrado',5,'2020-01-16 16:25:43','2020-01-16 16:25:43'),
	(1051,150,'ciclo_resolucion','registrado','validado',5,'2020-01-16 16:25:43','2020-01-16 16:25:43'),
	(1052,150,'ciclo_resolucion','registrado','validado',5,'2020-01-16 16:25:43','2020-01-16 16:25:43'),
	(1053,150,'ciclo_resolucion','validado','proceso',5,'2020-01-16 16:25:43','2020-01-16 16:25:43'),
	(1054,150,'ciclo_resolucion','registrado','validado',5,'2020-01-16 16:25:43','2020-01-16 16:25:43'),
	(1055,151,'ciclo_resolucion','','registrado',5,'2020-01-16 17:15:33','2020-01-16 17:15:33'),
	(1056,151,'ciclo_resolucion','registrado','validado',5,'2020-01-16 17:15:33','2020-01-16 17:15:33'),
	(1057,151,'ciclo_resolucion','registrado','validado',5,'2020-01-16 17:15:33','2020-01-16 17:15:33'),
	(1058,151,'ciclo_resolucion','validado','proceso',5,'2020-01-16 17:15:33','2020-01-16 17:15:33'),
	(1059,151,'ciclo_resolucion','registrado','validado',5,'2020-01-16 17:15:33','2020-01-16 17:15:33'),
	(1060,148,'ciclo_resolucion','proceso','cerrado',5,'2020-01-16 17:41:39','2020-01-16 17:41:39'),
	(1061,151,'ciclo_resolucion','proceso','cerrado',5,'2020-01-16 17:44:38','2020-01-16 17:44:38'),
	(1062,150,'ciclo_resolucion','proceso','cerrado',5,'2020-01-16 17:45:12','2020-01-16 17:45:12'),
	(1063,149,'ciclo_resolucion','proceso','cerrado',5,'2020-01-16 17:45:53','2020-01-16 17:45:53'),
	(1064,152,'ciclo_resolucion','','registrado',63,'2020-01-17 12:43:13','2020-01-17 12:43:13'),
	(1065,153,'ciclo_resolucion','','registrado',83,'2020-01-17 19:04:07','2020-01-17 19:04:07'),
	(1066,153,'ciclo_resolucion','registrado','validado',83,'2020-01-17 19:04:07','2020-01-17 19:04:07'),
	(1067,153,'ciclo_resolucion','registrado','validado',83,'2020-01-17 19:04:07','2020-01-17 19:04:07'),
	(1068,153,'ciclo_resolucion','validado','proceso',83,'2020-01-17 19:04:07','2020-01-17 19:04:07'),
	(1069,153,'ciclo_resolucion','registrado','validado',83,'2020-01-17 19:04:07','2020-01-17 19:04:07'),
	(1070,154,'ciclo_resolucion','','registrado',83,'2020-01-17 19:07:07','2020-01-17 19:07:07'),
	(1071,154,'ciclo_resolucion','registrado','validado',83,'2020-01-17 19:07:07','2020-01-17 19:07:07'),
	(1072,154,'ciclo_resolucion','registrado','validado',83,'2020-01-17 19:07:07','2020-01-17 19:07:07'),
	(1073,154,'ciclo_resolucion','validado','proceso',83,'2020-01-17 19:07:07','2020-01-17 19:07:07'),
	(1074,154,'ciclo_resolucion','registrado','validado',83,'2020-01-17 19:07:07','2020-01-17 19:07:07'),
	(1075,152,'ciclo_resolucion','registrado','validado',50,'2020-01-20 08:20:24','2020-01-20 08:20:24'),
	(1076,152,'ciclo_resolucion','validado','proceso',50,'2020-01-20 08:20:24','2020-01-20 08:20:24'),
	(1077,130,'ciclo_resolucion','cerrado','finalizado',50,'2020-01-20 08:20:37','2020-01-20 08:20:37'),
	(1078,130,'ciclo_pago',NULL,'registrado',50,'2020-01-20 08:20:37','2020-01-20 08:20:37'),
	(1079,139,'ciclo_resolucion','cerrado','finalizado',50,'2020-01-20 08:20:46','2020-01-20 08:20:46'),
	(1080,139,'ciclo_pago',NULL,'registrado',50,'2020-01-20 08:20:46','2020-01-20 08:20:46'),
	(1081,139,'ciclo_pago','registrado','validado',50,'2020-01-20 08:21:15','2020-01-20 08:21:15'),
	(1082,130,'ciclo_pago','registrado','validado',50,'2020-01-20 08:21:31','2020-01-20 08:21:31'),
	(1083,155,'ciclo_resolucion','','registrado',50,'2020-01-20 09:48:52','2020-01-20 09:48:52'),
	(1084,155,'ciclo_resolucion','registrado','validado',66,'2020-01-20 12:37:48','2020-01-20 12:37:48'),
	(1085,155,'ciclo_resolucion','validado','proceso',66,'2020-01-20 12:37:48','2020-01-20 12:37:48'),
	(1086,156,'ciclo_resolucion','','registrado',66,'2020-01-20 12:40:28','2020-01-20 12:40:28'),
	(1087,155,'ciclo_resolucion','proceso','cerrado',5,'2020-01-20 13:21:58','2020-01-20 13:21:58'),
	(1088,155,'ciclo_resolucion','cerrado','finalizado',63,'2020-01-20 14:35:10','2020-01-20 14:35:10'),
	(1089,155,'ciclo_pago',NULL,'registrado',63,'2020-01-20 14:35:10','2020-01-20 14:35:10'),
	(1090,153,'ciclo_resolucion','proceso','cerrado',5,'2020-01-24 09:44:20','2020-01-24 09:44:20'),
	(1091,157,'ciclo_resolucion','','registrado',5,'2020-01-24 11:10:48','2020-01-24 11:10:48'),
	(1092,157,'ciclo_resolucion','registrado','validado',5,'2020-01-24 11:10:48','2020-01-24 11:10:48'),
	(1093,157,'ciclo_resolucion','registrado','validado',5,'2020-01-24 11:10:48','2020-01-24 11:10:48'),
	(1094,157,'ciclo_resolucion','validado','proceso',5,'2020-01-24 11:10:48','2020-01-24 11:10:48'),
	(1095,157,'ciclo_resolucion','registrado','validado',5,'2020-01-24 11:10:48','2020-01-24 11:10:48'),
	(1096,158,'ciclo_resolucion','','registrado',5,'2020-01-24 11:11:56','2020-01-24 11:11:56'),
	(1097,158,'ciclo_resolucion','registrado','validado',5,'2020-01-24 11:11:56','2020-01-24 11:11:56'),
	(1098,158,'ciclo_resolucion','registrado','validado',5,'2020-01-24 11:11:56','2020-01-24 11:11:56'),
	(1099,158,'ciclo_resolucion','validado','proceso',5,'2020-01-24 11:11:56','2020-01-24 11:11:56'),
	(1100,158,'ciclo_resolucion','registrado','validado',5,'2020-01-24 11:11:56','2020-01-24 11:11:56'),
	(1101,159,'ciclo_resolucion','','registrado',5,'2020-01-24 11:29:41','2020-01-24 11:29:41'),
	(1102,159,'ciclo_resolucion','registrado','validado',5,'2020-01-24 11:29:41','2020-01-24 11:29:41'),
	(1103,159,'ciclo_resolucion','registrado','validado',5,'2020-01-24 11:29:41','2020-01-24 11:29:41'),
	(1104,159,'ciclo_resolucion','validado','proceso',5,'2020-01-24 11:29:41','2020-01-24 11:29:41'),
	(1105,159,'ciclo_resolucion','registrado','validado',5,'2020-01-24 11:29:41','2020-01-24 11:29:41'),
	(1106,160,'ciclo_resolucion','','registrado',5,'2020-01-24 11:30:58','2020-01-24 11:30:58'),
	(1107,160,'ciclo_resolucion','registrado','validado',5,'2020-01-24 11:30:58','2020-01-24 11:30:58'),
	(1108,160,'ciclo_resolucion','registrado','validado',5,'2020-01-24 11:30:58','2020-01-24 11:30:58'),
	(1109,160,'ciclo_resolucion','validado','proceso',5,'2020-01-24 11:30:58','2020-01-24 11:30:58'),
	(1110,160,'ciclo_resolucion','registrado','validado',5,'2020-01-24 11:30:58','2020-01-24 11:30:58'),
	(1111,157,'ciclo_resolucion','proceso','cerrado',5,'2020-01-24 11:33:14','2020-01-24 11:33:14'),
	(1112,158,'ciclo_resolucion','proceso','cerrado',5,'2020-01-24 11:34:31','2020-01-24 11:34:31'),
	(1113,159,'ciclo_resolucion','proceso','cerrado',5,'2020-01-24 11:45:52','2020-01-24 11:45:52'),
	(1114,160,'ciclo_resolucion','proceso','cerrado',5,'2020-01-24 11:46:50','2020-01-24 11:46:50'),
	(1115,154,'ciclo_resolucion','proceso','cerrado',5,'2020-01-28 12:20:18','2020-01-28 12:20:18'),
	(1116,155,'ciclo_pago','registrado','validado',50,'2020-01-30 15:31:05','2020-01-30 15:31:05'),
	(1117,156,'ciclo_resolucion','registrado','validado',50,'2020-01-30 15:31:40','2020-01-30 15:31:40'),
	(1118,156,'ciclo_resolucion','validado','proceso',50,'2020-01-30 15:31:40','2020-01-30 15:31:40'),
	(1119,156,'ciclo_resolucion','proceso','cerrado',5,'2020-01-30 15:46:08','2020-01-30 15:46:08'),
	(1120,104,'ciclo_resolucion','devuelto','anulado',1,'2020-02-01 15:20:32','2020-02-01 15:20:32'),
	(1121,104,'ciclo_resolucion','anulado','cerrado',1,'2020-02-01 15:25:02','2020-02-01 15:25:02'),
	(1122,121,'ciclo_pago','facturado','pagado',1,'2020-02-02 12:15:40','2020-02-02 12:15:40'),
	(1123,120,'ciclo_pago','facturado','pagado',1,'2020-02-02 12:15:40','2020-02-02 12:15:40'),
	(1124,115,'ciclo_pago','facturado','pagado',1,'2020-02-02 12:15:40','2020-02-02 12:15:40'),
	(1125,114,'ciclo_pago','facturado','pagado',1,'2020-02-02 12:15:40','2020-02-02 12:15:40'),
	(1126,112,'ciclo_pago','facturado','pagado',1,'2020-02-02 12:15:40','2020-02-02 12:15:40'),
	(1127,111,'ciclo_pago','facturado','pagado',1,'2020-02-02 12:15:40','2020-02-02 12:15:40'),
	(1128,156,'ciclo_resolucion','cerrado','finalizado',50,'2020-02-03 07:56:57','2020-02-03 07:56:57'),
	(1129,156,'ciclo_pago',NULL,'registrado',50,'2020-02-03 07:56:57','2020-02-03 07:56:57'),
	(1130,156,'ciclo_pago','registrado','validado',50,'2020-02-03 07:57:24','2020-02-03 07:57:24'),
	(1131,161,'ciclo_resolucion','','registrado',6,'2020-02-03 10:42:46','2020-02-03 10:42:46'),
	(1132,161,'ciclo_resolucion','registrado','validado',6,'2020-02-03 10:42:46','2020-02-03 10:42:46'),
	(1133,161,'ciclo_resolucion','registrado','validado',6,'2020-02-03 10:42:46','2020-02-03 10:42:46'),
	(1134,161,'ciclo_resolucion','validado','proceso',6,'2020-02-03 10:42:46','2020-02-03 10:42:46'),
	(1135,161,'ciclo_resolucion','registrado','validado',6,'2020-02-03 10:42:46','2020-02-03 10:42:46'),
	(1136,161,'ciclo_resolucion','proceso','cerrado',6,'2020-02-03 10:44:36','2020-02-03 10:44:36'),
	(1137,162,'ciclo_resolucion','','registrado',43,'2020-02-03 10:47:19','2020-02-03 10:47:19'),
	(1138,162,'ciclo_resolucion','registrado','validado',50,'2020-02-03 10:49:42','2020-02-03 10:49:42'),
	(1139,162,'ciclo_resolucion','validado','proceso',50,'2020-02-03 10:49:42','2020-02-03 10:49:42'),
	(1140,161,'ciclo_resolucion','cerrado','finalizado',6,'2020-02-03 10:51:17','2020-02-03 10:51:17'),
	(1141,161,'ciclo_pago',NULL,'registrado',6,'2020-02-03 10:51:17','2020-02-03 10:51:17'),
	(1142,161,'ciclo_pago','registrado','pagado',6,'2020-02-03 10:51:17','2020-02-03 10:51:17'),
	(1143,162,'ciclo_resolucion','proceso','cerrado',5,'2020-02-03 12:25:01','2020-02-03 12:25:01'),
	(1144,163,'ciclo_resolucion','','registrado',53,'2020-02-05 13:49:51','2020-02-05 13:49:51'),
	(1145,163,'ciclo_resolucion','registrado','validado',66,'2020-02-05 13:54:47','2020-02-05 13:54:47'),
	(1146,163,'ciclo_resolucion','validado','proceso',66,'2020-02-05 13:54:47','2020-02-05 13:54:47'),
	(1147,163,'ciclo_resolucion','proceso','cerrado',5,'2020-02-05 16:30:15','2020-02-05 16:30:15'),
	(1148,162,'ciclo_resolucion','cerrado','finalizado',63,'2020-02-05 18:42:19','2020-02-05 18:42:19'),
	(1149,162,'ciclo_pago',NULL,'registrado',63,'2020-02-05 18:42:19','2020-02-05 18:42:19'),
	(1150,163,'ciclo_resolucion','cerrado','finalizado',63,'2020-02-05 18:43:07','2020-02-05 18:43:07'),
	(1151,163,'ciclo_pago',NULL,'registrado',63,'2020-02-05 18:43:07','2020-02-05 18:43:07'),
	(1152,164,'ciclo_resolucion','','registrado',58,'2020-02-07 09:52:27','2020-02-07 09:52:27'),
	(1153,138,'ciclo_resolucion','proceso','cerrado',5,'2020-02-07 15:23:34','2020-02-07 15:23:34'),
	(1154,165,'ciclo_resolucion','','registrado',53,'2020-02-11 10:09:48','2020-02-11 10:09:48'),
	(1155,166,'ciclo_resolucion','','registrado',6,'2020-02-14 10:26:27','2020-02-14 10:26:27'),
	(1156,166,'ciclo_resolucion','registrado','validado',6,'2020-02-14 10:26:27','2020-02-14 10:26:27'),
	(1157,166,'ciclo_resolucion','registrado','validado',6,'2020-02-14 10:26:27','2020-02-14 10:26:27'),
	(1158,166,'ciclo_resolucion','validado','proceso',6,'2020-02-14 10:26:27','2020-02-14 10:26:27'),
	(1159,166,'ciclo_resolucion','registrado','validado',6,'2020-02-14 10:26:27','2020-02-14 10:26:27'),
	(1160,167,'ciclo_resolucion','','registrado',6,'2020-02-14 10:28:34','2020-02-14 10:28:34'),
	(1161,167,'ciclo_resolucion','registrado','validado',6,'2020-02-14 10:28:34','2020-02-14 10:28:34'),
	(1162,167,'ciclo_resolucion','registrado','validado',6,'2020-02-14 10:28:34','2020-02-14 10:28:34'),
	(1163,167,'ciclo_resolucion','validado','proceso',6,'2020-02-14 10:28:34','2020-02-14 10:28:34'),
	(1164,167,'ciclo_resolucion','registrado','validado',6,'2020-02-14 10:28:34','2020-02-14 10:28:34'),
	(1165,168,'ciclo_resolucion','','registrado',6,'2020-02-14 10:29:28','2020-02-14 10:29:28'),
	(1166,168,'ciclo_resolucion','registrado','validado',6,'2020-02-14 10:29:28','2020-02-14 10:29:28'),
	(1167,168,'ciclo_resolucion','registrado','validado',6,'2020-02-14 10:29:28','2020-02-14 10:29:28'),
	(1168,168,'ciclo_resolucion','validado','proceso',6,'2020-02-14 10:29:28','2020-02-14 10:29:28'),
	(1169,168,'ciclo_resolucion','registrado','validado',6,'2020-02-14 10:29:28','2020-02-14 10:29:28'),
	(1170,169,'ciclo_resolucion','','registrado',6,'2020-02-14 10:30:22','2020-02-14 10:30:22'),
	(1171,169,'ciclo_resolucion','registrado','validado',6,'2020-02-14 10:30:22','2020-02-14 10:30:22'),
	(1172,169,'ciclo_resolucion','registrado','validado',6,'2020-02-14 10:30:22','2020-02-14 10:30:22'),
	(1173,169,'ciclo_resolucion','validado','proceso',6,'2020-02-14 10:30:22','2020-02-14 10:30:22'),
	(1174,169,'ciclo_resolucion','registrado','validado',6,'2020-02-14 10:30:22','2020-02-14 10:30:22'),
	(1175,170,'ciclo_resolucion','','registrado',6,'2020-02-14 10:31:12','2020-02-14 10:31:12'),
	(1176,170,'ciclo_resolucion','registrado','validado',6,'2020-02-14 10:31:12','2020-02-14 10:31:12'),
	(1177,170,'ciclo_resolucion','registrado','validado',6,'2020-02-14 10:31:12','2020-02-14 10:31:12'),
	(1178,170,'ciclo_resolucion','validado','proceso',6,'2020-02-14 10:31:12','2020-02-14 10:31:12'),
	(1179,170,'ciclo_resolucion','registrado','validado',6,'2020-02-14 10:31:12','2020-02-14 10:31:12'),
	(1180,166,'ciclo_resolucion','proceso','cerrado',6,'2020-02-14 11:21:40','2020-02-14 11:21:40'),
	(1181,167,'ciclo_resolucion','proceso','cerrado',6,'2020-02-14 11:22:08','2020-02-14 11:22:08'),
	(1182,168,'ciclo_resolucion','proceso','cerrado',6,'2020-02-14 11:22:32','2020-02-14 11:22:32'),
	(1183,169,'ciclo_resolucion','proceso','cerrado',6,'2020-02-14 11:22:52','2020-02-14 11:22:52'),
	(1184,170,'ciclo_resolucion','proceso','cerrado',6,'2020-02-14 11:23:09','2020-02-14 11:23:09'),
	(1185,166,'ciclo_resolucion','cerrado','finalizado',6,'2020-02-14 11:27:50','2020-02-14 11:27:50'),
	(1186,166,'ciclo_pago',NULL,'registrado',6,'2020-02-14 11:27:50','2020-02-14 11:27:50'),
	(1187,166,'ciclo_pago','registrado','pagado',6,'2020-02-14 11:27:50','2020-02-14 11:27:50'),
	(1188,167,'ciclo_resolucion','cerrado','finalizado',6,'2020-02-14 11:28:08','2020-02-14 11:28:08'),
	(1189,167,'ciclo_pago',NULL,'registrado',6,'2020-02-14 11:28:08','2020-02-14 11:28:08'),
	(1190,167,'ciclo_pago','registrado','pagado',6,'2020-02-14 11:28:08','2020-02-14 11:28:08'),
	(1191,168,'ciclo_resolucion','cerrado','finalizado',6,'2020-02-14 11:28:21','2020-02-14 11:28:21'),
	(1192,168,'ciclo_pago',NULL,'registrado',6,'2020-02-14 11:28:21','2020-02-14 11:28:21'),
	(1193,168,'ciclo_pago','registrado','pagado',6,'2020-02-14 11:28:21','2020-02-14 11:28:21'),
	(1194,169,'ciclo_resolucion','cerrado','finalizado',6,'2020-02-14 11:28:35','2020-02-14 11:28:35'),
	(1195,169,'ciclo_pago',NULL,'registrado',6,'2020-02-14 11:28:35','2020-02-14 11:28:35'),
	(1196,169,'ciclo_pago','registrado','pagado',6,'2020-02-14 11:28:35','2020-02-14 11:28:35'),
	(1197,170,'ciclo_resolucion','cerrado','finalizado',6,'2020-02-14 11:28:48','2020-02-14 11:28:48'),
	(1198,170,'ciclo_pago',NULL,'registrado',6,'2020-02-14 11:28:48','2020-02-14 11:28:48'),
	(1199,170,'ciclo_pago','registrado','pagado',6,'2020-02-14 11:28:48','2020-02-14 11:28:48'),
	(1200,171,'ciclo_resolucion','','registrado',31,'2020-02-24 11:09:25','2020-02-24 11:09:25'),
	(1201,171,'ciclo_resolucion','registrado','validado',31,'2020-02-24 11:09:25','2020-02-24 11:09:25'),
	(1202,171,'ciclo_resolucion','registrado','validado',31,'2020-02-24 11:09:25','2020-02-24 11:09:25'),
	(1203,171,'ciclo_resolucion','validado','proceso',31,'2020-02-24 11:09:25','2020-02-24 11:09:25'),
	(1204,171,'ciclo_resolucion','registrado','validado',31,'2020-02-24 11:09:25','2020-02-24 11:09:25'),
	(1205,171,'ciclo_resolucion','proceso','cerrado',6,'2020-02-24 11:49:50','2020-02-24 11:49:50'),
	(1206,171,'ciclo_resolucion','cerrado','finalizado',6,'2020-02-24 11:52:14','2020-02-24 11:52:14'),
	(1207,171,'ciclo_pago',NULL,'registrado',6,'2020-02-24 11:52:14','2020-02-24 11:52:14'),
	(1208,171,'ciclo_pago','registrado','pagado',6,'2020-02-24 11:52:14','2020-02-24 11:52:14'),
	(1209,172,'ciclo_resolucion','','registrado',96,'2020-02-26 11:56:09','2020-02-26 11:56:09'),
	(1210,173,'ciclo_resolucion','','registrado',96,'2020-03-02 09:57:42','2020-03-02 09:57:42'),
	(1211,174,'ciclo_resolucion','','registrado',66,'2020-03-02 10:56:03','2020-03-02 10:56:03'),
	(1212,164,'ciclo_resolucion','registrado','validado',66,'2020-03-02 11:00:29','2020-03-02 11:00:29'),
	(1213,164,'ciclo_resolucion','validado','proceso',66,'2020-03-02 11:00:29','2020-03-02 11:00:29'),
	(1214,172,'ciclo_resolucion','registrado','validado',66,'2020-03-02 11:00:49','2020-03-02 11:00:49'),
	(1215,172,'ciclo_resolucion','validado','proceso',66,'2020-03-02 11:00:49','2020-03-02 11:00:49'),
	(1216,173,'ciclo_resolucion','registrado','validado',66,'2020-03-02 11:01:08','2020-03-02 11:01:08'),
	(1217,173,'ciclo_resolucion','validado','proceso',66,'2020-03-02 11:01:08','2020-03-02 11:01:08'),
	(1218,174,'ciclo_resolucion','registrado','validado',50,'2020-03-02 11:21:14','2020-03-02 11:21:14'),
	(1219,174,'ciclo_resolucion','validado','proceso',50,'2020-03-02 11:21:14','2020-03-02 11:21:14'),
	(1220,165,'ciclo_resolucion','registrado','validado',50,'2020-03-02 11:21:32','2020-03-02 11:21:32'),
	(1221,165,'ciclo_resolucion','validado','proceso',50,'2020-03-02 11:21:32','2020-03-02 11:21:32'),
	(1222,172,'ciclo_resolucion','proceso','cerrado',5,'2020-03-02 11:41:13','2020-03-02 11:41:13'),
	(1223,175,'ciclo_resolucion','','registrado',96,'2020-03-02 11:42:52','2020-03-02 11:42:52'),
	(1224,164,'ciclo_resolucion','proceso','cerrado',5,'2020-03-02 11:44:39','2020-03-02 11:44:39'),
	(1225,164,'ciclo_resolucion','cerrado','finalizado',58,'2020-03-02 12:13:34','2020-03-02 12:13:34'),
	(1226,164,'ciclo_pago',NULL,'registrado',58,'2020-03-02 12:13:34','2020-03-02 12:13:34'),
	(1227,172,'ciclo_resolucion','cerrado','finalizado',36,'2020-03-02 12:19:32','2020-03-02 12:19:32'),
	(1228,172,'ciclo_pago',NULL,'registrado',36,'2020-03-02 12:19:32','2020-03-02 12:19:32'),
	(1229,156,'ciclo_pago','validado','facturado',1,'2020-03-02 12:34:33','2020-03-02 12:34:33'),
	(1230,155,'ciclo_pago','validado','facturado',1,'2020-03-02 12:34:34','2020-03-02 12:34:34'),
	(1231,139,'ciclo_pago','validado','facturado',1,'2020-03-02 12:34:34','2020-03-02 12:34:34'),
	(1232,130,'ciclo_pago','validado','facturado',1,'2020-03-02 12:34:34','2020-03-02 12:34:34'),
	(1233,128,'ciclo_pago','validado','facturado',1,'2020-03-02 12:34:34','2020-03-02 12:34:34'),
	(1234,173,'ciclo_resolucion','proceso','cerrado',5,'2020-03-02 16:47:19','2020-03-02 16:47:19'),
	(1235,174,'ciclo_resolucion','proceso','cerrado',5,'2020-03-02 16:53:03','2020-03-02 16:53:03'),
	(1236,172,'ciclo_pago','registrado','validado',50,'2020-03-03 14:44:44','2020-03-03 14:44:44'),
	(1237,164,'ciclo_pago','registrado','validado',50,'2020-03-03 14:45:02','2020-03-03 14:45:02'),
	(1238,163,'ciclo_pago','registrado','validado',50,'2020-03-03 14:45:23','2020-03-03 14:45:23'),
	(1239,162,'ciclo_pago','registrado','validado',50,'2020-03-03 14:45:34','2020-03-03 14:45:34'),
	(1240,173,'ciclo_resolucion','cerrado','finalizado',50,'2020-03-03 14:45:49','2020-03-03 14:45:49'),
	(1241,173,'ciclo_pago',NULL,'registrado',50,'2020-03-03 14:45:49','2020-03-03 14:45:49'),
	(1242,174,'ciclo_resolucion','cerrado','finalizado',50,'2020-03-03 14:46:11','2020-03-03 14:46:11'),
	(1243,174,'ciclo_pago',NULL,'registrado',50,'2020-03-03 14:46:11','2020-03-03 14:46:11'),
	(1244,174,'ciclo_pago','registrado','validado',50,'2020-03-03 14:46:45','2020-03-03 14:46:45'),
	(1245,173,'ciclo_pago','registrado','validado',50,'2020-03-03 14:47:01','2020-03-03 14:47:01'),
	(1246,176,'ciclo_resolucion','','registrado',50,'2020-03-03 14:49:55','2020-03-03 14:49:55'),
	(1247,175,'ciclo_resolucion','registrado','validado',50,'2020-03-03 14:54:59','2020-03-03 14:54:59'),
	(1248,175,'ciclo_resolucion','validado','proceso',50,'2020-03-03 14:54:59','2020-03-03 14:54:59'),
	(1249,176,'ciclo_resolucion','registrado','validado',50,'2020-03-03 14:55:14','2020-03-03 14:55:14'),
	(1250,176,'ciclo_resolucion','validado','proceso',50,'2020-03-03 14:55:14','2020-03-03 14:55:14'),
	(1251,175,'ciclo_resolucion','proceso','cerrado',5,'2020-03-03 19:46:21','2020-03-03 19:46:21'),
	(1252,177,'ciclo_resolucion','','registrado',6,'2020-03-06 08:13:28','2020-03-06 08:13:28'),
	(1253,177,'ciclo_resolucion','registrado','validado',6,'2020-03-06 08:13:28','2020-03-06 08:13:28'),
	(1254,177,'ciclo_resolucion','registrado','validado',6,'2020-03-06 08:13:28','2020-03-06 08:13:28'),
	(1255,177,'ciclo_resolucion','validado','proceso',6,'2020-03-06 08:13:28','2020-03-06 08:13:28'),
	(1256,177,'ciclo_resolucion','registrado','validado',6,'2020-03-06 08:13:28','2020-03-06 08:13:28'),
	(1257,178,'ciclo_resolucion','','registrado',6,'2020-03-06 08:14:38','2020-03-06 08:14:38'),
	(1258,178,'ciclo_resolucion','registrado','validado',6,'2020-03-06 08:14:38','2020-03-06 08:14:38'),
	(1259,178,'ciclo_resolucion','registrado','validado',6,'2020-03-06 08:14:38','2020-03-06 08:14:38'),
	(1260,178,'ciclo_resolucion','validado','proceso',6,'2020-03-06 08:14:38','2020-03-06 08:14:38'),
	(1261,178,'ciclo_resolucion','registrado','validado',6,'2020-03-06 08:14:38','2020-03-06 08:14:38'),
	(1262,179,'ciclo_resolucion','','registrado',6,'2020-03-06 08:15:46','2020-03-06 08:15:46'),
	(1263,179,'ciclo_resolucion','registrado','validado',6,'2020-03-06 08:15:46','2020-03-06 08:15:46'),
	(1264,179,'ciclo_resolucion','registrado','validado',6,'2020-03-06 08:15:46','2020-03-06 08:15:46'),
	(1265,179,'ciclo_resolucion','validado','proceso',6,'2020-03-06 08:15:46','2020-03-06 08:15:46'),
	(1266,179,'ciclo_resolucion','registrado','validado',6,'2020-03-06 08:15:46','2020-03-06 08:15:46'),
	(1267,180,'ciclo_resolucion','','registrado',6,'2020-03-06 08:16:45','2020-03-06 08:16:45'),
	(1268,180,'ciclo_resolucion','registrado','validado',6,'2020-03-06 08:16:45','2020-03-06 08:16:45'),
	(1269,180,'ciclo_resolucion','registrado','validado',6,'2020-03-06 08:16:45','2020-03-06 08:16:45'),
	(1270,180,'ciclo_resolucion','validado','proceso',6,'2020-03-06 08:16:45','2020-03-06 08:16:45'),
	(1271,180,'ciclo_resolucion','registrado','validado',6,'2020-03-06 08:16:45','2020-03-06 08:16:45'),
	(1272,181,'ciclo_resolucion','','registrado',6,'2020-03-06 08:17:38','2020-03-06 08:17:38'),
	(1273,181,'ciclo_resolucion','registrado','validado',6,'2020-03-06 08:17:38','2020-03-06 08:17:38'),
	(1274,181,'ciclo_resolucion','registrado','validado',6,'2020-03-06 08:17:38','2020-03-06 08:17:38'),
	(1275,181,'ciclo_resolucion','validado','proceso',6,'2020-03-06 08:17:38','2020-03-06 08:17:38'),
	(1276,181,'ciclo_resolucion','registrado','validado',6,'2020-03-06 08:17:38','2020-03-06 08:17:38'),
	(1277,177,'ciclo_resolucion','proceso','cerrado',6,'2020-03-06 08:21:26','2020-03-06 08:21:26'),
	(1278,178,'ciclo_resolucion','proceso','cerrado',6,'2020-03-06 08:22:32','2020-03-06 08:22:32'),
	(1279,179,'ciclo_resolucion','proceso','cerrado',6,'2020-03-06 08:23:12','2020-03-06 08:23:12'),
	(1280,180,'ciclo_resolucion','proceso','cerrado',6,'2020-03-06 08:23:57','2020-03-06 08:23:57'),
	(1281,181,'ciclo_resolucion','proceso','cerrado',6,'2020-03-06 08:24:35','2020-03-06 08:24:35'),
	(1282,177,'ciclo_resolucion','cerrado','finalizado',6,'2020-03-06 08:25:07','2020-03-06 08:25:07'),
	(1283,177,'ciclo_pago',NULL,'registrado',6,'2020-03-06 08:25:07','2020-03-06 08:25:07'),
	(1284,177,'ciclo_pago','registrado','pagado',6,'2020-03-06 08:25:07','2020-03-06 08:25:07'),
	(1285,178,'ciclo_resolucion','cerrado','finalizado',6,'2020-03-06 08:25:27','2020-03-06 08:25:27'),
	(1286,178,'ciclo_pago',NULL,'registrado',6,'2020-03-06 08:25:28','2020-03-06 08:25:28'),
	(1287,178,'ciclo_pago','registrado','pagado',6,'2020-03-06 08:25:28','2020-03-06 08:25:28'),
	(1288,179,'ciclo_resolucion','cerrado','finalizado',6,'2020-03-06 08:25:43','2020-03-06 08:25:43'),
	(1289,179,'ciclo_pago',NULL,'registrado',6,'2020-03-06 08:25:43','2020-03-06 08:25:43'),
	(1290,179,'ciclo_pago','registrado','pagado',6,'2020-03-06 08:25:43','2020-03-06 08:25:43'),
	(1291,180,'ciclo_resolucion','cerrado','finalizado',6,'2020-03-06 08:26:05','2020-03-06 08:26:05'),
	(1292,180,'ciclo_pago',NULL,'registrado',6,'2020-03-06 08:26:05','2020-03-06 08:26:05'),
	(1293,180,'ciclo_pago','registrado','pagado',6,'2020-03-06 08:26:05','2020-03-06 08:26:05'),
	(1294,181,'ciclo_resolucion','cerrado','finalizado',6,'2020-03-06 08:26:19','2020-03-06 08:26:19'),
	(1295,181,'ciclo_pago',NULL,'registrado',6,'2020-03-06 08:26:19','2020-03-06 08:26:19'),
	(1296,181,'ciclo_pago','registrado','pagado',6,'2020-03-06 08:26:19','2020-03-06 08:26:19'),
	(1297,182,'ciclo_resolucion','','registrado',50,'2020-03-11 09:18:21','2020-03-11 09:18:21'),
	(1298,182,'ciclo_resolucion','registrado','validado',50,'2020-03-11 09:21:34','2020-03-11 09:21:34'),
	(1299,182,'ciclo_resolucion','validado','proceso',50,'2020-03-11 09:21:34','2020-03-11 09:21:34'),
	(1300,183,'ciclo_resolucion','','registrado',63,'2020-03-11 09:27:19','2020-03-11 09:27:19'),
	(1301,176,'ciclo_resolucion','proceso','cerrado',98,'2020-03-11 13:41:21','2020-03-11 13:41:21'),
	(1302,184,'ciclo_resolucion','','registrado',50,'2020-03-11 14:22:20','2020-03-11 14:22:20'),
	(1303,183,'ciclo_resolucion','registrado','validado',50,'2020-03-11 14:32:15','2020-03-11 14:32:15'),
	(1304,183,'ciclo_resolucion','validado','proceso',50,'2020-03-11 14:32:15','2020-03-11 14:32:15'),
	(1305,185,'ciclo_resolucion','','registrado',77,'2020-03-11 14:59:55','2020-03-11 14:59:55'),
	(1306,185,'ciclo_resolucion','registrado','validado',77,'2020-03-11 14:59:55','2020-03-11 14:59:55'),
	(1307,185,'ciclo_resolucion','registrado','validado',77,'2020-03-11 14:59:55','2020-03-11 14:59:55'),
	(1308,185,'ciclo_resolucion','validado','proceso',77,'2020-03-11 14:59:55','2020-03-11 14:59:55'),
	(1309,185,'ciclo_resolucion','registrado','validado',77,'2020-03-11 14:59:55','2020-03-11 14:59:55'),
	(1310,183,'ciclo_resolucion','proceso','cerrado',98,'2020-03-11 15:25:34','2020-03-11 15:25:34'),
	(1311,184,'ciclo_resolucion','registrado','validado',63,'2020-03-12 12:18:11','2020-03-12 12:18:11'),
	(1312,184,'ciclo_resolucion','validado','proceso',63,'2020-03-12 12:18:11','2020-03-12 12:18:11'),
	(1313,183,'ciclo_resolucion','cerrado','finalizado',63,'2020-03-13 11:29:56','2020-03-13 11:29:56'),
	(1314,183,'ciclo_pago',NULL,'registrado',63,'2020-03-13 11:29:56','2020-03-13 11:29:56'),
	(1315,184,'ciclo_resolucion','proceso','cerrado',98,'2020-03-13 14:59:46','2020-03-13 14:59:46'),
	(1316,184,'ciclo_resolucion','cerrado','finalizado',63,'2020-03-13 15:01:54','2020-03-13 15:01:54'),
	(1317,184,'ciclo_pago',NULL,'registrado',63,'2020-03-13 15:01:54','2020-03-13 15:01:54'),
	(1318,182,'ciclo_resolucion','proceso','cerrado',1,'2020-03-18 12:42:28','2020-03-18 12:42:28'),
	(1319,185,'ciclo_resolucion','proceso','cerrado',98,'2020-03-18 13:12:37','2020-03-18 13:12:37'),
	(1320,172,'ciclo_pago','validado','facturado',1,'2020-03-20 11:48:06','2020-03-20 11:48:06'),
	(1321,164,'ciclo_pago','validado','facturado',1,'2020-03-20 11:48:06','2020-03-20 11:48:06'),
	(1322,163,'ciclo_pago','validado','facturado',1,'2020-03-20 11:48:06','2020-03-20 11:48:06'),
	(1323,162,'ciclo_pago','validado','facturado',1,'2020-03-20 11:48:06','2020-03-20 11:48:06'),
	(1324,186,'ciclo_resolucion','','registrado',1,'2020-03-31 21:20:12','2020-03-31 21:20:12'),
	(1325,186,'ciclo_resolucion','registrado','validado',66,'2020-04-01 09:47:17','2020-04-01 09:47:17'),
	(1326,186,'ciclo_resolucion','validado','proceso',66,'2020-04-01 09:47:17','2020-04-01 09:47:17'),
	(1327,186,'ciclo_resolucion','proceso','cerrado',1,'2020-04-01 17:59:40','2020-04-01 17:59:40'),
	(1328,60,'ciclo_resolucion','cerrado','finalizado',1,'2020-04-01 18:01:20','2020-04-01 18:01:20'),
	(1329,60,'ciclo_pago',NULL,'registrado',1,'2020-04-01 18:01:20','2020-04-01 18:01:20'),
	(1330,60,'ciclo_pago','registrado','pagado',1,'2020-04-01 18:01:20','2020-04-01 18:01:20'),
	(1331,74,'ciclo_resolucion','cerrado','finalizado',1,'2020-04-01 18:01:27','2020-04-01 18:01:27'),
	(1332,74,'ciclo_pago',NULL,'registrado',1,'2020-04-01 18:01:27','2020-04-01 18:01:27'),
	(1333,74,'ciclo_pago','registrado','pagado',1,'2020-04-01 18:01:27','2020-04-01 18:01:27'),
	(1334,80,'ciclo_resolucion','cerrado','finalizado',1,'2020-04-01 18:01:35','2020-04-01 18:01:35'),
	(1335,80,'ciclo_pago',NULL,'registrado',1,'2020-04-01 18:01:35','2020-04-01 18:01:35'),
	(1336,80,'ciclo_pago','registrado','pagado',1,'2020-04-01 18:01:35','2020-04-01 18:01:35'),
	(1337,81,'ciclo_resolucion','cerrado','finalizado',1,'2020-04-01 18:01:43','2020-04-01 18:01:43'),
	(1338,81,'ciclo_pago',NULL,'registrado',1,'2020-04-01 18:01:43','2020-04-01 18:01:43'),
	(1339,81,'ciclo_pago','registrado','pagado',1,'2020-04-01 18:01:43','2020-04-01 18:01:43'),
	(1340,82,'ciclo_resolucion','cerrado','finalizado',1,'2020-04-01 18:01:50','2020-04-01 18:01:50'),
	(1341,82,'ciclo_pago',NULL,'registrado',1,'2020-04-01 18:01:50','2020-04-01 18:01:50'),
	(1342,82,'ciclo_pago','registrado','pagado',1,'2020-04-01 18:01:50','2020-04-01 18:01:50'),
	(1343,89,'ciclo_resolucion','cerrado','finalizado',1,'2020-04-01 18:02:35','2020-04-01 18:02:35'),
	(1344,89,'ciclo_pago',NULL,'registrado',1,'2020-04-01 18:02:35','2020-04-01 18:02:35'),
	(1345,89,'ciclo_pago','registrado','pagado',1,'2020-04-01 18:02:35','2020-04-01 18:02:35'),
	(1346,90,'ciclo_resolucion','cerrado','finalizado',1,'2020-04-01 18:02:42','2020-04-01 18:02:42'),
	(1347,90,'ciclo_pago',NULL,'registrado',1,'2020-04-01 18:02:42','2020-04-01 18:02:42'),
	(1348,90,'ciclo_pago','registrado','pagado',1,'2020-04-01 18:02:42','2020-04-01 18:02:42'),
	(1349,94,'ciclo_resolucion','cerrado','finalizado',1,'2020-04-01 18:02:57','2020-04-01 18:02:57'),
	(1350,94,'ciclo_pago',NULL,'registrado',1,'2020-04-01 18:02:57','2020-04-01 18:02:57'),
	(1351,94,'ciclo_pago','registrado','pagado',1,'2020-04-01 18:02:57','2020-04-01 18:02:57'),
	(1352,102,'ciclo_resolucion','cerrado','finalizado',1,'2020-04-01 18:03:05','2020-04-01 18:03:05'),
	(1353,102,'ciclo_pago',NULL,'registrado',1,'2020-04-01 18:03:05','2020-04-01 18:03:05'),
	(1354,102,'ciclo_pago','registrado','pagado',1,'2020-04-01 18:03:05','2020-04-01 18:03:05'),
	(1355,103,'ciclo_resolucion','cerrado','finalizado',1,'2020-04-01 18:03:12','2020-04-01 18:03:12'),
	(1356,103,'ciclo_pago',NULL,'registrado',1,'2020-04-01 18:03:12','2020-04-01 18:03:12'),
	(1357,103,'ciclo_pago','registrado','pagado',1,'2020-04-01 18:03:12','2020-04-01 18:03:12'),
	(1358,106,'ciclo_resolucion','cerrado','finalizado',1,'2020-04-01 18:03:18','2020-04-01 18:03:18'),
	(1359,106,'ciclo_pago',NULL,'registrado',1,'2020-04-01 18:03:18','2020-04-01 18:03:18'),
	(1360,106,'ciclo_pago','registrado','pagado',1,'2020-04-01 18:03:18','2020-04-01 18:03:18'),
	(1361,110,'ciclo_resolucion','cerrado','finalizado',1,'2020-04-01 18:03:25','2020-04-01 18:03:25'),
	(1362,110,'ciclo_pago',NULL,'registrado',1,'2020-04-01 18:03:25','2020-04-01 18:03:25'),
	(1363,110,'ciclo_pago','registrado','pagado',1,'2020-04-01 18:03:25','2020-04-01 18:03:25'),
	(1364,113,'ciclo_resolucion','cerrado','finalizado',1,'2020-04-01 18:03:31','2020-04-01 18:03:31'),
	(1365,113,'ciclo_pago',NULL,'registrado',1,'2020-04-01 18:03:31','2020-04-01 18:03:31'),
	(1366,113,'ciclo_pago','registrado','pagado',1,'2020-04-01 18:03:31','2020-04-01 18:03:31'),
	(1367,116,'ciclo_resolucion','cerrado','finalizado',1,'2020-04-01 18:03:37','2020-04-01 18:03:37'),
	(1368,116,'ciclo_pago',NULL,'registrado',1,'2020-04-01 18:03:37','2020-04-01 18:03:37'),
	(1369,116,'ciclo_pago','registrado','pagado',1,'2020-04-01 18:03:37','2020-04-01 18:03:37'),
	(1370,117,'ciclo_resolucion','cerrado','finalizado',1,'2020-04-01 18:03:43','2020-04-01 18:03:43'),
	(1371,117,'ciclo_pago',NULL,'registrado',1,'2020-04-01 18:03:43','2020-04-01 18:03:43'),
	(1372,117,'ciclo_pago','registrado','pagado',1,'2020-04-01 18:03:43','2020-04-01 18:03:43'),
	(1373,118,'ciclo_resolucion','cerrado','finalizado',1,'2020-04-01 18:03:49','2020-04-01 18:03:49'),
	(1374,118,'ciclo_pago',NULL,'registrado',1,'2020-04-01 18:03:49','2020-04-01 18:03:49'),
	(1375,118,'ciclo_pago','registrado','pagado',1,'2020-04-01 18:03:49','2020-04-01 18:03:49'),
	(1376,119,'ciclo_resolucion','cerrado','finalizado',1,'2020-04-01 18:03:55','2020-04-01 18:03:55'),
	(1377,119,'ciclo_pago',NULL,'registrado',1,'2020-04-01 18:03:55','2020-04-01 18:03:55'),
	(1378,119,'ciclo_pago','registrado','pagado',1,'2020-04-01 18:03:55','2020-04-01 18:03:55'),
	(1379,127,'ciclo_resolucion','cerrado','finalizado',1,'2020-04-01 18:04:01','2020-04-01 18:04:01'),
	(1380,127,'ciclo_pago',NULL,'registrado',1,'2020-04-01 18:04:01','2020-04-01 18:04:01'),
	(1381,127,'ciclo_pago','registrado','pagado',1,'2020-04-01 18:04:01','2020-04-01 18:04:01'),
	(1382,131,'ciclo_resolucion','cerrado','finalizado',1,'2020-04-01 18:04:08','2020-04-01 18:04:08'),
	(1383,131,'ciclo_pago',NULL,'registrado',1,'2020-04-01 18:04:08','2020-04-01 18:04:08'),
	(1384,131,'ciclo_pago','registrado','pagado',1,'2020-04-01 18:04:08','2020-04-01 18:04:08'),
	(1385,132,'ciclo_resolucion','cerrado','finalizado',1,'2020-04-01 18:04:14','2020-04-01 18:04:14'),
	(1386,132,'ciclo_pago',NULL,'registrado',1,'2020-04-01 18:04:14','2020-04-01 18:04:14'),
	(1387,132,'ciclo_pago','registrado','pagado',1,'2020-04-01 18:04:14','2020-04-01 18:04:14'),
	(1388,140,'ciclo_resolucion','cerrado','finalizado',1,'2020-04-01 18:04:21','2020-04-01 18:04:21'),
	(1389,140,'ciclo_pago',NULL,'registrado',1,'2020-04-01 18:04:21','2020-04-01 18:04:21'),
	(1390,140,'ciclo_pago','registrado','pagado',1,'2020-04-01 18:04:21','2020-04-01 18:04:21'),
	(1391,141,'ciclo_resolucion','cerrado','finalizado',1,'2020-04-01 18:04:28','2020-04-01 18:04:28'),
	(1392,141,'ciclo_pago',NULL,'registrado',1,'2020-04-01 18:04:28','2020-04-01 18:04:28'),
	(1393,141,'ciclo_pago','registrado','pagado',1,'2020-04-01 18:04:28','2020-04-01 18:04:28'),
	(1394,142,'ciclo_resolucion','cerrado','finalizado',1,'2020-04-01 18:04:46','2020-04-01 18:04:46'),
	(1395,142,'ciclo_pago',NULL,'registrado',1,'2020-04-01 18:04:46','2020-04-01 18:04:46'),
	(1396,142,'ciclo_pago','registrado','pagado',1,'2020-04-01 18:04:46','2020-04-01 18:04:46'),
	(1397,143,'ciclo_resolucion','cerrado','finalizado',1,'2020-04-01 18:04:55','2020-04-01 18:04:55'),
	(1398,143,'ciclo_pago',NULL,'registrado',1,'2020-04-01 18:04:55','2020-04-01 18:04:55'),
	(1399,143,'ciclo_pago','registrado','pagado',1,'2020-04-01 18:04:55','2020-04-01 18:04:55'),
	(1400,144,'ciclo_resolucion','cerrado','finalizado',1,'2020-04-01 18:05:02','2020-04-01 18:05:02'),
	(1401,144,'ciclo_pago',NULL,'registrado',1,'2020-04-01 18:05:02','2020-04-01 18:05:02'),
	(1402,144,'ciclo_pago','registrado','pagado',1,'2020-04-01 18:05:02','2020-04-01 18:05:02'),
	(1403,145,'ciclo_resolucion','cerrado','finalizado',1,'2020-04-01 18:05:07','2020-04-01 18:05:07'),
	(1404,145,'ciclo_pago',NULL,'registrado',1,'2020-04-01 18:05:07','2020-04-01 18:05:07'),
	(1405,145,'ciclo_pago','registrado','pagado',1,'2020-04-01 18:05:07','2020-04-01 18:05:07'),
	(1406,146,'ciclo_resolucion','cerrado','finalizado',1,'2020-04-01 18:05:12','2020-04-01 18:05:12'),
	(1407,146,'ciclo_pago',NULL,'registrado',1,'2020-04-01 18:05:12','2020-04-01 18:05:12'),
	(1408,146,'ciclo_pago','registrado','pagado',1,'2020-04-01 18:05:12','2020-04-01 18:05:12'),
	(1409,147,'ciclo_resolucion','cerrado','finalizado',1,'2020-04-01 18:05:19','2020-04-01 18:05:19'),
	(1410,147,'ciclo_pago',NULL,'registrado',1,'2020-04-01 18:05:19','2020-04-01 18:05:19'),
	(1411,147,'ciclo_pago','registrado','pagado',1,'2020-04-01 18:05:19','2020-04-01 18:05:19'),
	(1412,148,'ciclo_resolucion','cerrado','finalizado',1,'2020-04-01 18:05:25','2020-04-01 18:05:25'),
	(1413,148,'ciclo_pago',NULL,'registrado',1,'2020-04-01 18:05:25','2020-04-01 18:05:25'),
	(1414,148,'ciclo_pago','registrado','pagado',1,'2020-04-01 18:05:25','2020-04-01 18:05:25'),
	(1415,149,'ciclo_resolucion','cerrado','finalizado',1,'2020-04-01 18:05:31','2020-04-01 18:05:31'),
	(1416,149,'ciclo_pago',NULL,'registrado',1,'2020-04-01 18:05:31','2020-04-01 18:05:31'),
	(1417,149,'ciclo_pago','registrado','pagado',1,'2020-04-01 18:05:31','2020-04-01 18:05:31'),
	(1418,150,'ciclo_resolucion','cerrado','finalizado',1,'2020-04-01 18:05:36','2020-04-01 18:05:36'),
	(1419,150,'ciclo_pago',NULL,'registrado',1,'2020-04-01 18:05:36','2020-04-01 18:05:36'),
	(1420,150,'ciclo_pago','registrado','pagado',1,'2020-04-01 18:05:36','2020-04-01 18:05:36'),
	(1421,151,'ciclo_resolucion','cerrado','finalizado',1,'2020-04-01 18:05:42','2020-04-01 18:05:42'),
	(1422,151,'ciclo_pago',NULL,'registrado',1,'2020-04-01 18:05:42','2020-04-01 18:05:42'),
	(1423,151,'ciclo_pago','registrado','pagado',1,'2020-04-01 18:05:42','2020-04-01 18:05:42'),
	(1424,153,'ciclo_resolucion','cerrado','finalizado',1,'2020-04-01 18:05:47','2020-04-01 18:05:47'),
	(1425,153,'ciclo_pago',NULL,'registrado',1,'2020-04-01 18:05:47','2020-04-01 18:05:47'),
	(1426,153,'ciclo_pago','registrado','pagado',1,'2020-04-01 18:05:47','2020-04-01 18:05:47'),
	(1427,154,'ciclo_resolucion','cerrado','finalizado',1,'2020-04-01 18:05:53','2020-04-01 18:05:53'),
	(1428,154,'ciclo_pago',NULL,'registrado',1,'2020-04-01 18:05:53','2020-04-01 18:05:53'),
	(1429,154,'ciclo_pago','registrado','pagado',1,'2020-04-01 18:05:53','2020-04-01 18:05:53'),
	(1430,157,'ciclo_resolucion','cerrado','finalizado',1,'2020-04-01 18:05:59','2020-04-01 18:05:59'),
	(1431,157,'ciclo_pago',NULL,'registrado',1,'2020-04-01 18:05:59','2020-04-01 18:05:59'),
	(1432,157,'ciclo_pago','registrado','pagado',1,'2020-04-01 18:05:59','2020-04-01 18:05:59'),
	(1433,158,'ciclo_resolucion','cerrado','finalizado',1,'2020-04-01 18:06:05','2020-04-01 18:06:05'),
	(1434,158,'ciclo_pago',NULL,'registrado',1,'2020-04-01 18:06:05','2020-04-01 18:06:05'),
	(1435,158,'ciclo_pago','registrado','pagado',1,'2020-04-01 18:06:05','2020-04-01 18:06:05'),
	(1436,159,'ciclo_resolucion','cerrado','finalizado',1,'2020-04-01 18:06:11','2020-04-01 18:06:11'),
	(1437,159,'ciclo_pago',NULL,'registrado',1,'2020-04-01 18:06:11','2020-04-01 18:06:11'),
	(1438,159,'ciclo_pago','registrado','pagado',1,'2020-04-01 18:06:11','2020-04-01 18:06:11'),
	(1439,160,'ciclo_resolucion','cerrado','finalizado',1,'2020-04-01 18:06:16','2020-04-01 18:06:16'),
	(1440,160,'ciclo_pago',NULL,'registrado',1,'2020-04-01 18:06:16','2020-04-01 18:06:16'),
	(1441,160,'ciclo_pago','registrado','pagado',1,'2020-04-01 18:06:16','2020-04-01 18:06:16'),
	(1442,185,'ciclo_resolucion','cerrado','finalizado',1,'2020-04-01 18:06:22','2020-04-01 18:06:22'),
	(1443,185,'ciclo_pago',NULL,'registrado',1,'2020-04-01 18:06:22','2020-04-01 18:06:22'),
	(1444,185,'ciclo_pago','registrado','pagado',1,'2020-04-01 18:06:22','2020-04-01 18:06:22'),
	(1445,176,'ciclo_resolucion','cerrado','finalizado',50,'2020-04-17 13:19:22','2020-04-17 13:19:22'),
	(1446,176,'ciclo_pago',NULL,'registrado',50,'2020-04-17 13:19:22','2020-04-17 13:19:22'),
	(1447,138,'ciclo_resolucion','cerrado','finalizado',50,'2020-04-17 13:19:44','2020-04-17 13:19:44'),
	(1448,138,'ciclo_pago',NULL,'registrado',50,'2020-04-17 13:19:44','2020-04-17 13:19:44'),
	(1449,175,'ciclo_resolucion','cerrado','finalizado',50,'2020-04-17 13:20:25','2020-04-17 13:20:25'),
	(1450,175,'ciclo_pago',NULL,'registrado',50,'2020-04-17 13:20:25','2020-04-17 13:20:25'),
	(1451,182,'ciclo_resolucion','cerrado','finalizado',50,'2020-04-17 13:20:47','2020-04-17 13:20:47'),
	(1452,182,'ciclo_pago',NULL,'registrado',50,'2020-04-17 13:20:47','2020-04-17 13:20:47'),
	(1453,186,'ciclo_resolucion','cerrado','finalizado',50,'2020-04-17 13:21:14','2020-04-17 13:21:14'),
	(1454,186,'ciclo_pago',NULL,'registrado',50,'2020-04-17 13:21:14','2020-04-17 13:21:14'),
	(1455,186,'ciclo_pago','registrado','validado',50,'2020-04-17 13:45:48','2020-04-17 13:45:48'),
	(1456,138,'ciclo_pago','registrado','validado',50,'2020-04-17 13:46:10','2020-04-17 13:46:10'),
	(1457,183,'ciclo_pago','registrado','validado',50,'2020-04-17 13:46:28','2020-04-17 13:46:28'),
	(1458,182,'ciclo_pago','registrado','validado',50,'2020-04-17 13:46:43','2020-04-17 13:46:43'),
	(1459,184,'ciclo_pago','registrado','validado',50,'2020-04-17 13:47:00','2020-04-17 13:47:00'),
	(1460,176,'ciclo_pago','registrado','validado',50,'2020-04-17 13:47:22','2020-04-17 13:47:22'),
	(1461,175,'ciclo_pago','registrado','validado',50,'2020-04-17 13:47:39','2020-04-17 13:47:39'),
	(1462,187,'ciclo_resolucion','','registrado',6,'2020-04-17 14:52:26','2020-04-17 14:52:26'),
	(1463,187,'ciclo_resolucion','registrado','validado',6,'2020-04-17 14:52:26','2020-04-17 14:52:26'),
	(1464,187,'ciclo_resolucion','registrado','validado',6,'2020-04-17 14:52:26','2020-04-17 14:52:26'),
	(1465,187,'ciclo_resolucion','validado','proceso',6,'2020-04-17 14:52:26','2020-04-17 14:52:26'),
	(1466,187,'ciclo_resolucion','registrado','validado',6,'2020-04-17 14:52:26','2020-04-17 14:52:26'),
	(1467,187,'ciclo_resolucion','proceso','cerrado',6,'2020-04-17 14:56:20','2020-04-17 14:56:20'),
	(1468,187,'ciclo_resolucion','cerrado','finalizado',6,'2020-04-17 14:57:08','2020-04-17 14:57:08'),
	(1469,187,'ciclo_pago',NULL,'registrado',6,'2020-04-17 14:57:08','2020-04-17 14:57:08'),
	(1470,187,'ciclo_pago','registrado','pagado',6,'2020-04-17 14:57:08','2020-04-17 14:57:08'),
	(1471,186,'ciclo_pago','validado','facturado',1,'2020-04-21 15:00:16','2020-04-21 15:00:16'),
	(1472,138,'ciclo_pago','validado','facturado',1,'2020-04-21 15:00:16','2020-04-21 15:00:16'),
	(1473,183,'ciclo_pago','validado','facturado',1,'2020-04-21 15:00:16','2020-04-21 15:00:16'),
	(1474,182,'ciclo_pago','validado','facturado',1,'2020-04-21 15:00:16','2020-04-21 15:00:16'),
	(1475,184,'ciclo_pago','validado','facturado',1,'2020-04-21 15:00:16','2020-04-21 15:00:16'),
	(1476,176,'ciclo_pago','validado','facturado',1,'2020-04-21 15:00:16','2020-04-21 15:00:16'),
	(1477,175,'ciclo_pago','validado','facturado',1,'2020-04-21 15:00:16','2020-04-21 15:00:16'),
	(1478,174,'ciclo_pago','validado','facturado',1,'2020-04-21 15:00:16','2020-04-21 15:00:16'),
	(1479,173,'ciclo_pago','validado','facturado',1,'2020-04-21 15:00:16','2020-04-21 15:00:16'),
	(1480,156,'ciclo_pago','facturado','pagado',1,'2020-04-21 15:02:23','2020-04-21 15:02:23'),
	(1481,155,'ciclo_pago','facturado','pagado',1,'2020-04-21 15:02:23','2020-04-21 15:02:23'),
	(1482,139,'ciclo_pago','facturado','pagado',1,'2020-04-21 15:02:23','2020-04-21 15:02:23'),
	(1483,130,'ciclo_pago','facturado','pagado',1,'2020-04-21 15:02:23','2020-04-21 15:02:23'),
	(1484,128,'ciclo_pago','facturado','pagado',1,'2020-04-21 15:02:23','2020-04-21 15:02:23'),
	(1485,172,'ciclo_pago','facturado','pagado',1,'2020-04-21 15:02:23','2020-04-21 15:02:23'),
	(1486,164,'ciclo_pago','facturado','pagado',1,'2020-04-21 15:02:23','2020-04-21 15:02:23'),
	(1487,163,'ciclo_pago','facturado','pagado',1,'2020-04-21 15:02:23','2020-04-21 15:02:23'),
	(1488,162,'ciclo_pago','facturado','pagado',1,'2020-04-21 15:02:23','2020-04-21 15:02:23'),
	(1489,165,'ciclo_resolucion','proceso','cerrado',1,'2020-05-04 17:17:58','2020-05-04 17:17:58'),
	(1490,188,'ciclo_resolucion','','registrado',50,'2020-05-07 20:18:59','2020-05-07 20:18:59'),
	(1491,188,'ciclo_resolucion','registrado','validado',50,'2020-05-07 20:20:25','2020-05-07 20:20:25'),
	(1492,188,'ciclo_resolucion','validado','proceso',50,'2020-05-07 20:20:25','2020-05-07 20:20:25'),
	(1493,188,'ciclo_resolucion','proceso','cerrado',98,'2020-05-13 10:04:17','2020-05-13 10:04:17'),
	(1494,189,'ciclo_resolucion','','registrado',52,'2020-06-05 17:39:44','2020-06-05 17:39:44'),
	(1495,188,'ciclo_resolucion','cerrado','finalizado',63,'2020-06-08 09:01:02','2020-06-08 09:01:02'),
	(1496,188,'ciclo_pago',NULL,'registrado',63,'2020-06-08 09:01:02','2020-06-08 09:01:02'),
	(1497,189,'ciclo_resolucion','registrado','validado',63,'2020-06-08 09:03:02','2020-06-08 09:03:02'),
	(1498,189,'ciclo_resolucion','validado','proceso',63,'2020-06-08 09:03:02','2020-06-08 09:03:02'),
	(1499,190,'ciclo_resolucion','','registrado',6,'2020-06-08 12:00:16','2020-06-08 12:00:16'),
	(1500,190,'ciclo_resolucion','registrado','validado',6,'2020-06-08 12:00:16','2020-06-08 12:00:16'),
	(1501,190,'ciclo_resolucion','registrado','validado',6,'2020-06-08 12:00:16','2020-06-08 12:00:16'),
	(1502,190,'ciclo_resolucion','validado','proceso',6,'2020-06-08 12:00:16','2020-06-08 12:00:16'),
	(1503,190,'ciclo_resolucion','registrado','validado',6,'2020-06-08 12:00:16','2020-06-08 12:00:16'),
	(1504,191,'ciclo_resolucion','','registrado',6,'2020-06-08 12:01:34','2020-06-08 12:01:34'),
	(1505,191,'ciclo_resolucion','registrado','validado',6,'2020-06-08 12:01:34','2020-06-08 12:01:34'),
	(1506,191,'ciclo_resolucion','registrado','validado',6,'2020-06-08 12:01:34','2020-06-08 12:01:34'),
	(1507,191,'ciclo_resolucion','validado','proceso',6,'2020-06-08 12:01:34','2020-06-08 12:01:34'),
	(1508,191,'ciclo_resolucion','registrado','validado',6,'2020-06-08 12:01:34','2020-06-08 12:01:34'),
	(1509,192,'ciclo_resolucion','','registrado',6,'2020-06-08 12:02:20','2020-06-08 12:02:20'),
	(1510,192,'ciclo_resolucion','registrado','validado',6,'2020-06-08 12:02:20','2020-06-08 12:02:20'),
	(1511,192,'ciclo_resolucion','registrado','validado',6,'2020-06-08 12:02:20','2020-06-08 12:02:20'),
	(1512,192,'ciclo_resolucion','validado','proceso',6,'2020-06-08 12:02:20','2020-06-08 12:02:20'),
	(1513,192,'ciclo_resolucion','registrado','validado',6,'2020-06-08 12:02:20','2020-06-08 12:02:20'),
	(1514,193,'ciclo_resolucion','','registrado',6,'2020-06-08 12:03:03','2020-06-08 12:03:03'),
	(1515,193,'ciclo_resolucion','registrado','validado',6,'2020-06-08 12:03:03','2020-06-08 12:03:03'),
	(1516,193,'ciclo_resolucion','registrado','validado',6,'2020-06-08 12:03:03','2020-06-08 12:03:03'),
	(1517,193,'ciclo_resolucion','validado','proceso',6,'2020-06-08 12:03:03','2020-06-08 12:03:03'),
	(1518,193,'ciclo_resolucion','registrado','validado',6,'2020-06-08 12:03:03','2020-06-08 12:03:03'),
	(1519,193,'ciclo_resolucion','proceso','cerrado',6,'2020-06-08 12:09:54','2020-06-08 12:09:54'),
	(1520,192,'ciclo_resolucion','proceso','cerrado',6,'2020-06-08 12:10:54','2020-06-08 12:10:54'),
	(1521,191,'ciclo_resolucion','proceso','cerrado',6,'2020-06-08 12:12:00','2020-06-08 12:12:00'),
	(1522,190,'ciclo_resolucion','proceso','cerrado',6,'2020-06-08 12:12:47','2020-06-08 12:12:47'),
	(1523,190,'ciclo_resolucion','cerrado','finalizado',6,'2020-06-08 12:14:37','2020-06-08 12:14:37'),
	(1524,190,'ciclo_pago',NULL,'registrado',6,'2020-06-08 12:14:37','2020-06-08 12:14:37'),
	(1525,190,'ciclo_pago','registrado','pagado',6,'2020-06-08 12:14:37','2020-06-08 12:14:37'),
	(1526,191,'ciclo_resolucion','cerrado','finalizado',6,'2020-06-08 12:14:48','2020-06-08 12:14:48'),
	(1527,191,'ciclo_pago',NULL,'registrado',6,'2020-06-08 12:14:48','2020-06-08 12:14:48'),
	(1528,191,'ciclo_pago','registrado','pagado',6,'2020-06-08 12:14:48','2020-06-08 12:14:48'),
	(1529,192,'ciclo_resolucion','cerrado','finalizado',6,'2020-06-08 12:14:59','2020-06-08 12:14:59'),
	(1530,192,'ciclo_pago',NULL,'registrado',6,'2020-06-08 12:14:59','2020-06-08 12:14:59'),
	(1531,192,'ciclo_pago','registrado','pagado',6,'2020-06-08 12:14:59','2020-06-08 12:14:59'),
	(1532,193,'ciclo_resolucion','cerrado','finalizado',6,'2020-06-08 12:15:09','2020-06-08 12:15:09'),
	(1533,193,'ciclo_pago',NULL,'registrado',6,'2020-06-08 12:15:09','2020-06-08 12:15:09'),
	(1534,193,'ciclo_pago','registrado','pagado',6,'2020-06-08 12:15:09','2020-06-08 12:15:09'),
	(1535,188,'ciclo_pago','registrado','validado',50,'2020-06-08 16:50:43','2020-06-08 16:50:43');

/*!40000 ALTER TABLE `eventos_tickets` ENABLE KEYS */;
UNLOCK TABLES;


# Dump of table inventarios
# ------------------------------------------------------------

DROP TABLE IF EXISTS `inventarios`;

CREATE TABLE `inventarios` (
  `id` bigint(20) unsigned NOT NULL AUTO_INCREMENT,
  `nombre_equipo` varchar(191) COLLATE utf8mb4_unicode_ci NOT NULL,
  `observacion` text COLLATE utf8mb4_unicode_ci,
  `descripcion` text COLLATE utf8mb4_unicode_ci NOT NULL,
  `serial_equipo` varchar(191) COLLATE utf8mb4_unicode_ci NOT NULL,
  `categoria_inventario_id` bigint(20) unsigned DEFAULT NULL,
  `tipo_inventario_id` bigint(20) unsigned DEFAULT NULL,
  `estado_equipo` enum('activo','averiado','reparacion','vendido','donado','prestado') COLLATE utf8mb4_unicode_ci NOT NULL DEFAULT 'activo',
  `estado_legal` enum('no_legal','trial','legal') COLLATE utf8mb4_unicode_ci DEFAULT 'no_legal',
  `asignado_temp_id` bigint(20) DEFAULT NULL,
  `fecha_adquisicion` date DEFAULT NULL,
  `disp_inventario` enum('true','false') COLLATE utf8mb4_unicode_ci NOT NULL DEFAULT 'true',
  `calificacion` int(11) DEFAULT NULL,
  `area_id` bigint(20) unsigned NOT NULL,
  `empresa_id` bigint(20) unsigned NOT NULL,
  `localidad_id` bigint(20) DEFAULT NULL,
  `empleado_id` bigint(20) unsigned DEFAULT NULL,
  `ref_equipo_empleado` bigint(20) unsigned DEFAULT NULL,
  `created_at` timestamp NULL DEFAULT NULL,
  `updated_at` timestamp NULL DEFAULT NULL,
  PRIMARY KEY (`id`),
  KEY `inventarios_area_id_index` (`area_id`),
  KEY `inventarios_empresa_id_index` (`empresa_id`)
) ENGINE=InnoDB DEFAULT CHARSET=utf8mb4 COLLATE=utf8mb4_unicode_ci;

LOCK TABLES `inventarios` WRITE;
/*!40000 ALTER TABLE `inventarios` DISABLE KEYS */;

INSERT INTO `inventarios` (`id`, `nombre_equipo`, `observacion`, `descripcion`, `serial_equipo`, `categoria_inventario_id`, `tipo_inventario_id`, `estado_equipo`, `estado_legal`, `asignado_temp_id`, `fecha_adquisicion`, `disp_inventario`, `calificacion`, `area_id`, `empresa_id`, `localidad_id`, `empleado_id`, `ref_equipo_empleado`, `created_at`, `updated_at`)
VALUES
	(1,'HP Laptop 17-by0021dx','Equipo nuevo, tarjeta de red USB wirelees, Mouse wireless y su cargador original','Laptop HP 17\" Windows 10 Professional, Intel Core i5-7200U 2.71 gigahertz, 12 GB Ram','5CG8435J6L - ST4WW74UA',21,1,'activo','no_legal',NULL,'2019-05-15','true',10,8,2,2,9,1,'2019-08-05 12:57:03','2019-09-19 10:44:35'),
	(2,'HP Laptop 350 G2','Equipo','Laptop HP de 15 pulgadas','5CG5300FKH - STL8E47UT',21,1,'activo','no_legal',NULL,'2015-01-15','true',6,9,2,2,10,2,'2019-08-05 15:43:02','2019-09-19 10:45:42'),
	(3,'Laptop HP ProBook 450 G2',NULL,'Laptop HP ProBook 450 G2,  Intel Core i3-4005U 1.70, 4 GB RAM','CND5282Y52 - STL8E08UT',21,1,'activo','no_legal',NULL,'2015-01-01','true',7,4,2,2,5,NULL,'2019-08-05 15:43:03','2019-09-19 10:47:04'),
	(4,'ENVY x360 Convertible','Equipo nuevo, mouse wireless y cargador original','Laptop HP Envy con pantalla touch, Windows 10 Professional, 2.00 gigahertz AMD 5 2500U Ryzen Radeon Vega, 12 GB Ram','1KS90UA#ABA - ST1KS90UA',21,1,'activo','no_legal',NULL,'2019-05-15','true',10,13,2,2,16,4,'2019-08-05 15:48:13','2019-09-19 10:48:00'),
	(5,'Laptop HP ProBook 450 G2','Mouse wireless y cargador original','Laptop HP ProBook 450 G2, 1.70 gigahertz Intel Core i3-4005U, 4GB RAM','CND5282Y4P - STL8E08UT',21,1,'activo','no_legal',NULL,'2015-01-01','true',9,6,2,2,7,NULL,'2019-08-05 15:49:06','2019-09-19 12:46:59'),
	(6,'DELL G3 3779','Mouse alambrico y cargador original','Dell G3, Windows 10 Professional (x64), 2.20 gigahertz Intel Core i7-8750H, 8GB Ram,','4G63LP2 - ST4G63LP2',2,1,'activo','no_legal',NULL,'2018-01-15','true',10,14,2,2,14,6,'2019-08-05 15:51:37','2019-09-19 12:47:49'),
	(7,'HP Laptop 17-by0021dx','Equipo nuevo, tarjeta de red USB wirelees, teclado externo numerico, mouse wireless y su cargador original','Laptop HP 17-by0021dx, Intel Core i5-7200U 2.71 gigahertz, 12 GB RAM','5CG8435N3T - ST4WW74UA',21,1,'activo','no_legal',NULL,'2019-01-01','true',10,7,2,2,8,NULL,'2019-08-05 15:55:21','2019-09-19 12:48:50'),
	(8,'Laptop HP 355 G2','Mouse wireless y cargador original','Laptop HP, Windows 10 professional, AMD A6-6310 1.80 gigahertz, 8 GB de Ram','5CG425D9TR - STJ5P06UT',21,1,'activo','no_legal',NULL,'2015-01-15','true',7,15,2,2,15,8,'2019-08-05 15:59:37','2019-09-19 13:04:02'),
	(9,'Laptop HP 350 G2','Mouse wireless y cargador original','Laptop HP 350 G2, Intel Core i3-4005U 1.70 gigahertz, 4GB RAM','5CG5152HZX - STL8E47UT',21,1,'activo','no_legal',NULL,'2015-01-01','true',7,5,2,2,6,NULL,'2019-08-05 16:00:13','2019-09-19 13:04:53'),
	(11,'DELL OptiPlex 7040','Equipo de escritorio','DELL OptiPlex 7040 de escritorio, 3.40 gigahertz Intel Core i7-6700,  8GB Ram, Monitor, Mouse y Teclado','6GG4JG2 - ST6GG4JG2',2,1,'activo','no_legal',NULL,'2017-01-15','true',9,16,2,2,17,11,'2019-08-05 16:08:44','2019-09-19 13:05:49'),
	(12,'DELL OptiPlex 7040','Equipo de escritorio','DELL OptiPlex 7040 de escritorio, 3.40 gigahertz Intel Core i7-6700,  8GB Ram, Monitor, Mouse y Teclado','6H8BJG2 - ST6H8BJG2',2,1,'activo','no_legal',NULL,'2017-01-15','true',9,18,2,2,18,12,'2019-08-05 16:13:05','2019-09-19 13:06:36'),
	(13,'DELL OptiPlex 7040','Equipo de escritorio','DELL OptiPlex 7040 de escritorio, 3.40 gigahertz Intel Core i7-6700,  8GB Ram, Monitor, Mouse y Teclado','6G99JG2 - ST6G99JG2',2,1,'activo','no_legal',NULL,'2017-01-15','true',10,18,2,2,19,13,'2019-08-05 16:14:42','2019-09-19 13:07:20'),
	(14,'HP Latitude E5470','Mouse wireless y cargador original','Laptop HP Latitude E5470, 2.80 gigahertz Intel Core i7-6600U, 8 GB RAM','C4ZXTF2 - STC4ZXTF2',21,1,'activo','no_legal',NULL,'2017-01-01','true',10,10,2,2,12,14,'2019-08-05 16:14:44','2019-09-19 13:08:07'),
	(15,'DELL OptiPlex 7040','Equipo de escritorio','DELL OptiPlex 7040 de escritorio, 3.40 gigahertz Intel Core i7-6700,  8GB Ram, Monitor, Mouse y Teclado','6GCCJG2 - ST6GCCJG2',2,1,'activo','no_legal',NULL,'2017-01-15','true',9,18,2,2,20,15,'2019-08-05 16:16:24','2019-09-19 13:08:55'),
	(16,'Laptop DELL Latitude E5470','Mouse wireless, teclado externo numerico y cargador original','Laptop DELL Latitude E5470, 2.80 gigahertz Intel Core i7-6600U, 8 GB RAM','5HNTTF2 - ST5HNTTF2',21,1,'activo','no_legal',NULL,'2017-01-01','true',10,11,2,NULL,11,16,'2019-08-05 16:18:07','2019-09-19 13:09:37'),
	(17,'ENVY x360 Convertible','Equipo con mouse wireless y cargador original','Laptop HP Envy con pantalla touch, Windows 10 Professional, 2.70 gigahertz AMD FX-9800P RADEON R7, 16 GB Ram','8CG7410076 - ST1KS87UA',21,1,'activo','no_legal',NULL,'2018-01-15','true',9,17,2,2,4,17,'2019-08-05 16:20:59','2019-09-19 13:10:21'),
	(18,'ENVY X360 Convertible','Mouse wireless y cargador original','Laptop HP ENVY X360, 2.70 gigahertz AMD FX-9800P RADEON R7, 16 GB RAM','8CG74100NJ - ST1KS87UA',21,1,'activo','no_legal',NULL,'2018-01-01','true',10,12,2,2,13,18,'2019-08-05 16:22:26','2019-09-19 13:11:33'),
	(19,'ENVY x360 Convertible','Equipo reparado la bisagra, mouse wireless y cargador original','Laptop HP Envy con pantalla touch, Windows 10 Professional, 2.70 gigahertz AMD FX-9800P RADEON R7, 16 GB Ram','8CG741018N - ST1KS87UA',21,1,'activo','no_legal',NULL,'2018-01-15','true',8,17,2,2,22,19,'2019-08-05 16:23:06','2019-09-19 13:12:11'),
	(20,'ENVY x360 Convertible','Equipo con mouse wireless y cargador original','Laptop HP Envy con pantalla touch, Windows 10 Professional, 2.70 gigahertz AMD FX-9800P RADEON R7, 16 GB Ram','8CG74100F4 - ST1KS87UA',21,1,'activo','no_legal',NULL,'2018-01-15','true',9,17,2,NULL,23,20,'2019-08-05 16:24:32','2019-09-19 13:12:50'),
	(21,'ENVY x360 Convertible','Equipo con mouse wireless y cargador original','Laptop HP Envy con pantalla touch, Windows 10 Professional, 2.70 gigahertz AMD FX-9800P RADEON R7, 16 GB Ram','8CG74100FR - ST1KS87UA',21,1,'activo','no_legal',NULL,'2018-01-15','true',9,17,2,2,24,21,'2019-08-05 16:25:52','2019-09-19 13:13:32'),
	(22,'HP Laptop 17-by0021dx','Equipo nuevo, tarjeta de red USB wirelees, Mouse wireless y su cargador original','Laptop HP 17\" Windows 10 Professional, Intel Core i5-7200U 2.71 gigahertz, 8 GB Ram','5CG8420Y01 - ST4WW74UA',21,1,'activo','no_legal',NULL,'2019-05-15','true',10,17,2,2,21,22,'2019-08-05 16:28:04','2019-09-19 13:14:13'),
	(23,'Windows 10 Professional (x64)',NULL,'Stiker windows pro / pegado en equipo','RNT3G-4RGRY-T4Q7H-RGT47-R9BD2',13,2,'activo','no_legal',NULL,'2015-01-01','true',10,4,2,NULL,5,3,'2019-08-05 16:31:12','2019-08-05 16:31:12'),
	(24,'HP Laptop 350 G2','Equipo, tarjeta de red USB wireless, cargador original','Laptop HP 350 G2, Windows 10 Professional, Intel Core i3-4005U 1.70 gigahertz, 4GB Ram','5CG5300JV2 - STL8E47UT',21,1,'activo','no_legal',NULL,'2015-01-15','true',6,17,2,2,25,24,'2019-08-05 16:31:22','2019-09-19 13:15:26'),
	(25,'Office Hogar y pequea Empresa 2010',NULL,'Office Hogar y pequea Empresa 2010','Q7VDR-83CJ9-M9X82-79YJT-48977',7,2,'activo','no_legal',NULL,'2015-01-01','true',10,4,2,NULL,5,3,'2019-08-05 16:33:59','2019-08-05 16:33:59'),
	(26,'Windows 10 Professional (x64)',NULL,'Stiker windows Pro / pegado en equipo','FMY8N-P3T7Y-JB6TP-FC7HH-3J2BC',13,2,'activo','no_legal',NULL,'2015-01-01','true',10,5,2,NULL,6,9,'2019-08-05 16:36:56','2019-08-05 16:36:56'),
	(27,'Office Hogar y pequea Empresa 2010',NULL,'Office Hogar y pequea Empresa 2010','BG7J6-Y8TBF-PGQQ4-3HDPD-GBDK7',7,2,'activo','no_legal',NULL,'2015-01-01','true',10,5,2,NULL,6,9,'2019-08-05 16:38:26','2019-08-05 16:38:26'),
	(28,'Windows 10 Professional (x64)',NULL,'Stiker windows  pro / pegado en equipo','VK7JG-NPHTM-C97JM-9MPGT-3V66T',13,2,'activo','no_legal',NULL,'2015-01-01','true',10,6,2,NULL,7,5,'2019-08-05 16:47:10','2019-08-05 16:47:10'),
	(29,'Office Hogar y pequea Empresa 2010',NULL,'Office Hogar y pequea Empresa 2010','J7GWT-C2GRP-XB2XHGXXKQ-VMV7T',7,2,'activo','no_legal',NULL,'2013-01-01','true',10,6,2,2,7,5,'2019-08-05 16:48:55','2019-09-19 16:19:34'),
	(30,'Windows 10 Professional (x64)',NULL,'Licencia de Fabrica','V6RG6-7XNBY-X6G43-CB26F-4X8VF',13,2,'activo','no_legal',NULL,'2019-01-01','true',10,7,2,NULL,8,7,'2019-08-05 16:51:43','2019-08-05 16:51:43'),
	(31,'Office Hogar y pequea Empresa 2010',NULL,'Office Hogar y pequea Empresa 2010','6JMG8-D46JV-CH4Q8-6TXX4-X2TVR',7,2,'activo','no_legal',NULL,'2019-01-01','true',10,7,2,NULL,8,7,'2019-08-05 16:53:34','2019-08-05 16:53:34'),
	(32,'Windows 10 Professional (x64)',NULL,'Licencia de Fabrica','VK7JG-NPHTM-C97JM-9MPGT-3V66T',13,2,'activo','no_legal',NULL,'2019-01-01','true',10,8,2,NULL,9,1,'2019-08-05 16:56:18','2019-08-05 16:56:18'),
	(33,'Office Professional 2013',NULL,'Office Professional 2013','KGKR6-7KNJH-RXHMB-W7CBD-M7RYY',7,2,'activo','no_legal',NULL,'2019-05-01','true',10,8,2,NULL,9,1,'2019-08-05 18:01:14','2019-08-05 18:01:14'),
	(34,'Laptop DELL Latitude E5450',NULL,'Laptop DELL Latitude E5450, 2,60 Ghz Intel Core i7-5600U, 4 GB RAM','7B4DM32',21,1,'activo','no_legal',NULL,'2019-01-01','true',10,22,3,NULL,28,NULL,'2019-08-05 18:20:16','2019-08-05 18:20:16'),
	(35,'DELL Optiplex 9020',NULL,'Desktop DELL OptiPlex 9020, 3,30 Ghz Intel Core i5-4590, 8GB RAM','6FFR052',2,1,'donado','legal',NULL,'2019-01-01','',8,25,3,4,32,NULL,'2019-08-05 18:23:41','2020-06-08 12:06:34'),
	(36,'Laptop DELL Latitude E5450',NULL,'Laptop DELL Latitude E5450, 2,60 Ghz Intel Core i7-5600U, 4 GB RAM','5Y8BM32',21,1,'activo','no_legal',NULL,'2019-01-01','true',10,22,3,NULL,29,NULL,'2019-08-05 18:25:41','2019-08-05 18:25:41'),
	(37,'DELL Optiplex 9020',NULL,'Desktop DELL OptiPlex 9020, 3,30 Ghz Intel Core i5-4590, 8GB RAM','31WVG42',2,1,'activo','no_legal',NULL,'2019-01-01','true',8,23,3,NULL,30,NULL,'2019-08-05 18:27:36','2019-08-05 18:27:36'),
	(38,'DELL PowerEdge T320',NULL,'SERVIDOR LOCAL, DELL PowerEdge T320, 1,80 Ghz Intel Xenon CPU E5-2403, 16 GB RAM','B937S22',1,1,'activo','no_legal',NULL,'2019-01-01','true',10,23,3,NULL,30,NULL,'2019-08-05 18:31:08','2019-08-05 18:31:08'),
	(39,'Windows 7 Professional (x64)',NULL,'Windows 7 Professional','J4KNV-XFJF2-2J7J8-Y3HX6-6F27P',13,2,'activo','no_legal',NULL,'2019-01-01','true',10,22,3,NULL,28,34,'2019-08-05 18:37:04','2019-08-05 18:37:04'),
	(40,'Office 2013 Home & Business',NULL,'Office 2013 Home & Business','0021-11196-54672-AA847',7,2,'activo','no_legal',NULL,'2019-01-01','true',10,22,3,NULL,28,34,'2019-08-05 18:38:31','2019-08-05 18:38:31'),
	(41,'Windows 7 Professional (x64)',NULL,'Windows 7 Professional','GN2K8-DX2G8- HD4QJ-PXXT8- D9KHP',13,2,'activo','no_legal',NULL,'2019-01-01','true',10,22,3,NULL,29,36,'2019-08-05 18:39:58','2019-08-05 19:29:24'),
	(42,'Office 2013 Home & Business',NULL,'Office 2013 Home & Business','6TNW2-YPHKW-XBJGR-TY36T-PDHD4',7,2,'activo','no_legal',NULL,'2019-01-01','true',10,22,3,NULL,29,36,'2019-08-05 18:41:02','2019-08-05 18:41:02'),
	(43,'Windows 7 Professional (x64)',NULL,'Windows 7 Professional','3YKD2-K9CTF-M3DJT-4J3WC-TMHWD',13,2,'activo','no_legal',NULL,'2019-01-01','true',10,23,3,NULL,30,37,'2019-08-05 18:42:26','2019-08-05 18:42:26'),
	(44,'Office 2013 Home & Business',NULL,'Office 2013 Home & Busines','6QNF9-PFGG4-P9QCW-269VX-7XJBF',7,2,'activo','no_legal',NULL,'2019-01-01','true',10,23,3,NULL,30,37,'2019-08-05 18:43:18','2019-08-05 18:43:18'),
	(45,'Windows 7 Professional (x64)',NULL,'Windows 7 Professional','32KD2-K9CTF-M3DJT-4J3WC-733WD',13,2,'activo','no_legal',NULL,'2019-01-01','true',10,25,3,NULL,32,35,'2019-08-05 19:32:12','2019-08-05 19:32:12'),
	(46,'Office 2013 Home & Business',NULL,'Office 2013 Home & Business','9GBKD-NRFWC-XDGJ9-3VFXQ-KKVGQ',7,2,'activo','no_legal',NULL,'2019-01-01','true',10,25,3,NULL,32,35,'2019-08-05 19:34:25','2019-08-05 19:34:25'),
	(47,'Windows Server 2012','FALTA INSTALAR ANTIVIRUS','Windows Server 2012','QFY4N-64BHP-RYRCT-RQDGQ-FM2P8',1,2,'activo','no_legal',NULL,'2019-01-01','true',10,23,3,NULL,30,38,'2019-08-05 19:35:58','2019-08-05 19:35:58'),
	(48,'DELL PowerEdge 2900','Ubicado en el Datacenter','DELL PowerEdge 2900, Windows Server 2008 R2 64-bit,  Intel Xenon E5420 @2.50GHz, 8GB Ram','6JMPGH1',1,1,'activo','no_legal',NULL,'2009-07-13','true',10,19,2,NULL,NULL,NULL,'2019-08-06 10:32:21','2019-08-06 10:32:21'),
	(49,'DELL PowerEdge 2900','--','Windows Server 2008 R2 Standard (x64) Service Pack 1 (build 7601) Install Language: English (United States), Installed: 3/22/2012 3:01:02 PM','55041-014-0223876-84274',1,2,'activo','no_legal',NULL,'2009-07-13','true',10,19,2,NULL,NULL,NULL,'2019-08-06 10:59:33','2019-08-06 10:59:33'),
	(50,'Desktop OptiPlex 990 01',NULL,'Desktop OptiPlex 990 01, 3.30 gigahertz Intel Core i3-2120, 4GB RAM','CN7360419701HW',2,1,'activo','legal',NULL,'2013-01-01','true',8,26,4,5,33,NULL,'2019-08-09 15:19:06','2019-08-27 11:59:19'),
	(51,'Desktop OptiPlex 390 01',NULL,'Desktop OptiPlex 390 01, 3.30 gigahertz Intel Core i3-2120, 4 GB Ram','CN7016325M01TA',2,1,'activo','legal',NULL,'2013-01-01','true',8,27,4,5,35,NULL,'2019-08-12 10:55:12','2019-08-27 11:59:47'),
	(52,'Windows 10 Professional (x64)',NULL,'Windows 10 Professional (x64)','VK7JG-NPHTM-C97JM-9MPGT-3V66L',13,2,'activo','legal',NULL,'2018-01-01','true',8,26,4,5,33,50,'2019-08-12 16:10:24','2019-08-26 15:38:36'),
	(53,'Hp Laserjet 1320N',NULL,'IMPRESORA HP LASERT JET 1320N','CNFC5530PX',3,1,'activo','legal',NULL,'2013-01-01','true',9,26,4,5,33,50,'2019-08-12 17:06:45','2019-08-27 12:00:26'),
	(54,'Desktop DELL OptiPlex 3020 01','tiene lento los procesos para subir win, sin uso por el momento','Desktop DELL OptiPlex 3020 01, 3.40 gigahertz Intel Core i3-4130, 4gb RAM,','CN70163451060V',2,1,'averiado','legal',NULL,'2014-01-01','true',8,37,4,NULL,58,NULL,'2019-08-13 10:51:49','2019-12-09 12:25:24'),
	(55,'Desktop DELL OptiPlex 7010 0',NULL,'Desktop DELL OptiPlex 7010 0, 3,20 gigahertz Intel Core i5-3470, 4gb RAM','CN7220036L027W',2,1,'averiado','legal',NULL,'2013-01-01','true',1,34,4,7,55,NULL,'2019-08-13 10:54:45','2019-09-27 09:51:43'),
	(56,'Monitor DELL 19\'',NULL,'DELL E1914H [Monitor] (18.5\"vis, s/n XX-0HDNH9-XXXXX-41F-CJHM','XX-0HDNH9-XXXXX-41F-CJHM',14,1,'activo','legal',NULL,'2014-01-01','true',8,37,4,5,58,54,'2019-08-13 11:01:57','2019-08-27 12:01:44'),
	(57,'Monitor DELL 19\'',NULL,'DELL E1912H [Monitor] (18,5\"vis, s/n XX-0R16JC-XXXXX-33U-DU5L','XX-0R16JC-XXXXX-33U-DU5L',14,1,'activo','legal',NULL,'2013-01-01','true',7,37,4,5,88,NULL,'2019-08-13 11:03:36','2019-09-27 09:40:55'),
	(58,'UPS OMEGA DV-650',NULL,'UPS OMEGA DV-650','111510303046',6,1,'activo','legal',NULL,'2017-01-01','true',8,34,4,7,55,62,'2019-08-13 11:17:50','2020-03-12 09:58:28'),
	(59,'UPS APC 550',NULL,'UPS APC 550','4B1405P25384',6,1,'activo','legal',NULL,'2017-01-01','true',8,37,4,5,58,NULL,'2019-08-13 11:26:51','2019-08-27 12:02:51'),
	(60,'Impresora RICOX MP 2501sp',NULL,'Impresora RICOX MP 2501sp, de uso Comn, pero se encuentra en su rea','E336M710106',3,1,'activo','legal',NULL,'2018-01-01','true',9,37,4,5,58,NULL,'2019-08-13 11:35:06','2019-08-27 12:03:22'),
	(61,'Desktop Dell OptiPlex 980',NULL,'Desktop Dell OptiPlex 980, 3.20 gigahertz Intel Core i3 550, 4GB RAM','CN7360412B006U',2,1,'activo','legal',NULL,'2011-01-01','true',7,34,4,11,45,NULL,'2019-08-13 14:02:10','2019-10-11 11:27:31'),
	(62,'Desktop Dell OptiPlex 9020 01',NULL,'Desktop Dell OptiPlex 9020 01, 3,30 gigahertz Intel Core i5-4590, 4GB RAM','CN7220051F02VN',2,1,'activo','legal',NULL,'2013-01-01','true',8,34,4,7,55,NULL,'2019-08-13 14:10:47','2020-03-12 09:52:08'),
	(63,'LaserJet PRO MFP M227fdw',NULL,'Impresora LaserJet PRO MFP M227fdw','VNB3C34813',3,1,'activo','legal',NULL,'2018-01-01','true',9,34,4,11,45,NULL,'2019-08-13 14:13:24','2019-10-14 14:17:29'),
	(64,'Label Avery Dennison Monarch',NULL,'Impresora Label Avery Dennison Monarch 9416xl no.T451811236','T451811236',3,1,'activo','legal',NULL,'2018-01-01','true',10,34,4,7,55,NULL,'2019-08-13 14:17:12','2020-03-12 09:34:33'),
	(65,'Lector de Barra e.sky',NULL,'Lector de Barra e.sky','350763',15,1,'activo','legal',NULL,'2018-01-01','true',9,34,4,7,55,62,'2019-08-13 14:19:12','2020-03-12 09:54:09'),
	(66,'UPS APC 550',NULL,'UPS APC 550','3B1041X44494',6,1,'activo','legal',NULL,'2018-01-01','true',9,37,4,5,88,99,'2019-08-13 14:30:07','2019-12-10 10:16:39'),
	(67,'Monitor DELL E2213 22\'',NULL,'Monitor DELL E2213 22\'','XX-0H9WTF-XXXXX3AU-0UKM',14,1,'activo','legal',NULL,'2018-01-01','true',9,34,4,7,55,62,'2019-08-13 14:35:17','2020-03-12 09:58:03'),
	(68,'Monitor HP LV2311 23.1\"',NULL,'Monitor HP LV2311 23.1\"','6CM2120F6P',14,1,'activo','legal',NULL,'2018-01-01','true',9,34,4,11,45,61,'2019-08-13 15:38:47','2019-10-11 11:27:56'),
	(69,'UPS APC 550',NULL,'UPS APC 550','4B1235P36273',6,1,'activo','legal',NULL,'2018-01-01','true',9,34,4,11,45,NULL,'2019-08-13 15:41:50','2019-10-11 11:28:22'),
	(70,'Desktop Dell OptiPlex 980',NULL,'Desktop Dell OptiPlex 980, 2.93 gigahercios Intel Core i7 870, 10gb RAM','CN7360413I0128',2,1,'activo','legal',NULL,'2011-01-01','true',8,34,4,5,90,NULL,'2019-08-13 15:50:41','2020-03-11 22:14:14'),
	(71,'Hp MFPM127fn',NULL,'Impresora Multinacional Hp MFPM127fn','Cnb9h6r7sw',3,1,'activo','legal',NULL,'2018-01-01','true',8,34,4,7,55,NULL,'2019-08-13 15:56:10','2020-03-11 22:15:39'),
	(72,'UPS APC 550',NULL,'UPS APC 550','4B1346P22370',6,1,'activo','legal',NULL,'2018-01-01','true',9,34,4,5,90,NULL,'2019-08-13 15:58:45','2020-03-11 22:19:16'),
	(73,'Monitor AOC 2769M, 27\"',NULL,'AOC 2769M, 27\"','ABGE89A002404',14,1,'activo','legal',NULL,'2018-01-01','true',10,34,4,5,90,70,'2019-08-13 16:02:07','2020-03-11 22:18:48'),
	(74,'Desktop Dell OptiPlex 9020 01',NULL,'Desktop Dell OptiPlex 9020 01, 3.20 gigahertz Intel Core i5-4570 , 8gb RAM','CN7220045401H7',2,1,'activo','legal',NULL,'2014-01-01','true',8,34,4,5,55,NULL,'2019-08-13 16:17:01','2019-08-27 12:14:43'),
	(75,'Monitor 24.0\" DELL P2417H',NULL,'Monitor 24.0\" DELL P2417H','XX-0KH0NGXXXXX-73U-0FNB',14,1,'activo','legal',NULL,'2018-01-01','true',9,34,4,5,55,74,'2019-08-13 16:20:50','2019-08-27 12:15:05'),
	(76,'Monitor 24.0\" DELL P2417H',NULL,'Monitor 24.0\" DELL P2417H','XX-0KH0NGXXXXX-6CA-4YPB',14,1,'activo','legal',NULL,'2018-01-01','true',9,34,4,5,55,74,'2019-08-13 16:23:49','2019-08-27 12:15:29'),
	(77,'Epsosn lx-3000+II',NULL,'Epsosn lx-3000+II para Cheques y facturas','NUGY155006',3,1,'activo','legal',NULL,'2017-01-01','true',10,34,4,5,55,74,'2019-08-13 16:27:50','2019-08-27 12:16:02'),
	(78,'IMPRESORA LASERJET PROM225DWHP','es de uso compartido','IMPRESORA LASERJET PROM225DWHP','CNB8H4XHNJ',3,1,'activo','legal',NULL,'2018-01-01','true',9,34,4,5,55,74,'2019-08-13 16:38:15','2019-08-27 12:16:22'),
	(79,'UPS APC 550',NULL,'UPS APC 550','4B1117P10668',6,1,'activo','legal',NULL,'2018-01-01','true',9,34,4,5,55,74,'2019-08-13 16:44:31','2019-09-02 11:13:55'),
	(80,'Desktop Dell OptiPlex 9010 01',NULL,'Desktop Dell OptiPlex 9010 01, 3.20 gigahertz Intel Core i5-3470 , 4GB RAM','CN7220034P01L5',2,1,'activo','legal',NULL,'2013-11-06','true',8,33,4,5,51,NULL,'2019-08-14 10:00:02','2019-08-27 12:17:11'),
	(81,'Monitor 17.2\" DELL E1709W',NULL,'Monitor 17.2\" DELL E1709W','XX-0N300H-XXXXX0AE-0H8L',14,1,'activo','legal',NULL,'2018-01-01','true',7,33,4,5,51,80,'2019-08-14 10:02:04','2019-08-27 12:17:31'),
	(82,'UPS APC 550',NULL,'UPS APC 550','4B1425P52615',6,1,'activo','legal',NULL,'2018-09-01','true',9,33,4,5,51,80,'2019-08-14 10:04:19','2019-08-27 12:17:58'),
	(83,'HP LaserJet P1606dn','de uso comn en el rea','HP LaserJet P1606dn','VND3F57657',3,1,'activo','legal',NULL,'2018-01-01','true',9,34,4,7,55,NULL,'2019-08-14 10:07:02','2020-03-12 09:37:56'),
	(84,'Apple iMac A1419 27\" Desktop','SE ENCUENTRA EN EL REA COMERCIAL SIN ASIGNACIN','Apple iMac A1419 27\" Desktop','C02KG08TDNCW',2,1,'activo','legal',NULL,'2014-01-01','true',9,33,4,5,NULL,NULL,'2019-08-14 10:18:30','2019-08-27 12:18:43'),
	(85,'Desktop Dell OptiPlex 9010 01',NULL,'Desktop Dell OptiPlex 9010 01, 3.20 gigahertz Intel Core i5-3470, 8GB RAM','CN7220031G0445',2,1,'activo','legal',NULL,'2013-01-01','true',8,33,4,5,52,NULL,'2019-08-14 10:22:22','2019-08-27 12:19:06'),
	(86,'Monitor18.5\" DELL E1912H',NULL,'Monitor18.5\" DELL E1912H','XX-046NYG-XXXXX22G-0MBS',14,1,'activo','legal',NULL,'2018-01-01','true',8,33,4,5,52,85,'2019-08-14 10:24:16','2019-08-27 12:19:54'),
	(87,'UPS APC 550',NULL,'UPS APC 550','4B1604P39971',6,1,'activo','legal',NULL,'2018-01-01','true',9,33,4,5,52,85,'2019-08-14 10:26:44','2019-08-27 12:20:23'),
	(88,'Desktop DELL OptiPlex 9020 01',NULL,'Desktop DELL OptiPlex 9020 0, 3.30 gigahertz Intel Core i5-4590 , 4GB RAM','CN7220058I00MA',2,1,'activo','legal',NULL,'2013-01-01','true',7,27,4,11,34,NULL,'2019-08-14 10:39:22','2019-10-11 11:31:38'),
	(89,'Monitor 18.5\" DELL E1916H',NULL,'Monitor 18.5\" DELL E1916H','XX-0XJ5TR-XXXXX689-AHPB',14,1,'activo','legal',NULL,'2018-01-01','true',8,27,4,11,34,88,'2019-08-14 11:04:27','2019-10-11 11:32:07'),
	(90,'UPS APC 550',NULL,'UPS APC 550','3B0921X04873',6,1,'activo','legal',NULL,'2018-01-01','true',9,27,4,11,34,88,'2019-08-14 11:11:22','2019-10-11 11:32:34'),
	(91,'Monitor 22.0\" DELL E2213',NULL,'Monitor 22.0\" DELL E2213','XX-0H9WTF-XXXXX36H-0BVM',14,1,'activo','legal',NULL,'2013-01-01','true',8,27,4,5,35,51,'2019-08-14 11:16:13','2019-08-27 12:24:47'),
	(92,'UPS Forza-NT5010',NULL,'Forza-NT5010','170512516256',6,1,'activo','legal',NULL,'2018-01-01','true',10,27,4,5,35,51,'2019-08-14 11:19:55','2019-08-27 12:25:14'),
	(93,'Desktop Dell OptiPlex 9010 01',NULL,'Desktop Dell OptiPlex 9010 01, 3.30 gigahertz Intel Core i3-3220, 4GB RAM','CN7220033F00IB',2,1,'activo','legal',NULL,'2013-01-01','true',8,27,4,5,37,NULL,'2019-08-14 11:25:31','2019-08-27 12:25:35'),
	(94,'Monitor 23.1\" DELL E2314H',NULL,'Monitor 23.1\" DELL E2314H','XX-0VYTW5XXXXX-44J-AM8S',14,1,'activo','legal',NULL,'2018-01-01','true',9,27,4,5,37,93,'2019-08-14 11:27:39','2019-08-27 12:26:32'),
	(95,'UPS APC 550',NULL,'UPS APC 550','4B1346P22367',6,1,'activo','legal',NULL,'2018-01-01','true',9,27,4,5,37,NULL,'2019-08-14 11:33:42','2019-08-27 12:27:41'),
	(96,'Desktop DELL OptiPlex 3020 01',NULL,'Desktop DELL OptiPlex 3020 01, 3.50 gigahertz Intel Core i3-4150 , 4GB RAM','CN701634BD01JI',2,1,'activo','legal',NULL,'2014-01-01','true',7,27,4,5,36,NULL,'2019-08-14 11:38:47','2019-08-27 12:27:58'),
	(97,'Monitor 18.5\" DELL E1910H',NULL,'Monitor 18.5\" DELL E1910H','XX-0D176P-XXXXX0CJ-0S5M',14,1,'activo','legal',NULL,'2018-01-01','true',6,34,4,7,55,NULL,'2019-08-14 11:40:45','2019-08-27 12:28:21'),
	(98,'UPS APC 550',NULL,'UPS APC 550','4B1134P20845',6,1,'activo','legal',NULL,'2018-01-01','true',9,27,4,5,36,NULL,'2019-08-14 11:42:47','2019-08-27 12:28:40'),
	(99,'Desktop DELL OptiPlex 7010 01',NULL,'Desktop DELL OptiPlex 7010 01 3,20 gigahertz Intel Core i5-3470, 4Gb','CN7220041800LP',2,1,'activo','legal',NULL,'2013-01-01','true',7,37,4,7,88,NULL,'2019-08-14 11:48:19','2019-09-27 09:36:32'),
	(100,'Monitor 21,7\" DELL E2216H',NULL,'Monitor 21,7\" DELL E2216H','XX-0JF44Y-XXXXX73O-DUGU',14,1,'activo','legal',NULL,'2017-01-01','true',9,27,4,5,36,NULL,'2019-08-14 11:51:20','2019-08-27 12:29:53'),
	(101,'HP LaserJet P1102w',NULL,'Impresora HP LaserJet P1102w','VND3W14571',3,1,'activo','legal',NULL,'2017-01-01','true',8,34,4,7,55,NULL,'2019-08-14 11:53:49','2020-03-12 09:35:41'),
	(102,'UPS CPD R-UPR 508',NULL,'UPS CPD R-UPR 508','170102-2915199',6,1,'activo','legal',NULL,'2017-01-01','true',8,34,4,7,55,NULL,'2019-08-14 11:58:47','2019-08-27 12:30:50'),
	(103,'Desktop DELL OptiPlex 7050',NULL,'Desktop DELL OptiPlex 7050, 3.60 gigahertz Intel Core i7-770, 16GB RAM','CNWS20078401TC',2,1,'activo','legal',NULL,'2018-01-01','true',9,29,4,5,39,NULL,'2019-08-14 12:14:33','2019-08-27 12:31:16'),
	(104,'HP Compaq 8200 Elite SFF PC','Esta dentro del Datacenter, teclado y mouse. Se utiliza para conectarse a Navisio del usuario de Erika','Desktop HP Compaq 8200 Elite, Windows 10 Professional (x64), 3.10 gigahertz Intel Core i5-2400, 16 GB Ram','MXL1182DGW - STLK582LT',2,1,'activo','no_legal',NULL,'2011-01-15','true',7,12,2,2,13,NULL,'2019-08-14 12:17:58','2019-09-19 13:16:44'),
	(105,'UPS Forza-NT5010',NULL,'Forza-NT5010','170512516254',6,1,'activo','legal',NULL,'2018-01-01','true',9,29,4,5,39,103,'2019-08-14 12:22:52','2019-08-27 12:31:47'),
	(106,'DELL Inspiron 1545','Equipo muy viejo sin uso','Laptop Dell Inspiron 1545','2BN89L1',21,1,'donado','no_legal',NULL,'2011-01-15','true',4,7,2,2,NULL,NULL,'2019-08-14 12:24:45','2019-09-19 13:17:26'),
	(107,'Monitor 21.7\" DELL E2216H',NULL,'Monitor 21.7\" DELL E2216H','XX-0JF44Y-XXXXX73O-APTU',14,1,'activo','legal',NULL,'2018-01-01','true',9,29,4,5,39,103,'2019-08-14 12:25:59','2019-08-27 12:32:18'),
	(108,'HP ProBook 450 G2','Equipo se usa cuando llega los auditores externos contables, funcionable','Laptop HP ProBook 450 G2, Windows 10 Professional (x64) , Intel Core i3-4005U 1.70 gigahertz, 4 GB Ram','CND5282Y4M - STL8E08UT',21,1,'activo','no_legal',NULL,'2015-01-15','true',10,7,2,2,NULL,NULL,'2019-08-14 12:28:31','2019-09-19 13:18:24'),
	(109,'Desktop DELL OptiPlex 7050',NULL,'Desktop DELL OptiPlex 7050, 3.60 gigahertz Intel Core i7-7700, 16gb RAM','CNWS200787026H',2,1,'activo','legal',NULL,'2017-01-01','true',9,29,4,5,43,NULL,'2019-08-14 12:30:07','2019-08-27 12:32:45'),
	(110,'DELL Inspiron N5010 A15','Equipo que tiene la pantalla con manchas, no esta asignada','Laptop Dell Inspiron N5010 A15, Windows 7 Professional (x64), Intel Core i3 M 380 2.53 gigahertz, 8 GB Ram','1KGRTP1',21,1,'donado','no_legal',NULL,'2012-01-15','true',4,19,2,2,NULL,NULL,'2019-08-14 12:32:22','2019-09-19 13:19:28'),
	(111,'UPS Forza-NT5010',NULL,'Forza-NT5010','170512516253',6,1,'activo','legal',NULL,'2018-01-01','true',4,29,4,5,43,109,'2019-08-14 12:33:02','2019-08-27 12:33:12'),
	(112,'Monitor 21.7\" DELL E2216H',NULL,'Monitor 21.7\" DELL E2216H','XX-0JF44Y-XXXXX73O-DUEU',14,1,'activo','legal',NULL,'2018-01-01','true',9,29,4,5,43,109,'2019-08-14 12:36:16','2019-08-27 12:33:36'),
	(113,'HP ProBook 450 G2','Equipo usado como backup','Laptop HP ProBook 450 G2, Windows 10 Professional (x64) , Intel Core i3-4005U 1.70 gigahertz, 4 GB Ram','CND5282Y36 - STL8E08UT',21,1,'activo','no_legal',NULL,'2015-01-15','true',10,17,2,2,NULL,NULL,'2019-08-14 12:36:47','2019-09-19 13:20:47'),
	(114,'HP 250 G4 Notebook PC','Equipo que tiene la pantalla con manchas, no esta asignada','Laptop HP 250 G4 Notebook PC, Windows 10 Professional (x64), Intel Core i3-4005U 1.70 gigahertz, 4 GB Ram','CND5414Q90',21,1,'donado','no_legal',NULL,'2015-01-15','true',10,4,2,NULL,NULL,NULL,'2019-08-14 12:39:14','2019-09-02 12:26:54'),
	(115,'Desktop DELL OptiPlex 7050',NULL,'Desktop DELL OptiPlex 7050,3.40 gigahertz Intel Core i7-6700, 8gb RAM','CNFCW0074L0094',2,1,'activo','legal',NULL,'2017-01-01','true',9,34,4,7,55,NULL,'2019-08-14 12:39:54','2020-03-11 22:24:56'),
	(116,'Monitor 27.2\" Dell SE2717H/HX',NULL,'Monitor 27.2\" Dell SE2717H/HX','XX-0RVJXCXXXXX-6A5-196B',14,1,'activo','legal',NULL,'2018-01-01','true',9,36,4,5,42,147,'2019-08-14 12:41:44','2020-03-03 14:35:07'),
	(117,'DELL OptiPlex 390 01','Equipo sin uso, no asignado','Desktop DELL OptiPlex 390 01, Windows 10 Professional (x64), 3.30 gigahertz Intel Core i3-2120,  4GB Ram','2MPYJS1 - ST2MPYJS1',2,1,'activo','no_legal',NULL,'2013-01-15','true',5,6,2,2,NULL,NULL,'2019-08-14 12:42:44','2019-09-19 13:22:22'),
	(118,'DELL OptiPlex 990 01','Equipo sin uso, no asignado','Desktop DELL OptiPlex 990 01, Windows 10 Professional (x64), Intel Core i3-2100 3.10 gigahertz,  4GB Ram','5LNKXQ1 - ST5LNMXQ1',2,1,'activo','no_legal',NULL,'2012-01-15','true',5,4,2,2,NULL,NULL,'2019-08-14 12:47:33','2019-09-19 13:23:22'),
	(119,'UPS CPD R-UPR 508',NULL,'UPS CPD R-UPR 508','170102-2915114',6,1,'activo','legal',NULL,'2018-01-01','true',8,34,4,7,55,115,'2019-08-14 12:51:16','2020-03-11 22:28:19'),
	(120,'Desktop DELL OptiPlex 7010 01',NULL,'Desktop DELL OptiPlex 7010 01, 3,20 gigahertz Intel Core i5-3470, 4gb RAM','CN7220041C01X2',2,1,'activo','legal',NULL,'2013-01-01','true',9,29,4,5,38,NULL,'2019-08-14 12:54:23','2019-08-27 12:35:19'),
	(121,'Monitor 26,5\" AOC 2752',NULL,'Monitor 26,5\" AOC 2752','EJPC5JA000403',14,1,'activo','legal',NULL,'2018-01-01','true',9,29,4,5,38,120,'2019-08-14 12:55:58','2019-08-27 12:35:43'),
	(122,'UPS APC 550',NULL,'UPS APC 550','4B1604P40011',6,1,'activo','legal',NULL,'2018-01-01','true',8,29,4,5,38,120,'2019-08-14 12:58:05','2019-08-27 12:36:05'),
	(123,'Desktop Dell Optiplex 3020',NULL,'Desktop Dell Optiplex 3020, 3.40 gigahertz Intel Core i3-4130 , 4GB RAM','CN7016345100B6',2,1,'activo','legal',NULL,'2014-01-01','true',8,31,4,5,49,NULL,'2019-08-14 14:48:11','2019-08-27 12:36:30'),
	(124,'Laptop Dell Inspiron 15-3567','EQUIPO UTILIZADO PARA REALIZAR LABORES FUERA (Movil)','Laptop Dell Inspiron 15-3567, 2.40 gigahertz Intel Core i3-7100U, 6gb RAM','CNWSC0076B00IY',21,1,'activo','legal',NULL,'2018-01-01','true',9,31,4,5,49,NULL,'2019-08-14 14:56:59','2019-08-27 12:36:51'),
	(125,'Desktop Dell OptiPlex 980',NULL,'Desktop Dell OptiPlex 980, 3.20 gigahertz Intel Core i3 550 , 4GB RAM','CN736040CM01I1',2,1,'activo','legal',NULL,'2010-01-01','true',7,31,4,5,49,NULL,'2019-08-14 14:59:44','2019-08-27 12:37:19'),
	(126,'Monitor 24.0\" DELL P2414H',NULL,'Monitor 24.0\" DELL P2414H','XX-0524N3-XXXXX465-7DNL',14,1,'activo','legal',NULL,'2018-01-01','true',9,31,4,5,49,125,'2019-08-14 15:02:27','2019-08-27 12:37:40'),
	(127,'USP APC 550',NULL,'USP APC 550','4B1223P63321',2,1,'activo','legal',NULL,'2018-01-01','true',9,31,4,5,49,125,'2019-08-14 15:08:04','2019-08-27 12:38:59'),
	(128,'HP LaserJet P1606dn,','Uso Comn','Impresora HP LaserJet P1606dn,','VND3G12695',3,1,'activo','legal',NULL,'2018-01-01','true',8,34,4,7,55,NULL,'2019-08-14 15:10:00','2020-03-12 09:40:31'),
	(129,'Desktop MS-7816',NULL,'Desktop MS-7816 Clon, 3.10 gigahertz Intel Core i5-4440, 8gb RAM','B85-G43',2,1,'activo','legal',NULL,'2014-01-01','true',8,31,4,5,50,NULL,'2019-08-14 16:20:43','2019-08-27 12:40:30'),
	(130,'UPS Forza-NT5010',NULL,'Forza-NT5010','4116802325',6,1,'activo','legal',NULL,'2018-01-01','true',9,31,4,5,50,129,'2019-08-14 16:51:14','2019-08-27 12:49:56'),
	(131,'Dell Latitude Inspiron 15-3567',NULL,'Dell Latitude Inspiron 15-3567, 2.40 gigahertz Intel Core i3-7100U, 6gb RAM','CNWSC0076500WQ',2,1,'activo','legal',NULL,'2019-01-17','true',10,27,4,11,60,NULL,'2019-08-15 10:04:02','2019-10-11 11:24:49'),
	(132,'UPS APC 550',NULL,'UPS APC 550','4B1235P40912',6,1,'activo','legal',NULL,'2018-01-01','true',9,34,4,7,55,136,'2019-08-15 10:07:09','2020-03-12 10:11:29'),
	(133,'Monitor 23.1\" HP LV2311',NULL,'Monitor 23.1\" HP LV2311','6CM2120FJ2',14,1,'activo','legal',NULL,'2018-01-01','true',9,31,4,5,50,129,'2019-08-15 10:16:47','2019-08-27 12:51:03'),
	(134,'UPS APC 550',NULL,'UPS APC 550','4B1326P42369',6,1,'activo','legal',NULL,'2018-01-01','true',9,31,4,5,50,129,'2019-08-15 10:40:40','2019-08-27 12:51:27'),
	(135,'Monitor DELL 19\'\'',NULL,'Monitor DELL 19\'\'','CN-0X6M0J-72872-2BM-CYFM',14,1,'activo','legal',NULL,'2018-01-01','true',7,31,4,5,50,129,'2019-08-15 10:44:26','2019-08-27 12:51:52'),
	(136,'Desktop Dell OptiPlex 980',NULL,'Desktop Dell OptiPlex 980, 3.20 gigahertz Intel Core i3 550 , 4GB RAM','CN7360413I0348',2,1,'activo','legal',NULL,'2011-01-01','true',8,34,4,7,55,NULL,'2019-08-15 10:58:08','2020-03-12 10:09:40'),
	(137,'Monitor 18.5\" DELL E1912H',NULL,'Monitor 18.5\" DELL E1912H','XX-046NYG-XXXXX22G-0MCS',14,1,'activo','legal',NULL,'2018-01-01','true',7,34,4,7,55,136,'2019-08-15 10:59:41','2020-03-12 10:10:45'),
	(138,'UPS APC 550',NULL,'UPS APC 550','4B1524P26732',6,1,'activo','legal',NULL,'2018-01-01','true',9,34,4,7,55,136,'2019-08-15 11:01:38','2020-03-12 10:12:14'),
	(139,'Desktop DELL OptiPlex 7050',NULL,'Desktop DELL OptiPlex 7050, 3.20 gigahertz Intel Core i5-6500, 8 GB RAM','CNFCW0074702DM',2,1,'activo','legal',NULL,'2017-01-01','true',10,35,4,5,56,NULL,'2019-08-15 11:11:38','2019-08-27 13:09:39'),
	(140,'LaserJet PRO M225DW',NULL,'IMPRESORA LaserJet PRO M225DW','CNB8H1MBK4',3,1,'activo','legal',NULL,'2018-01-01','true',9,34,4,7,55,NULL,'2019-08-15 11:20:33','2020-03-12 09:44:09'),
	(141,'Monitor 26.5\" AOC 2752',NULL,'Monitor 26.5\" AOC 2752','EJPC5JA000402',14,1,'activo','legal',NULL,'2018-01-01','true',9,35,4,5,56,139,'2019-08-15 11:23:33','2019-08-27 13:10:32'),
	(142,'UPS Forza-NT5010',NULL,'Forza-NT5010','171212512942',6,1,'activo','legal',NULL,'2018-01-01','true',9,35,4,5,56,139,'2019-08-15 11:26:19','2019-08-27 13:13:34'),
	(143,'Desktop DELLOptiPlex 9020 01',NULL,'Desktop DELLOptiPlex 9020 01, 3.20 gigahertz Intel Core i5-4570, 4GB RAM','CN7220045403X4',2,1,'activo','legal',NULL,'2014-01-01','true',6,36,4,5,41,NULL,'2019-08-15 11:40:27','2019-08-27 13:13:59'),
	(144,'Monitor 22 .0\" DELL E2210',NULL,'Monitor 22 .0\" DELL E2210','XX-0D3J3C-XXXXX-215-02PS',14,1,'activo','legal',NULL,'2018-01-01','true',9,36,4,5,41,143,'2019-08-15 11:43:56','2019-08-27 13:15:31'),
	(145,'UPS APC 550',NULL,'UPS APC 550','4B1330P06888',6,1,'activo','legal',NULL,'2018-01-01','true',9,36,4,5,41,143,'2019-08-15 11:48:09','2019-08-27 13:18:06'),
	(146,'HP Laserjet PRO MFP M130fw',NULL,'Impresora HP Laserjet PRO MFP M130fw','VND3D47116',3,1,'activo','legal',NULL,'2018-01-01','true',8,36,4,5,41,143,'2019-08-15 12:01:18','2019-08-27 13:19:43'),
	(147,'Desktop Dell OptiPlex 7050',NULL,'Desktop Dell OptiPlex 7050, 3.60 gigahertz Intel Core i7-7700, 16gb RAM','CNWS20078401U1',2,1,'activo','legal',NULL,'2017-01-01','true',10,36,4,5,42,NULL,'2019-08-15 12:10:51','2019-08-27 13:21:00'),
	(148,'Monitor 22.0\" DELL E2213',NULL,'Monitor 22.0\" DELL E2213','XX-0H9WTF-XXXXX36H-0B0M',14,1,'activo','legal',NULL,'2018-01-01','true',9,34,4,7,55,115,'2019-08-15 12:14:13','2020-03-11 22:27:36'),
	(149,'HP Laserjet Pro 400 Color',NULL,'HP Laserjet Pro 400 Color','CNDF600313',3,1,'activo','legal',NULL,'2018-01-01','true',9,36,4,5,42,147,'2019-08-15 12:17:59','2019-08-27 13:25:19'),
	(150,'UPS APC 550',NULL,'UPS APC 550','4B1604P27840',6,1,'activo','legal',NULL,'2018-01-01','true',9,36,4,5,42,147,'2019-08-15 12:20:18','2019-08-27 13:25:46'),
	(151,'Desktop DELL OptiPlex 980',NULL,'Desktop DELL OptiPlex 980, 2,93 gigahertz Intel Core i3 530, 2GB RAM','CN7360406K00RN',2,1,'activo','legal',NULL,'2010-01-01','true',5,34,4,7,55,NULL,'2019-08-15 12:23:18','2020-03-11 22:53:31'),
	(152,'Monitor 18,5\'\' DELL E1916H',NULL,'Monitor 18,5\'\' DELL E1916H','XX-0XJ5TRXXXXX-689',14,1,'activo','legal',NULL,'2018-01-01','true',8,34,4,7,55,151,'2019-08-15 14:05:37','2020-03-12 09:18:21'),
	(153,'UPS APC 550',NULL,'UPS APC 550','4B1235P40856',6,1,'activo','legal',NULL,'2018-01-01','true',9,34,4,7,55,151,'2019-08-15 14:07:38','2020-03-12 09:20:15'),
	(154,'Desktop Dell OptiPlex 9010 01',NULL,'Desktop Dell OptiPlex 9010 01, 3,20 gigahertz Intel Core i5-3470, 4GB RAM','CN7220034P01K3',2,1,'activo','legal',NULL,'2013-01-01','true',7,34,4,7,55,NULL,'2019-08-15 14:13:06','2020-03-11 22:50:48'),
	(155,'Monitor 19\'\' DELL E1916H','ESTE MONITOR TIENE PROBLEMAS CON LA IMAGEN','Monitor 19\'\' DELL E1916H','CN-OX6MOJ-72872-17S-25FS',14,1,'activo','legal',NULL,'2018-01-01','true',4,34,4,7,55,151,'2019-08-15 14:16:38','2020-03-12 09:21:47'),
	(156,'Laptop Inspiron N5110',NULL,'Inspiron N5110, 2.20 gigahertz Intel Core i3-2330M, 4GB RAM','CN701661AQ00E7',21,1,'activo','legal',NULL,'2011-01-01','true',8,34,4,11,45,NULL,'2019-08-15 15:13:18','2019-10-14 10:12:05'),
	(157,'Dell PowerEdge T110 II',NULL,'Dell PowerEdge T110 II, 3.10 gigahertz Intel Xeon E3-1220 V2, 16 RAM,','CN708215AU6F97',1,1,'activo','legal',NULL,'2014-01-01','true',10,36,4,8,42,NULL,'2019-08-19 09:30:35','2019-08-27 14:26:14'),
	(158,'Monitor 18.5 DELL E1914H',NULL,'Monitor 18.5 DELL E1914H','XX-04FF47-XXXXX-3AJ-1LLB',14,1,'activo','legal',NULL,'2014-01-01','true',8,36,4,8,42,NULL,'2019-08-19 09:43:38','2019-08-27 14:26:51'),
	(159,'Windows Server 2008 R2 Standard (x64) Service Pack 1',NULL,'Windows Server 2008 R2 Standard (x64) Service Pack 1','ends with 7MHM8',13,2,'activo','legal',NULL,'2014-01-01','true',10,36,4,8,42,NULL,'2019-08-19 10:08:24','2019-08-27 14:27:51'),
	(160,'Linksys EA4500',NULL,'Linksys EA4500Smart Wifi','12A10601403297',11,1,'activo','legal',NULL,'2018-01-01','true',10,34,4,7,55,NULL,'2019-08-20 14:43:55','2020-03-12 09:30:01'),
	(161,'Linksys E900',NULL,'Linksys E900','12312C6A603354',11,1,'activo','legal',55,'2018-01-01','true',10,34,4,7,55,NULL,'2019-08-20 14:46:56','2020-03-12 09:29:23'),
	(162,'Linksys E900',NULL,'Linksys E900','12312C65614788',11,1,'activo','legal',NULL,'2018-01-01','true',10,34,4,7,55,NULL,'2019-08-20 14:50:17','2020-03-12 09:28:22'),
	(163,'HP LaserJet 1536dnf MFP','No recoge el papel para imprimir','HP LaserJet 1536dnf MFP','CNG8G77HKS',3,1,'averiado','legal',NULL,'2018-01-01','true',1,34,4,7,55,NULL,'2019-08-20 14:55:50','2019-08-27 14:31:07'),
	(164,'HP LaserJet P1606dn',NULL,'HP LaserJet P1606dn','VND3B26843',3,1,'activo','legal',NULL,'2018-01-01','true',8,34,4,7,55,NULL,'2019-08-20 15:04:00','2019-08-27 14:31:57'),
	(165,'HP LaserJet Pro 400 Color MFP',NULL,'HP LaserJet Pro 400 Color MFP','CND8F9HCY',3,1,'activo','legal',NULL,'2018-01-01','true',9,34,4,7,55,NULL,'2019-08-21 09:22:21','2019-08-27 14:33:16'),
	(166,'Desktop Dell OptiPlex 7060',NULL,'Desktop Dell OptiPlex 7060, 3.20 gigahertz Intel Core i7-8700, 16GB RAM','CNFCW008CR046R',2,1,'activo','legal',NULL,'2018-01-11','true',10,29,4,5,44,NULL,'2019-08-21 09:28:32','2019-08-27 14:33:51'),
	(167,'Monitor 21.7  DELL E2216H',NULL,'Monitor 21.7  DELL E2216H','XX-0JF44Y-XXXXX-8C3-DGHU',14,1,'activo','legal',NULL,'2018-01-01','true',10,29,4,5,44,166,'2019-08-21 09:31:49','2019-08-27 14:34:20'),
	(168,'UPS Forza-NT5010',NULL,'Forza-NT5010','181212511357',6,1,'activo','legal',NULL,'2019-08-01','true',10,29,4,5,44,166,'2019-08-21 09:34:31','2019-08-27 14:34:49'),
	(169,'Desktop Dell OTIPLEX 7010','No tiene ningun periferico (mouse, teclado, monitor)','Desktop Dell OTIPLEX 7010, 3.40 gigahertz Intel Core i3-3240, 2GB RAM','CN7220041907K3',2,1,'activo','legal',NULL,'2013-01-01','true',5,34,4,7,55,NULL,'2019-08-21 11:17:36','2019-08-27 14:36:02'),
	(170,'Dell LATITUDE 5480',NULL,'Laptop Dell LATITUDE 5480, 2.70 gigahertz Intel Core i5-7200U, 8gb RAM','CN1296384O0279',21,1,'activo','legal',NULL,'2018-01-01','true',10,34,4,7,55,NULL,'2019-08-21 11:40:40','2019-08-27 14:36:58'),
	(171,'Dell Inspiron 3558','NO TIENE CARGADOR','Laptop Dell Inspiron 3558, 2.20 gigahertz Intel Core i5-5200U, 8gb RAM','CNWSC0073G00ZH',21,1,'activo','legal',NULL,'2016-01-01','true',10,34,4,7,55,NULL,'2019-08-21 11:43:19','2019-08-27 14:37:27'),
	(172,'Laptop HP PAVILION 15',NULL,'Laptop HP PAVILION 15, 2.60 gigahertz Intel Core i7-4510U, 6gb RAM','PETAQ008J7HF5X',21,1,'activo','legal',NULL,'2014-01-01','true',8,34,4,7,55,NULL,'2019-08-21 11:47:41','2019-08-27 14:38:00'),
	(173,'Dell Ispirion 15 3421',NULL,'Laptop Dell Ispirion 15 342, 1.80 gigahertz Intel Core i5-3337U, 6gb RAM','CN7620635D001U',21,1,'activo','legal',NULL,'2012-01-01','true',8,34,4,7,55,NULL,'2019-08-21 11:51:08','2019-08-27 14:38:42'),
	(174,'Desktop Dell OTIPLEX 3010','NO TIENE MEMORIA RAM','Desktop Dell OTIPLEX 3010','9BF0SW1',2,1,'averiado','legal',NULL,'2016-01-01','true',1,34,4,7,55,NULL,'2019-08-21 12:01:07','2019-08-29 11:11:02'),
	(175,'Dell LATITUDE 3590',NULL,'Laptop Dell LATITUDE 3590, 2.70 gigahertz Intel Core i5-7200U, 8 GB RAM','CNCMC00863008B',21,1,'activo','legal',NULL,'2018-01-01','true',10,34,4,7,55,NULL,'2019-08-21 12:04:12','2019-08-27 14:40:49'),
	(176,'Dell LATITUDE 3590',NULL,'Laptop Dell LATITUDE 3590, 2.70 gigahertz Intel Core i5-7200U, 8gb RAM','4RYWKP2 -CNCMC008630052',21,1,'prestado','legal',NULL,'2019-01-01','true',10,34,4,11,45,NULL,'2019-08-21 12:06:11','2019-10-11 10:27:43'),
	(178,'Acer Aspire E5-575',NULL,'Laptop Acer Aspire E5-575, 2.40 gigahertz Intel Core i5-6200U, 6gb RAM','NXGE6AA0116160C0C67600',21,1,'prestado','legal',42,'2016-01-01','true',10,34,4,7,55,NULL,'2019-08-22 11:13:02','2019-09-02 17:03:07'),
	(179,'Cisco Meraki Firewell',NULL,'Cisco Meraki Firewell','Q2RN-BHR7-9S44',5,1,'activo','legal',NULL,'2018-01-01','true',10,36,4,8,42,NULL,'2019-08-22 14:20:44','2020-03-16 15:41:28'),
	(180,'Huawei HG8245H',NULL,'Modem Huawei HG8245H','485754432596F89B',2,1,'activo','legal',NULL,'2018-01-01','true',10,36,4,8,42,NULL,'2019-08-22 14:23:09','2019-08-27 14:47:27'),
	(181,'DVR @JHUA DHI-HCVR5116HS-S3',NULL,'DVR @JHUA DHI-HCVR5116HS-S3','3L03DC2PAPF117B',17,1,'activo','legal',NULL,'2018-01-01','true',10,36,4,8,42,NULL,'2019-08-22 14:26:21','2019-08-27 14:48:15'),
	(182,'UPS OMEGA ACE 1K, 1000VA 700W',NULL,'UPS OMEGA ACE 1K, 1000VA 700W','83111612100042',6,1,'activo','legal',NULL,'2018-01-01','true',10,36,4,8,42,157,'2019-08-22 15:15:03','2019-08-27 14:49:24'),
	(183,'Tp-Link TL-SF1005D',NULL,'Tp-Link TL-SF1005D','216C540004594',11,1,'activo','legal',NULL,'2018-01-01','true',10,37,4,5,58,NULL,'2019-08-22 15:30:07','2019-08-27 14:49:51'),
	(184,'Tp-Link TL-SF1005D',NULL,'Tp-Link TL-SF1005D','216C540004590',11,1,'activo','legal',NULL,'2018-01-01','true',10,34,4,7,55,NULL,'2019-08-22 15:34:57','2020-03-12 09:26:20'),
	(185,'Tp-Link TL-SF1005D',NULL,'Tp-Link TL-SF1005D','216C540004589',11,1,'activo','legal',NULL,'2018-01-01','true',10,34,4,7,55,NULL,'2019-08-22 15:43:51','2020-03-12 09:25:21'),
	(186,'Tenda S105 5-port',NULL,'Tenda S105 5-port 10/100Mbps Ethernet Switch','E096A015832000754',2,1,'activo','legal',55,'2018-01-01','true',10,34,4,7,55,NULL,'2019-08-22 16:07:58','2020-03-12 09:23:53'),
	(187,'OptiPlex 3010 01',NULL,'Desktop OptiPlex 3010 01, 3.30 gigahertz Intel Core i3-3220, 4Gb RAM','CN701632BT07ES',2,1,'activo','legal',NULL,'2012-01-01','true',8,34,4,7,55,NULL,'2019-08-23 13:51:01','2020-03-12 10:15:06'),
	(188,'Monitor 18.5\'\' DELL E1912H',NULL,'Monitor 18.5\'\' DELL E1912H','XX-0X6M0J-XXXXX-2BM-CE3M',14,1,'activo','legal',NULL,'2012-01-01','true',8,34,4,7,55,187,'2019-08-23 13:54:07','2020-03-12 10:16:03'),
	(189,'Impresora Hp LaserJet P1606dn',NULL,'Impresora Hp LaserJet P1606dn','VND3G05871',3,1,'activo','legal',NULL,'2018-01-01','true',9,34,4,7,55,NULL,'2019-08-23 13:56:27','2020-03-12 09:39:59'),
	(190,'Scanner Canon Lide 120',NULL,'Scanner Canon Lide 120','KJKX64232',19,1,'activo','legal',NULL,'2018-10-10','true',10,34,4,7,55,187,'2019-08-23 14:00:21','2020-03-12 10:16:45'),
	(191,'UPS APC 550','NECESITA UN REEMPLAZO DE BATERA','UPS APC 550','4B1246P20262',6,1,'averiado','legal',NULL,'2018-01-01','true',2,38,4,6,48,NULL,'2019-08-23 14:04:05','2019-08-27 14:56:54'),
	(192,'UPS APC 550',NULL,'UPS APC 550','4B1524P26701',6,1,'activo','legal',NULL,'2018-01-01','true',10,34,4,7,55,NULL,'2019-08-23 14:09:28','2020-03-12 10:22:00'),
	(193,'UPS APC 550',NULL,'UPS APC 550','4B1524P2668XX',6,1,'activo','legal',NULL,'2018-01-01','true',10,34,4,7,55,187,'2019-08-23 14:12:05','2020-03-12 10:22:31'),
	(194,'UPS APC 550',NULL,'UPS APC 550','4B1202P24726',6,1,'averiado','legal',NULL,'2018-01-01','true',1,38,4,6,48,NULL,'2019-08-23 14:15:08','2019-08-27 14:58:43'),
	(195,'DVR @JhUA DHI-XVR5116HS','NO ESTA FUNCIONANDO TIENE UN PITIDO INTERMITENTE','DVR @JhUA DHI-XVR5116HS','3D0494PAPM0735',17,1,'averiado','no_legal',NULL,'2018-01-01','true',1,38,4,6,48,NULL,'2019-08-23 14:19:08','2019-08-27 14:59:40'),
	(196,'Modem ZTE ZXHN H108N',NULL,'Modem ZTE ZXHN H108N','ZTEERTMHAV12848',12,1,'activo','legal',NULL,'2018-01-01','true',10,38,4,6,48,NULL,'2019-08-23 14:27:17','2019-08-27 15:00:33'),
	(197,'Desktop Optiplex 980',NULL,'Desktop Optiplex 980','88YSDP1',2,1,'activo','legal',NULL,'2012-01-01','true',10,34,4,7,55,NULL,'2019-08-23 14:31:44','2020-03-12 11:37:43'),
	(198,'Seagate Backup Plus SRD00F1',NULL,'Seagate Backup Plus SRD00F1 Portable Driver 1TB','NA7RFZZ7',20,1,'activo','legal',NULL,'2018-01-01','true',10,38,4,6,48,187,'2019-08-23 14:35:45','2019-08-27 15:02:32'),
	(199,'Windows 10 Professional (x64)',NULL,'Licencia de Fabrica','FNGFK-QJRMG-PF2GF-BVQTB-8FFYC',13,2,'activo','no_legal',NULL,'2015-01-15','true',10,17,2,2,25,24,'2019-08-26 11:35:53','2019-08-26 11:35:53'),
	(200,'Windows 10 Professional (x64)',NULL,'Windows 10 Professional (x64) Version 1803','61- VK7JG-NPHTM-C97JM-9MPGT-3V66T',13,2,'activo','legal',NULL,'2018-01-01','true',10,34,4,11,45,61,'2019-08-26 15:46:08','2019-10-11 11:26:35'),
	(201,'Windows 7 Professional (x64)',NULL,'Windows 7 Professional (x64) Service Pack 1','FJ82H-XT6CR-J8D7P-XQJJ2-GPDD4',13,2,'activo','legal',NULL,'2018-01-01','true',10,34,4,5,90,70,'2019-08-26 15:48:36','2020-03-11 22:19:56'),
	(202,'Windows 10 Professional (x64)',NULL,'Windows 10 Professional (x64)','62-VK7JG-NPHTM-C97JM-9MPGT-3V66T',13,2,'activo','legal',NULL,'2018-01-01','true',10,34,4,7,55,62,'2019-08-26 15:50:58','2020-03-12 10:00:03'),
	(203,'Windows 10 Professional (x64)',NULL,'Windows 10 Professional (x64)','74-VK7JG-NPHTM-C97JM-9MPGT3V66T',13,2,'activo','legal',NULL,'2018-01-01','true',9,34,4,5,55,74,'2019-08-26 15:54:39','2019-08-26 15:54:39'),
	(204,'Windows 10 Professional (x64)',NULL,'Windows 10 Professional (x64) Version 1803','54-VK7JG-NPHTM-C97JM-9MPGT-3V66T',13,2,'activo','legal',NULL,'2018-01-01','true',9,37,4,5,58,54,'2019-08-26 16:00:12','2019-08-26 16:00:12'),
	(205,'Windows 10 Professional (x64)',NULL,'Windows 10 Professional (x64)','55-VK7JG-NPHTM-C97JM-9MPGT-3V66T',13,2,'averiado','legal',NULL,'2018-10-10','true',1,34,4,7,55,55,'2019-08-26 16:02:22','2019-09-27 09:52:39'),
	(206,'Windows 10 Professional (x64)',NULL,'Windows 10 Professional (x64)','VVQMN-WF2P3-MG3PB-JKPT8-JFG6P',13,2,'activo','legal',NULL,'1901-01-01','true',10,29,4,5,44,166,'2019-08-26 16:03:57','2019-08-26 16:03:57'),
	(207,'Windows 10 Professional (x64)',NULL,'NO Esta activo Windows 10 Professional (x64)','00331-10000-00001-AA301',13,2,'activo','no_legal',NULL,'2018-01-01','true',6,34,4,7,55,115,'2019-08-26 16:07:21','2020-03-11 22:30:01'),
	(208,'Windows 10 Professional (x64)',NULL,'Windows 10 Professional (x64)','K4BN4-F4PMJ-HJ76P-FDVTV-B7V22',13,2,'activo','legal',NULL,'2018-01-01','true',9,29,4,5,43,109,'2019-08-26 16:09:26','2019-08-26 16:09:26'),
	(209,'Windows 10 Professional (x64)',NULL,'NO Esta activo Windows 10 Professional (x64)','00331-10000-00001-AA792',13,2,'activo','no_legal',NULL,'2018-01-01','true',5,29,4,5,39,103,'2019-08-26 16:13:44','2019-08-26 16:13:44'),
	(210,'Windows 10 Professional (x64)',NULL,'NO Esta activo Windows 10 Professional (x64)','00331-10000-00001-AA361',13,2,'activo','no_legal',NULL,'2018-01-01','true',5,29,4,5,38,120,'2019-08-26 16:15:50','2019-08-26 16:15:50'),
	(211,'Windows 8.1 Professional (x64)',NULL,'NO Esta activo Windows 8.1 Professional (x64','00261-50000-00000-AA525',13,2,'activo','no_legal',NULL,'2018-10-10','true',5,33,4,5,51,80,'2019-08-26 16:19:20','2019-08-26 16:19:20'),
	(212,'Windows 7 Professional (x64)',NULL,'NO Esta activo Windows 10 Professional (x64)','00371-868-0000007-85422',13,2,'activo','no_legal',NULL,'2018-10-10','true',5,33,4,5,52,85,'2019-08-26 16:22:04','2019-08-26 16:22:04'),
	(213,'Windows 8.1 Professional (x64)',NULL,'Windows 8.1 Professional (x64','3MNP7-YCFB8-2WC2J-3BMQHG6MD2',13,2,'activo','legal',NULL,'2018-01-01','true',8,27,4,11,34,88,'2019-08-26 16:24:10','2019-10-11 11:30:32'),
	(214,'Windows 7 Professional (x64)',NULL,'Windows 7 Professional Service Pack 1','FJ82H-XT6CR-J8D7P-XQJJ2-GPDD4',13,2,'activo','legal',NULL,'2018-01-01','true',8,27,4,5,36,96,'2019-08-26 16:25:55','2019-08-28 09:51:16'),
	(215,'Windows 10 Professional (x64)',NULL,'NO Esta activo Windows 10 Professional (x64)','93-VK7JG-NPHTM-C97JM-9MPGT3V66T',13,2,'activo','no_legal',NULL,'2018-01-01','true',5,27,4,5,37,93,'2019-08-26 16:31:58','2019-08-26 16:31:58'),
	(216,'Windows 10 Professional (x64)',NULL,'NO Esta activo Windows 10 Professional (x64)','51-VK7JG-NPHTM-C97JM-9MPGT-3V66T',13,2,'activo','no_legal',NULL,'2018-01-01','true',5,27,4,5,35,51,'2019-08-26 16:34:35','2019-08-26 16:34:35'),
	(217,'Windows 10 Home (x64)',NULL,'Windows 10 Home (x64) Version 1803','37GNV-YCQVD-38XP9-T848RFC2HD',13,2,'activo','legal',NULL,'2018-01-01','true',10,27,4,11,60,131,'2019-08-26 16:36:45','2019-10-11 11:23:45'),
	(218,'Windows 10 Professional (x64)',NULL,'Windows 10 Professional (x64)','123-VK7JG-NPHTM-C97JM-9MPGT-3V66',13,2,'activo','legal',NULL,'2018-01-01','true',7,31,4,5,49,123,'2019-08-26 16:39:06','2019-08-26 16:39:06'),
	(219,'Windows 10 Home (x64)',NULL,'Windows 10 Home (x64)','37GNV-YCQVD-38XP9-T848R-FC2HD',13,2,'activo','legal',NULL,'1910-01-01','true',10,31,4,5,49,124,'2019-08-26 16:40:16','2019-08-26 16:40:16'),
	(220,'Windows 10 Professional (x64)',NULL,'Windows 10 Professional (x64','QJNXR-YD97Q-K7WH4-RYWQ8-6MT6Y',13,2,'activo','legal',NULL,'2018-01-01','true',9,31,4,5,50,129,'2019-08-26 16:41:30','2019-08-26 16:41:30'),
	(221,'Windows 10 Professional (x64)',NULL,'Windows 10 Professional (x64)','32KD2-K9CTF-M3DJT-4J3WC733WD',13,2,'activo','legal',NULL,'2018-10-10','true',9,31,4,5,49,125,'2019-08-26 16:42:59','2019-08-26 16:42:59'),
	(222,'Windows 10 Professional (x64)',NULL,'NO Esta Activo Windows 10 Professional Version 1809','00331-10000-00001-AA429',13,2,'activo','no_legal',NULL,'2018-10-10','true',5,34,4,7,55,136,'2019-08-26 16:46:14','2020-03-12 10:12:55'),
	(223,'Windows 10 Professional (x64)',NULL,'Windows 10 Professional (x64)','96C7N-H26W3-QCPVR-2W7MQYBH22',13,2,'activo','legal',NULL,'2018-01-01','true',9,35,4,5,56,139,'2019-08-26 16:47:28','2019-08-26 16:47:28'),
	(224,'Windows 10 Professional (x64)',NULL,'Windows 10 Professional (x64)','N3TPG-WJBMC-BK79C-FC8T8XW3GP',13,2,'activo','legal',NULL,'2018-10-10','true',9,36,4,5,42,147,'2019-08-26 16:49:19','2019-08-26 16:49:19'),
	(225,'Windows 10 Professional (x64)',NULL,'Windows 10 Professional (x64)','143-VK7JG-NPHTM-C97JM-9MPGT-3V66T',13,2,'activo','legal',NULL,'2018-10-11','true',10,36,4,5,41,143,'2019-08-26 16:51:19','2019-08-26 16:51:19'),
	(226,'Windows 10 Professional (x64)',NULL,'NO Esta activo Windows 10 Professional','00331-10000-00001-AA602',13,2,'activo','no_legal',NULL,'2018-01-01','true',5,34,4,7,55,151,'2019-08-26 16:53:32','2020-03-12 09:19:05'),
	(227,'Windows 10 Professional (x64)',NULL,'Windows 10 Professional (x64)','W269N-WFGWX-YVC9B-4J6C9T83GX',13,2,'activo','legal',NULL,'2018-10-10','true',10,34,4,7,55,154,'2019-08-26 16:54:52','2020-03-12 09:19:43'),
	(228,'FortiClient',NULL,'Antivirus gratis','9-FCT8001600830139',16,2,'activo','legal',NULL,'2019-05-15','true',10,8,2,2,9,NULL,'2019-08-27 11:52:45','2019-08-27 11:52:45'),
	(229,'FortiClient',NULL,'Antivirus gratis','8- FCT8001600830139',16,2,'activo','legal',NULL,'2019-01-01','true',10,7,2,2,8,NULL,'2019-08-27 12:59:52','2019-08-27 12:59:52'),
	(230,'FortiClient',NULL,'Antivirus gratis','7- FCT8001600830139',16,2,'activo','legal',NULL,'2019-01-01','true',10,6,2,2,7,NULL,'2019-08-27 13:02:06','2019-08-27 13:02:06'),
	(231,'FortiClient',NULL,'Antivirus gratis','5- FCT8001600830139',16,2,'activo','legal',NULL,'2019-01-01','true',10,4,2,2,5,NULL,'2019-08-27 13:03:39','2019-08-27 13:03:39'),
	(232,'FortiClient',NULL,'Antivirus gratis','6- FCT8001600830139',16,2,'activo','legal',NULL,'2019-01-01','true',10,5,2,2,6,NULL,'2019-08-27 13:04:59','2019-08-27 13:04:59'),
	(233,'Windows 10 Professional (x64)',NULL,'Licencia de Fabrica','13-VK7JG-NPHTM-C97JM-9MPGT-3V66T',13,2,'activo','legal',NULL,'2018-01-01','true',10,12,2,3,13,NULL,'2019-08-27 13:08:09','2019-08-27 13:08:09'),
	(234,'Office Hogar y pequea Empresa 2010',NULL,'Caja con llave','13-P23BP-WH8WB-T6QG8-BR64M-KYF2C',7,2,'activo','legal',NULL,'2019-01-01','true',10,12,2,3,13,NULL,'2019-08-27 13:13:05','2019-08-27 13:13:05'),
	(235,'Office Pyme 2007',NULL,'Caja con llave','13-W3MCD-CDDRX-DJVQ2-D77BW-RPPQ6',7,2,'activo','legal',NULL,'2010-01-01','true',5,12,2,2,13,NULL,'2019-08-27 13:17:08','2019-08-27 13:17:08'),
	(236,'Windows 7 Home Basic (x64)',NULL,'Windows 7 Home Basic (x64) Service Pack 1','36T88-RT7C6-R38TQ-RV8M9-WWTCY',13,2,'activo','legal',NULL,'2018-10-10','true',10,34,4,7,55,156,'2019-08-27 15:12:23','2019-08-27 15:12:23'),
	(237,'Windows 10 Professional (x64)',NULL,'Windows 10 Professional (x64','169-VK7JG-NPHTM-C97JM-9MPGT-3V66T',13,2,'activo','legal',NULL,'2018-01-01','true',5,34,4,7,55,169,'2019-08-27 15:21:30','2019-08-27 15:21:30'),
	(238,'Windows 10 Professional (x64)',NULL,'Windows 10 Professional (x64)','T3WX4-KNXFH-96WYM-F3TQC-D69TP',13,2,'activo','legal',NULL,'2018-01-01','true',9,34,4,7,55,170,'2019-08-27 15:23:03','2019-08-27 15:23:03'),
	(239,'Windows 10 Professional (x64)',NULL,'Windows 10 Professional (x64) Version 1803','00331-10000-00001-AA456',13,2,'activo','no_legal',NULL,'2018-01-01','true',5,34,4,7,55,171,'2019-08-27 15:25:52','2019-08-27 15:25:52'),
	(240,'Windows 10 Professional (x64)',NULL,'NO Esta activo Windows 10 Professional (x64)','00331-10000-00001-AA898',13,2,'activo','no_legal',NULL,'2018-01-01','true',5,34,4,7,55,172,'2019-08-27 15:30:35','2019-08-27 15:30:35'),
	(241,'Windows 10 Home (x64)',NULL,'Windows 10 Home Single Language (x64','BT79Q-G7N6G-PGBYW-4YWX6-6F4BT',13,2,'activo','legal',NULL,'2018-01-01','true',10,34,4,7,55,173,'2019-08-27 15:32:22','2019-08-27 15:32:22'),
	(242,'Windows 10 Professional (x64)',NULL,'Windows 10 Professional (x64)','NH9J4-FK9B8-QM2WR-V2HTF-F6YP2',13,2,'activo','legal',NULL,'2018-01-01','true',10,34,4,7,55,175,'2019-08-27 15:34:30','2019-08-27 15:34:30'),
	(243,'Windows 10 Professional (x64)',NULL,'Windows 10 Professional (x64)','BFBV9-NYPVD-3K286-W7RH8-7FR9C',13,2,'activo','legal',NULL,'2018-01-01','true',10,34,4,7,55,176,'2019-08-27 15:35:54','2019-08-27 15:35:54'),
	(244,'Windows 10 Professional (x64)',NULL,'NO Esta activo Windows 10 Professional 1803','00331-10000-00001-AA603',13,2,'activo','no_legal',NULL,'2018-01-01','true',5,37,4,5,88,99,'2019-08-27 15:39:09','2019-09-27 09:46:49'),
	(245,'Windows 10 Home (x64)',NULL,'Windows 10 Home (x64','178-37GNV-YCQVD-38XP9-T848R-FC2HD',13,2,'activo','legal',NULL,'2018-01-01','true',10,34,4,7,55,178,'2019-08-27 15:41:59','2019-08-27 15:41:59'),
	(246,'Windows 10 Professional (x64)',NULL,'Licencia de Fabrica','11-K2NBJ-W8YKY-DQ2G8-P2JQQ-RJRJ2',13,2,'activo','legal',NULL,'2017-01-15','true',10,11,2,2,11,16,'2019-08-28 09:24:15','2019-08-28 09:24:15'),
	(247,'Office Hogar y pequea Empresa 2010',NULL,'Caja con llave','11-TCQKK-M2YMK-RV722-43HDB-D4WBP',7,2,'activo','legal',NULL,'2010-01-01','true',10,11,2,2,11,16,'2019-08-28 09:27:19','2019-08-28 09:27:19'),
	(248,'FortiClient',NULL,'Antivirus gratis','11-FCT8001600830139',16,2,'activo','legal',NULL,'2019-01-15','true',10,11,2,2,11,NULL,'2019-08-28 09:35:58','2019-08-28 09:35:58'),
	(249,'Microsoft - Office Professional Plus 2013',NULL,'Sin Llave Microsoft - Office Professional Plus 2013','00216-40000-00000-AA293',7,2,'activo','no_legal',NULL,'2018-01-01','true',5,34,4,11,45,61,'2019-08-28 09:41:34','2019-10-11 11:27:01'),
	(250,'Windows 10 Professional (x64)',NULL,'Licencia de Fabrica','20-R3NK7-RXJ9R-GRX84-R6YW4-BY6GC',13,2,'activo','legal',NULL,'2017-01-15','true',10,18,2,2,20,15,'2019-08-28 09:42:31','2019-08-28 09:42:31'),
	(251,'Office Hogar y pequea Empresa 2010',NULL,'Caja con llave','20-9GDFK-F82RM-46MG6-YPPMX-CJ7FB',7,2,'activo','legal',NULL,'2010-01-15','true',10,18,2,2,20,15,'2019-08-28 09:44:19','2019-08-28 09:44:19'),
	(252,'Microsoft - Office Professional Plus 2013',NULL,'Microsoft - Office Professional Plus 2013','70-YC7DK-G2NP3-2QQC3-J6H88-GVGXT',7,2,'activo','legal',NULL,'2018-01-01','true',10,34,4,5,90,70,'2019-08-28 09:47:26','2020-03-11 22:18:07'),
	(253,'AutoCad TrueView',NULL,'Licencia gratis','Free',9,2,'activo','legal',NULL,'2019-01-15','true',10,18,2,2,20,NULL,'2019-08-28 09:51:37','2019-08-28 09:51:37'),
	(254,'pCon.Planner ME',NULL,'Gratis pero con registro','Registrada',9,2,'activo','legal',NULL,'2019-01-15','true',10,18,2,2,20,NULL,'2019-08-28 09:57:47','2019-08-28 09:57:47'),
	(255,'Microsoft - Office Professional Plus 2013',NULL,'Microsoft - Office Professional Plus 2013','62-YC7DK-G2NP3-2QQC3-J6H88-GVGXT',7,2,'activo','legal',NULL,'2018-01-01','true',10,34,4,7,55,62,'2019-08-28 09:59:26','2020-03-12 09:57:25'),
	(256,'FortiClient',NULL,'Licencia gratis','20-FCT8001600830139',16,2,'activo','legal',NULL,'2019-01-15','true',10,18,2,2,20,NULL,'2019-08-28 09:59:30','2019-08-28 09:59:30'),
	(257,'Microsoft - Office Profesional Plus 2019',NULL,'Sin Llave Microsoft - Office Professional Plus 2019','00414-50000-00000-AA151',7,2,'activo','no_legal',NULL,'2018-01-01','true',5,34,4,5,55,74,'2019-08-28 10:02:12','2019-08-28 10:02:12'),
	(258,'Windows 10 Professional (x64)',NULL,'Licencia de Fabrica','18-RV8DJ-QTN7H-MPJHR-G7D7Y-F9CTC',13,2,'activo','legal',NULL,'2017-01-15','true',10,18,2,2,18,12,'2019-08-28 10:03:45','2019-08-28 10:03:45'),
	(259,'Microsoft - Office Profesional Plus 2019',NULL,'Microsoft - Office Profesional Plus 2019','R3KC4-3WNMD-TC82R-CQQWH-WK7Q',7,2,'activo','legal',NULL,'2018-01-01','true',10,37,4,5,58,54,'2019-08-28 10:05:34','2019-08-28 10:05:34'),
	(260,'Office Hogar y pequea Empresa 2013',NULL,'Caja con llave','18-PXFWN-DV9WK-B47X6-VHV9G-PDHGQ',7,2,'activo','legal',NULL,'2013-01-15','true',10,18,2,2,18,12,'2019-08-28 10:06:34','2019-08-28 10:06:34'),
	(261,'pCon.Planner ME',NULL,'Gratis pero con registro','18-Registrada',9,2,'activo','legal',NULL,'2019-01-15','true',10,18,2,2,18,NULL,'2019-08-28 10:09:41','2019-08-28 10:09:41'),
	(262,'AutoCad TrueView',NULL,'Licencia gratis','18-Gratis',9,2,'activo','legal',NULL,'2019-01-15','true',10,18,2,2,18,NULL,'2019-08-28 10:11:31','2019-08-28 10:11:31'),
	(263,'AutoCad 2016',NULL,'Licencia digital','18-396-14923725 / 001H1',9,2,'activo','legal',NULL,'2017-01-15','true',10,18,2,2,18,NULL,'2019-08-28 10:13:46','2019-08-28 10:13:46'),
	(264,'FortiClient',NULL,'Licencia gratis','18- FCT8001600830139',16,2,'activo','legal',NULL,'2019-01-15','true',10,18,2,2,18,NULL,'2019-08-28 10:15:15','2019-08-28 10:15:15'),
	(265,'Windows 10 Professional (x64)',NULL,'Licencia de Fabrica','19-2XDP7-Q3NVY-K46J4-FVVBW-DGPTC',13,2,'activo','legal',NULL,'2017-01-15','true',10,18,2,2,19,13,'2019-08-28 10:17:55','2019-08-28 10:17:55'),
	(266,'Office Hogar y pequea Empresa 2010',NULL,'Caja con llave','19-KFBHK-HJ3WM-7HDB7-JK2X4-TF8PY',7,2,'activo','legal',NULL,'2010-01-15','true',10,18,2,2,19,NULL,'2019-08-28 10:19:29','2019-08-28 10:19:29'),
	(267,'AutoCad TrueView',NULL,'Licencia gratis','19-Gratis',9,2,'activo','legal',NULL,'2019-01-15','true',10,18,2,2,19,NULL,'2019-08-28 10:21:21','2019-08-28 10:21:21'),
	(268,'AutoCad 2016',NULL,'Licencia digital','19-397-47891721 / 001H1',9,2,'activo','legal',NULL,'2017-01-15','true',10,18,2,2,19,NULL,'2019-08-28 10:22:42','2019-08-28 10:22:42'),
	(269,'Windows 10 Professional (x64)',NULL,'Licencia de Fabrica','17-7JN7B-TM7W8-Y9RMW-YB6Y6-VCFJ2',13,2,'activo','legal',NULL,'2017-01-15','true',10,16,2,2,17,NULL,'2019-08-28 10:29:38','2019-08-28 10:29:38'),
	(270,'Office Hogar y pequea Empresa 2010',NULL,'Caja con llave','17-W2KK8-KQJVM-PV647-J8XDP-2GHK6',7,2,'activo','legal',NULL,'2010-01-15','true',10,16,2,2,17,NULL,'2019-08-28 10:33:28','2019-08-28 10:33:28'),
	(271,'Microsoft - Office Profesional Plus 2019',NULL,'Microsoft - Office Profesional Plus 2019','ends with 6MWKP',7,2,'averiado','legal',NULL,'2018-01-01','true',1,34,4,7,55,55,'2019-08-28 10:45:17','2019-09-27 09:53:51'),
	(272,'Microsoft - Office Enterprise 2007',NULL,'Microsoft - Office Enterprise 2007','VB48G-H6VK9-WJ93D-9R6RM-VP7GT',7,2,'activo','legal',NULL,'2018-01-01','true',10,29,4,5,44,166,'2019-08-28 10:49:54','2019-08-28 10:49:54'),
	(273,'Microsoft - Office Professional Plus 2013',NULL,'Sin Llave Microsoft - Office Professional Plus 2013','00216-40000-00000-AA952',7,2,'activo','no_legal',NULL,'2018-01-01','true',5,34,4,7,55,115,'2019-08-28 10:51:48','2020-03-11 22:26:55'),
	(274,'Microsoft - Office Professional Plus 2013',NULL,'Sin Llave Microsoft - Office Professional Plus 2013','00216-40000-00000-AA083',7,2,'activo','no_legal',NULL,'2018-01-01','true',5,29,4,5,43,109,'2019-08-28 10:54:00','2019-08-28 10:54:00'),
	(275,'Microsoft - Office Professional Plus 2013',NULL,'Sin Llave Microsoft - Office Professional Plus 2013','00216-40000-00000-AA605',7,2,'activo','no_legal',NULL,'2018-01-01','true',6,29,4,5,39,103,'2019-08-28 10:55:35','2019-08-28 10:55:35'),
	(276,'Microsoft - Office Professional Plus 2013',NULL,'Sin Llave Microsoft - Office Professional Plus 2013','00216-40000-00000-AA602',7,2,'activo','no_legal',NULL,'2018-01-01','true',5,29,4,5,38,120,'2019-08-28 10:57:09','2019-08-28 10:57:09'),
	(277,'Microsoft - Office Professional Plus 2013',NULL,'Sin Llave Microsoft - Office Professional Plus 2013','00216-40000-00000-AA188',7,2,'activo','no_legal',NULL,'2018-01-01','true',5,26,4,5,33,50,'2019-08-28 11:01:26','2019-08-28 11:01:26'),
	(278,'Microsoft - Office Professional Plus 2013',NULL,'Sin Llave Microsoft - Office Professional Plus 2013','00216-40000-00000-AA289',7,2,'activo','no_legal',NULL,'2018-10-10','true',5,33,4,5,51,80,'2019-08-28 11:03:55','2019-08-28 11:03:55'),
	(279,'AutoCad TrueView',NULL,'Licencia gratis','17-Gratis',9,2,'activo','legal',NULL,'2019-01-15','true',10,16,2,2,17,NULL,'2019-08-28 11:17:46','2019-08-28 11:17:46'),
	(280,'FortiClient',NULL,'Licencia gratis','17- FCT8001600830139',16,2,'activo','legal',NULL,'2019-01-15','true',10,16,2,2,17,NULL,'2019-08-28 11:19:19','2019-08-28 11:19:19'),
	(281,'Microsoft - Office Professional Plus 2013',NULL,'Sin Llave Microsoft - Office Professional Plus 2013','00216-40000-00000-AA763',7,2,'activo','no_legal',NULL,'2018-01-01','true',5,33,4,5,52,85,'2019-08-28 11:29:12','2019-08-28 11:29:12'),
	(282,'Microsoft - Office Professional Plus 2016',NULL,'Microsoft - Office Professional Plus 2016','XQNVK-8JYDB-WJ9W3-YJ8YR-WFG99',7,2,'activo','legal',NULL,'2018-01-01','true',9,27,4,11,34,88,'2019-08-28 11:32:13','2019-10-11 11:31:00'),
	(283,'Microsoft - Office Professional Plus 2013',NULL,'Microsoft - Office Professional Plus 2013','96-YC7DK-G2NP3-2QQC3-J6H88-GVGXT',7,2,'activo','legal',NULL,'2018-01-01','true',9,27,4,5,36,96,'2019-08-28 11:34:21','2019-08-28 11:34:21'),
	(284,'Microsoft - Office Professional Plus 2013',NULL,'Sin Llave Microsoft - Office Professional Plus 2013','00216-40000-00000-AA136',7,2,'activo','no_legal',NULL,'2018-01-01','true',5,27,4,5,37,93,'2019-08-28 11:35:48','2019-08-28 11:35:48'),
	(285,'Microsoft - Office Professional Plus 2013',NULL,'Sin Llave Microsoft - Office Professional Plus 2013','00216-40000-00000-AA363',7,2,'activo','no_legal',NULL,'2018-01-01','true',5,27,4,5,35,51,'2019-08-28 11:37:13','2019-08-28 11:37:13'),
	(286,'Microsoft - Office Professional Plus 2013',NULL,'Sin Llave Microsoft - Office Professional Plus 2013','00216-40000-00000-AA678',7,2,'activo','no_legal',NULL,'2018-01-01','true',5,27,4,11,60,131,'2019-08-28 11:40:02','2019-10-11 11:24:14'),
	(287,'Microsoft - Office Professional Plus 2013',NULL,'Sin Llave Microsoft - Office Professional Plus 2013','00216-40000-00000-AA837',7,2,'activo','no_legal',NULL,'2018-01-01','true',5,31,4,5,49,123,'2019-08-28 11:42:58','2019-08-28 11:42:58'),
	(288,'Microsoft - Office Professional Plus 2013',NULL,'Sin Llave Microsoft - Office Professional Plus 2013','00216-40000-00000-AA766',7,2,'activo','no_legal',NULL,'2018-01-01','true',5,31,4,5,49,124,'2019-08-28 11:44:59','2019-08-28 11:44:59'),
	(289,'Microsoft - Office Professional Plus 2013',NULL,'Sin Llave Microsoft - Office Professional Plus 2013','00216-40000-00000-AA640',7,2,'activo','no_legal',NULL,'2018-01-01','true',5,31,4,5,49,125,'2019-08-28 11:49:42','2019-08-28 11:49:42'),
	(290,'Office Hogar y pequea Empresa 2010',NULL,'Caja con llave','15-9GDFK-F82RM-46MG6-YPPMX-CJ7FB',7,2,'activo','legal',NULL,'2010-01-15','true',10,15,2,2,15,NULL,'2019-08-28 11:50:09','2019-08-28 11:50:09'),
	(291,'Windows 10 Professional (x64)',NULL,'Licencia de Fabrica','15-RNT3G-4RGRY-T4Q7H-RGT47-R9BD2',13,2,'activo','legal',NULL,'2015-01-15','true',10,15,2,2,15,NULL,'2019-08-28 11:51:36','2019-08-28 11:51:36'),
	(292,'Microsoft - Office Professional Plus 2013',NULL,'Sin Llave Microsoft - Office Professional Plus 2013','00216-40000-00000-AA102',7,2,'activo','no_legal',NULL,'2018-01-01','true',5,31,4,5,50,129,'2019-08-28 11:52:07','2019-08-28 11:52:07'),
	(293,'pCon.Planner ME',NULL,'Gratis pero con registro','15-Gratis',9,2,'activo','legal',NULL,'2019-01-15','true',10,15,2,2,15,NULL,'2019-08-28 11:52:54','2019-08-28 11:52:54'),
	(294,'AutoCad TrueView',NULL,'Licencia gratis','15-Free',9,2,'activo','legal',NULL,'2019-01-15','true',10,15,2,2,15,NULL,'2019-08-28 11:54:58','2019-08-28 11:54:58'),
	(295,'Microsoft - Office Professional Plus 2013',NULL,'Sin Llave Microsoft - Office Professional Plus 2013','00216-40000-00000-AA634',7,2,'activo','no_legal',NULL,'2018-01-01','true',6,34,4,7,55,136,'2019-08-28 11:55:14','2020-03-12 10:10:12'),
	(296,'Microsoft - Office Professional Plus 2016',NULL,'Sin Llave Microsoft - Office Professional Plus 2016','00339-10000-00000-AA780',7,2,'activo','no_legal',NULL,'2018-01-01','true',5,35,4,5,56,139,'2019-08-28 11:57:20','2019-08-28 11:57:20'),
	(297,'Microsoft - Office 365 ProPlus',NULL,'Microsoft - Office 365 ProPlus','ends with X4P22',7,2,'activo','legal',NULL,'2018-01-01','true',10,36,4,5,42,147,'2019-08-28 12:06:29','2019-08-28 12:06:29'),
	(298,'Microsoft - Office Professional Plus 2013',NULL,'Sin Llave Microsoft - Office Professional Plus 2013','00216-40000-00000-AA387',7,2,'activo','no_legal',NULL,'2018-01-01','true',5,34,4,7,55,178,'2019-08-28 12:12:59','2019-08-28 12:22:31'),
	(299,'Microsoft - Office Professional Plus 2013',NULL,'Sin Llave Microsoft - Office Professional Plus 2013','00216-40000-00000-AA649',7,2,'activo','no_legal',NULL,'2018-01-01','true',5,36,4,5,41,143,'2019-08-28 12:17:35','2019-08-28 12:17:35'),
	(300,'Microsoft - Office Professional Plus 2016',NULL,'Sin Llave Microsoft - Office Professional Plus 2016','00339-10000-00000-AA171',7,2,'activo','no_legal',NULL,'2018-01-01','true',5,36,4,5,41,143,'2019-08-28 12:18:59','2019-08-28 12:18:59'),
	(301,'Microsoft - Office Professional Plus 2013',NULL,'Sin Llave Microsoft - Office Professional Plus 2013','00216-40000-00000-AA372',7,2,'activo','no_legal',NULL,'2018-01-01','true',5,34,4,7,55,151,'2019-08-28 12:25:35','2020-03-11 22:54:31'),
	(302,'Microsoft - Office Professional Plus 2013',NULL,'Microsoft - Office Professional Plus 2013','151-YC7DK-G2NP3-2QQC3-J6H88-GVGXT',7,2,'activo','legal',NULL,'2018-01-01','true',5,34,4,7,55,151,'2019-08-28 12:34:59','2020-03-12 09:17:02'),
	(303,'Microsoft - Office Professional Plus 2010',NULL,'Sin Llave Microsoft - Office Professional Plus 2010','82503-018-0000106-48534',7,2,'activo','no_legal',NULL,'2018-01-01','true',5,34,4,7,55,156,'2019-08-28 12:39:00','2019-08-28 12:52:57'),
	(304,'Microsoft - Office 365 ProPlus',NULL,'Sin Llave Microsoft - Office 365 ProPlus','00202-52060-94170-AA245',7,2,'activo','no_legal',NULL,'2018-01-01','true',5,34,4,7,55,99,'2019-08-28 12:42:21','2019-08-28 12:53:24'),
	(305,'Microsoft - Office 365',NULL,'Sin Llave Microsoft - Office 365','00200-70000-00000-AA826',7,2,'activo','no_legal',NULL,'2018-01-01','true',5,34,4,7,55,170,'2019-08-28 12:47:05','2019-08-28 12:47:05'),
	(306,'Microsoft - Office Profesional Plus 2019',NULL,'Microsoft - Office Profesional Plus 2019','with 6MWKP',7,2,'activo','legal',NULL,'2018-01-01','true',8,34,4,7,55,170,'2019-08-28 12:50:28','2019-08-28 12:50:28'),
	(307,'Microsoft - Office Professional Plus 2013',NULL,'Sin Llave Microsoft - Office Professional Plus 2013','00216-40000-00000-AA33',7,2,'activo','no_legal',NULL,'2018-01-01','true',5,34,4,7,55,171,'2019-08-28 12:58:07','2019-08-28 12:58:07'),
	(308,'Microsoft - Office Professional Plus 2013',NULL,'Sin Llave Microsoft - Office Professional Plus 2013','00216-40000-00000-AA027',7,2,'activo','no_legal',NULL,'2018-01-01','true',5,34,4,7,55,172,'2019-08-28 13:01:08','2019-08-28 13:01:08'),
	(309,'Microsoft - Office Enterprise 2007',NULL,'Microsoft - Office Enterprise 2007','173-VB48G-H6VK9-WJ93D-9R6RM-VP7GT',7,2,'activo','legal',NULL,'2018-01-01','true',10,34,4,7,55,173,'2019-08-28 13:07:14','2019-08-28 13:07:14'),
	(310,'Microsoft - Office Professional Plus 2013',NULL,'Sin Llave Microsoft - Office Professional Plus 2013','00216-40000-00000-AA339',7,2,'activo','no_legal',NULL,'2018-01-01','true',5,34,4,7,55,175,'2019-08-28 14:04:20','2019-08-28 14:04:20'),
	(311,'Microsoft - Office Professional Plus 2013',NULL,'Sin Llave Microsoft - Office Professional Plus 2013','00216-40000-00000-AA586',7,2,'activo','no_legal',NULL,'2018-01-01','true',5,34,4,7,55,176,'2019-08-28 14:06:08','2019-08-28 14:06:08'),
	(312,'Microsoft - Office Professional Plus 2013',NULL,'Sin Llave Microsoft - Office Professional Plus 2013','00216-40000-00000-AA241',7,2,'activo','no_legal',NULL,'2018-01-01','true',5,37,4,5,88,99,'2019-08-28 14:10:58','2019-09-27 09:49:02'),
	(313,'Microsoft - Office Professional Plus 2013',NULL,'Sin Llave Microsoft - Office Professional Plus 2013','00216-40000-00000-AA302',7,2,'activo','no_legal',NULL,'2018-01-01','true',5,36,4,8,42,157,'2019-08-28 14:14:42','2019-08-28 14:14:42'),
	(314,'Microsoft - Office Professional Plus 2013',NULL,'Sin Llave Microsoft - Office Professional Plus 2013','00216-40000-00000-AA958',7,2,'activo','no_legal',NULL,'2018-01-01','true',5,34,4,7,55,187,'2019-08-28 14:17:07','2020-03-12 10:15:34'),
	(315,'QuickBooks Enterprise Solutions 2017',NULL,'QuickBooks Enterprise Solutions 2017','prior license',8,2,'activo','legal',NULL,'2017-01-01','true',10,36,4,8,42,157,'2019-08-28 14:30:18','2019-08-28 15:38:40'),
	(316,'Windows 10 Professional (x64)',NULL,'Licencia de Fabrica','24-VK7JG-NPHTM-C97JM-9MPGT-3V66T',13,2,'activo','legal',NULL,'2018-01-15','true',10,17,2,2,24,NULL,'2019-08-28 14:42:09','2019-08-28 14:42:09'),
	(317,'Office Hogar y pequea Empresa 2013',NULL,'Caja con llave','24-7HN6B-FVQ9Y-JRX3J-TKXJ2-CJ89D',7,2,'activo','legal',NULL,'2013-01-15','true',10,17,2,2,24,NULL,'2019-08-28 14:43:57','2019-08-28 14:43:57'),
	(318,'pCon.Planner ME',NULL,'Gratis pero con registro','24-Gratis',9,2,'activo','legal',NULL,'2019-01-15','true',10,17,2,2,24,NULL,'2019-08-28 14:45:18','2019-08-28 14:45:18'),
	(319,'AutoCad TrueView',NULL,'Licencia gratis','24-Free',9,2,'activo','legal',NULL,'2019-01-15','true',10,17,2,2,24,NULL,'2019-08-28 14:46:27','2019-08-28 14:46:27'),
	(320,'Navisio 5.0',NULL,'Licencia pagada','24-xxxx',8,2,'activo','legal',NULL,'2017-01-15','true',10,17,2,2,24,NULL,'2019-08-28 14:48:15','2019-08-28 14:48:15'),
	(321,'Windows 10 Professional (x64)',NULL,'Licencia de Fabrica','4-VK7JG-NPHTM-C97JM-9MPGT-3V66T',13,2,'activo','legal',NULL,'2018-01-15','true',10,17,2,2,4,NULL,'2019-08-28 14:50:20','2019-08-28 14:50:20'),
	(322,'Office Hogar y pequea Empresa 2010',NULL,'Caja con llave','4-TPYP4-4TR3F-FCFKF-DK8VM-HCJ64',7,2,'activo','legal',NULL,'2010-01-15','true',10,17,2,2,4,NULL,'2019-08-28 14:51:37','2019-08-28 14:51:37'),
	(323,'pCon.Planner ME',NULL,'Gratis pero con registro','4-Gratis',9,2,'activo','legal',NULL,'2019-01-15','true',10,17,2,2,4,NULL,'2019-08-28 14:53:31','2019-08-28 14:53:31'),
	(324,'AutoCad TrueView',NULL,'Licencia gratis','4-Free',9,2,'activo','legal',NULL,'2019-01-15','true',10,17,2,2,4,NULL,'2019-08-28 14:54:34','2019-08-28 14:54:34'),
	(325,'Navisio 5.0',NULL,'Licencia pagada','4-xx',8,2,'activo','legal',NULL,'2015-01-15','true',10,17,2,2,4,NULL,'2019-08-28 14:56:08','2019-08-28 14:56:08'),
	(326,'FortiClient',NULL,'Licencia gratis','4- FCT8001600830139',16,2,'activo','legal',NULL,'2019-01-15','true',10,17,2,2,4,NULL,'2019-08-28 14:57:43','2019-08-28 14:57:43'),
	(327,'Windows 10 Professional (x64)',NULL,'Licencia de Fabrica','23-VK7JG-NPHTM-C97JM-9MPGT-3V66T',13,2,'activo','legal',NULL,'2018-01-15','true',10,17,2,2,23,NULL,'2019-08-28 14:59:53','2019-08-28 14:59:53'),
	(328,'Office Hogar y pequea Empresa 2010',NULL,'Caja con llave','23-7JVGY-YT8PX-G4P9F-KDXMC-F736B',7,2,'activo','legal',NULL,'2010-01-15','true',10,17,2,2,23,NULL,'2019-08-28 15:01:20','2019-08-28 15:01:20'),
	(329,'pCon.Planner ME',NULL,'Gratis pero con registro','23-Gratis',9,2,'activo','legal',NULL,'2019-01-15','true',10,17,2,2,23,NULL,'2019-08-28 15:02:42','2019-08-28 15:02:42'),
	(330,'CET-Designer',NULL,'Licencia pagada, vence el 23 mayo 2020','19-Configura - Licencia Digital',9,2,'activo','legal',NULL,'2019-01-15','true',10,18,2,2,19,NULL,'2019-08-28 15:05:50','2019-08-28 15:05:50'),
	(331,'CET-Designer',NULL,'Licencia pagada, vence el 23 mayo 2020','18-Configura',9,2,'activo','legal',NULL,'2019-01-15','true',10,18,2,2,18,NULL,'2019-08-28 15:13:36','2019-08-28 15:13:36'),
	(332,'Navisio 5.0',NULL,'Licencia pagada','23-xx',8,2,'activo','legal',NULL,'2017-01-15','true',10,17,2,2,23,NULL,'2019-08-28 15:16:23','2019-08-28 15:16:23'),
	(333,'FortiClient',NULL,'Licencia gratis','23- FCT8001600830139',16,2,'activo','legal',NULL,'2019-01-15','true',10,17,2,2,23,NULL,'2019-08-28 15:17:45','2019-08-28 15:17:45'),
	(334,'Windows 10 Professional (x64)',NULL,'Licencia de Fabrica','22-VK7JG-NPHTM-C97JM-9MPGT-3V66T',13,2,'activo','legal',NULL,'2018-01-15','true',10,17,2,2,22,NULL,'2019-08-28 15:19:34','2019-08-28 15:19:34'),
	(335,'Office Hogar y pequea Empresa 2010',NULL,'Caja con llave','22-7WHF6-W9KM2-69RCD-2VTK3-CBQ3B',7,2,'activo','legal',NULL,'2010-01-15','true',10,17,2,2,22,NULL,'2019-08-28 15:21:01','2019-08-28 15:21:01'),
	(336,'pCon.Planner ME',NULL,'Gratis pero con registro','22-Gratis',9,2,'activo','legal',NULL,'2019-01-15','true',10,17,2,2,22,NULL,'2019-08-28 15:22:15','2019-08-28 15:22:15'),
	(337,'FortiClient',NULL,'Licencia gratis','22-Free',16,2,'activo','legal',NULL,'2019-01-15','true',10,17,2,2,22,NULL,'2019-08-28 15:23:50','2019-08-28 15:23:50'),
	(338,'Navisio 5.0',NULL,'Licencia pagada','22-xxx',8,2,'activo','legal',NULL,'2017-01-15','true',10,17,2,2,22,NULL,'2019-08-28 15:25:07','2019-08-28 15:25:07'),
	(339,'Office Hogar y pequea Empresa 2010',NULL,'Caja con llave','25-Q74KK-K6HW7-W69H9-GY2WR-VB77C',7,2,'activo','legal',NULL,'2010-01-15','true',10,17,2,2,25,NULL,'2019-08-28 15:30:28','2019-08-28 15:30:28'),
	(340,'Navisio 5.0',NULL,'Licencia pagada','25-xxx',8,2,'activo','legal',NULL,'2017-01-15','true',10,17,2,2,25,NULL,'2019-08-28 15:31:26','2019-08-28 15:31:26'),
	(341,'FortiClient',NULL,'Licencia gratis','25- FCT8001600830139',16,2,'activo','legal',NULL,'2019-01-15','true',10,17,2,2,25,NULL,'2019-08-28 15:33:22','2019-08-28 15:33:22'),
	(342,'pCon.Planner ME',NULL,'Gratis pero con registro','25-Gratis',9,2,'activo','legal',NULL,'2019-01-15','true',10,17,2,2,25,NULL,'2019-08-28 15:34:56','2019-08-28 15:34:56'),
	(343,'Windows 10 Professional (x64)',NULL,'Licencia de Fabrica','21-VK7JG-NPHTM-C97JM-9MPGT-3V66T',13,2,'activo','legal',NULL,'2019-05-15','true',10,17,2,2,21,NULL,'2019-08-28 15:37:35','2019-08-28 15:37:35'),
	(344,'Office Hogar y pequea Empresa 2010',NULL,'Caja con llave','21-2XGX3-B4P7Q-PHG4Q-7B83Q-6Y3VQ',7,2,'activo','legal',NULL,'2010-01-15','true',10,17,2,2,21,NULL,'2019-08-28 15:39:18','2019-08-28 15:39:18'),
	(345,'pCon.Planner ME',NULL,'Gratis pero con registro','21-Gratis',9,2,'activo','legal',NULL,'2019-01-15','true',10,17,2,2,21,NULL,'2019-08-28 15:40:48','2019-08-28 15:40:48'),
	(346,'FortiClient',NULL,'Licencia gratis','21- FCT8001600830139',16,2,'activo','legal',NULL,'2019-01-15','true',10,17,2,2,21,NULL,'2019-08-28 15:42:18','2019-08-28 15:42:18'),
	(347,'Kaspersky Lab - Kaspersky Anti-Virus 2013',NULL,'Kaspersky Lab - Kaspersky Anti-Virus 2013','12345-679-1111111-34378',16,2,'activo','no_legal',NULL,'2018-01-01','true',2,27,4,5,37,93,'2019-08-28 15:43:42','2019-08-28 15:43:42'),
	(348,'AutoCad TrueView',NULL,'Licencia gratis','21-Free',9,2,'activo','legal',NULL,'2019-01-15','true',10,17,2,2,21,NULL,'2019-08-28 15:44:10','2019-08-28 15:44:10'),
	(349,'Windows 10 Professional (x64)',NULL,'Licencia de Fabrica','16-V6RG6-7XNBY-X6G43-CB26F-4X8VF',13,2,'activo','legal',NULL,'2019-05-15','true',10,13,2,2,16,NULL,'2019-08-28 15:46:25','2019-08-28 15:46:25'),
	(350,'Office Hogar y pequea Empresa 2010',NULL,'Caja con llave','16-VQ8WB-VWCMX-JQF22-DCK3K-7CV6Q',7,2,'activo','legal',NULL,'2010-01-15','true',10,13,2,2,16,NULL,'2019-08-28 15:47:42','2019-08-28 15:47:42'),
	(351,'pCon.Planner ME',NULL,'Gratis pero con registro','16-Free',9,2,'activo','legal',NULL,'2019-01-15','true',10,13,2,2,16,NULL,'2019-08-28 15:49:06','2019-08-28 15:49:06'),
	(352,'AutoCad TrueView',NULL,'Licencia gratis','16-Gratis',9,2,'activo','legal',NULL,'2019-01-15','true',10,13,2,2,16,NULL,'2019-08-28 15:50:02','2019-08-28 15:50:02'),
	(353,'FortiClient',NULL,'Licencia gratis','16- FCT8001600830139',16,2,'activo','legal',NULL,'2019-01-15','true',10,13,2,2,16,NULL,'2019-08-28 15:52:06','2019-08-28 15:52:06'),
	(354,'Windows 10 Professional (x64)',NULL,'Licencia de Fabrica','10-H323Q-VGN89-QHMH8-68Q6X-FRFYC',13,2,'activo','legal',NULL,'2015-01-15','true',10,9,2,2,10,2,'2019-08-29 11:27:59','2019-08-29 11:27:59'),
	(355,'Office Hogar y pequea Empresa 2010',NULL,'Caja con llave','10-Q9T22-33BPR-WHQGB-62V2H-JG7Y4',7,2,'activo','legal',NULL,'2010-01-15','true',10,9,2,2,10,NULL,'2019-08-29 11:29:15','2019-08-29 11:29:15'),
	(356,'FortiClient',NULL,'Licencia gratis','10-FCT8001600830139',16,2,'activo','legal',NULL,'2019-01-15','true',10,9,2,2,10,NULL,'2019-08-29 11:31:16','2019-08-29 11:31:16'),
	(357,'Navisio 5.0',NULL,'Licencia pagada','10-xxx',8,2,'activo','legal',NULL,'2015-01-15','true',10,9,2,2,10,NULL,'2019-08-29 11:32:22','2019-08-29 11:32:22'),
	(358,'Windows 10 Professional (x64)',NULL,'Licencia de Fabrica','12-RPY48-HNPKG-7W3BM-HWKYG-MKMW2',13,2,'activo','legal',NULL,'2017-01-15','true',10,10,2,2,12,NULL,'2019-08-29 11:35:01','2019-08-29 11:35:01'),
	(359,'Office Hogar y pequea Empresa 2010',NULL,'Caja con llave','12-CQYKJ-VC4WY-W42V9-FJC7R-H7K8G',7,2,'activo','legal',NULL,'2010-01-15','true',10,10,2,2,12,NULL,'2019-08-29 11:36:28','2019-08-29 11:36:28'),
	(360,'Navisio 5.0',NULL,'Licencia pagada','12-xxx',8,2,'activo','legal',NULL,'2017-01-15','true',10,10,2,2,12,NULL,'2019-08-29 11:37:42','2019-08-29 11:37:42'),
	(361,'FortiClient',NULL,'Licencia gratis','12-Gratis',16,2,'activo','legal',NULL,'2019-01-15','true',10,10,2,2,12,NULL,'2019-08-29 11:39:37','2019-08-29 11:39:37'),
	(362,'Compaq ProLiant ML330',NULL,'Servidor que no funciona','6J27KH34K003',1,1,'averiado','legal',NULL,'2010-01-15','',10,19,2,2,NULL,NULL,'2019-08-29 15:44:22','2019-08-29 15:44:22'),
	(363,'Buffalo TeraStation TS3400D',NULL,'Modo RAID 5, capacidad 2.6 TB','40068050800030',20,1,'activo','legal',NULL,'2015-01-15','true',10,19,2,2,NULL,NULL,'2019-08-29 15:55:05','2019-08-29 15:55:05'),
	(364,'Western Digital, WD40000A4NC-00',NULL,'Terasmart de 2.6 TB','WU4N192900C0',20,1,'activo','legal',NULL,'2015-01-15','true',10,19,2,2,NULL,NULL,'2019-08-30 12:31:15','2019-08-30 12:31:15'),
	(365,'Cisco, SG200-50P 50 Port',NULL,'Switch de 50 Port ubicado en el DataCenter','DNI2126344Q',4,1,'activo','legal',NULL,'2017-01-15','true',10,19,2,2,NULL,NULL,'2019-08-30 14:09:04','2019-08-30 14:09:04'),
	(366,'LG-Ericsson, Advanced Smart 24 Port GE POE',NULL,'Switch de 24 Port ubicado en el DataCenter','ES-2024GP',4,1,'activo','legal',NULL,'2017-01-15','true',10,19,2,2,NULL,NULL,'2019-08-30 14:10:55','2019-08-30 14:10:55'),
	(367,'Peplink Balance, BPL-021',NULL,'Balanceador de carga de red','1925-6D69-DD74',4,1,'activo','legal',NULL,'2017-01-15','true',10,19,2,2,NULL,NULL,'2019-08-30 14:34:12','2019-08-30 14:34:12'),
	(368,'Tp-link, AD7200',NULL,'Router Wifi Multi Band, ubicado en finanzas','2173775000385',11,1,'activo','legal',NULL,'2017-01-15','true',10,19,2,2,NULL,NULL,'2019-08-30 14:42:43','2019-08-30 14:42:43'),
	(369,'Tp-link, AD7200',NULL,'Router Wifi Multi Band, ubicado en Presidencia','2178169000278',11,1,'activo','legal',NULL,'2017-01-15','true',10,19,2,2,NULL,NULL,'2019-08-30 14:44:23','2019-08-30 14:44:23'),
	(370,'GrandStream, DP750',NULL,'Access Point para GrandStream','207GHTWH80BE8D3A',23,1,'activo','legal',NULL,'2017-01-15','true',10,19,2,2,NULL,NULL,'2019-08-30 14:52:25','2019-08-30 14:52:25'),
	(371,'GrandStream, DP750',NULL,'Access Point para GrandStream','207GHTWH70BB7355',23,1,'activo','legal',NULL,'2017-01-15','true',10,19,2,2,NULL,NULL,'2019-08-30 14:58:36','2019-08-30 14:58:36'),
	(372,'GrandStream, DP750',NULL,'Access Point para GrandStream','207GHTWH90C0CBC6',23,1,'activo','legal',NULL,'2017-01-15','true',10,19,2,2,NULL,NULL,'2019-08-30 14:59:40','2019-08-30 14:59:40'),
	(373,'GrandStream, DP750',NULL,'Access Point para GrandStream','207GHTWH70BB7446',23,1,'activo','legal',NULL,'2017-01-15','true',10,19,2,2,NULL,NULL,'2019-08-30 15:00:37','2019-08-30 15:00:37'),
	(374,'GrandStream, GXP2140',NULL,'Telefono fijo con pantalla y agenda de extensiones, en recepcion','271FT75H40B5F1B0',23,1,'activo','legal',NULL,'2017-01-15','true',10,19,2,2,NULL,NULL,'2019-08-30 15:03:10','2019-08-30 15:03:10'),
	(375,'GrandStream, GXP2170',NULL,'Telefono fijo con pantalla','24UMKDLHC0CD3FD9',23,1,'activo','legal',NULL,'2017-01-15','true',10,19,2,2,NULL,NULL,'2019-08-30 15:04:30','2019-08-30 15:04:30'),
	(376,'GrandStream, GXP2170',NULL,'Telefono fijo con pantalla','24UMKDLHC0CD3EE1',23,1,'activo','legal',NULL,'2017-01-15','true',10,19,2,2,NULL,NULL,'2019-08-30 15:05:31','2019-08-30 15:05:31'),
	(377,'GrandStream, DP720',NULL,'Telefono wireless con pantalla','270GHWXJ1003DF2D',23,1,'activo','legal',NULL,'2017-01-15','true',10,19,2,2,NULL,NULL,'2019-08-30 15:07:40','2019-08-30 15:07:40'),
	(378,'GrandStream, DP720',NULL,'Telefono wireless con pantalla','207GHWXJ300409B0',23,1,'activo','legal',NULL,'2017-01-15','true',10,19,2,2,NULL,NULL,'2019-08-30 15:08:36','2019-08-30 15:08:36'),
	(379,'GrandStream, DP720',NULL,'Telefono wireless con pantalla','207GHWXH70037E24',23,1,'activo','legal',NULL,'2017-01-15','true',10,19,2,2,NULL,NULL,'2019-08-30 15:09:30','2019-08-30 15:09:30'),
	(380,'GrandStream, DP720',NULL,'Telefono wireless con pantalla','207GHWX70037E27',23,1,'activo','legal',NULL,'2017-01-15','true',10,19,2,2,NULL,NULL,'2019-08-30 15:10:32','2019-08-30 15:10:32'),
	(381,'GrandStream, DP720',NULL,'Telefono wireless con pantalla','207GHWXJ30040947',23,1,'activo','legal',NULL,'2017-01-15','true',10,19,2,2,NULL,NULL,'2019-08-30 15:11:36','2019-08-30 15:11:36'),
	(382,'GrandStream, DP720',NULL,'Telefono wireless con pantalla','207GHWXH80039E2C',23,1,'activo','legal',NULL,'2017-01-15','true',10,19,2,2,NULL,NULL,'2019-08-30 15:12:32','2019-08-30 15:12:32'),
	(383,'GrandStream, DP720',NULL,'Telefono wireless con pantalla','207GHWXJ3004094B',23,1,'activo','legal',NULL,'2017-01-15','true',10,19,2,2,NULL,NULL,'2019-08-30 15:13:33','2019-08-30 15:13:33'),
	(384,'GrandStream, DP720',NULL,'Telefono wireless con pantalla','207GHWXJ3004094C',23,1,'activo','legal',NULL,'2017-01-15','true',10,19,2,2,NULL,NULL,'2019-08-30 15:14:30','2019-08-30 15:14:30'),
	(385,'GrandStream, DP720',NULL,'Telefono wireless con pantalla','207GHWXH7003759B',23,1,'activo','legal',NULL,'2017-01-15','true',10,19,2,2,NULL,NULL,'2019-08-30 15:15:20','2019-08-30 15:15:20'),
	(386,'GrandStream, DP720',NULL,'Telefono wireless con pantalla','207GHWXH80039E2A',23,1,'activo','legal',NULL,'2017-01-15','true',10,19,2,2,NULL,NULL,'2019-08-30 15:16:27','2019-08-30 15:16:27'),
	(387,'GrandStream, DP720',NULL,'Telefono wireless con pantalla','207GHWXH70037599',23,1,'activo','legal',NULL,'2017-01-15','true',10,19,2,2,NULL,NULL,'2019-08-30 15:17:30','2019-08-30 15:17:30'),
	(388,'GrandStream, DP720',NULL,'Telefono wireless con pantalla','207GHWXJ1003DFA7',23,1,'activo','legal',NULL,'2017-01-15','true',10,19,2,2,NULL,NULL,'2019-08-30 15:18:28','2019-08-30 15:18:28'),
	(389,'GrandStream, DP720',NULL,'Telefono wireless con pantalla','207GHWXH70037E22',23,1,'activo','legal',NULL,'2017-01-15','true',10,19,2,2,NULL,NULL,'2019-08-30 15:19:31','2019-08-30 15:19:31'),
	(390,'GrandStream, DP720',NULL,'Telefono wireless con pantalla','207GHWXJ300409A6',23,1,'activo','legal',NULL,'2017-01-15','true',10,19,2,2,NULL,NULL,'2019-08-30 15:21:12','2019-08-30 15:21:12'),
	(391,'GrandStream, DP720',NULL,'Telefono wireless con pantalla','207GHWXJ1003DF2B',23,1,'activo','legal',NULL,'2017-01-15','true',10,19,2,2,NULL,NULL,'2019-08-30 15:22:06','2019-08-30 15:22:06'),
	(392,'Epson LX-300+ II',NULL,'Impresora matricial no esta en uso','NUGY171538',3,1,'activo','legal',NULL,'2017-01-15','true',10,19,2,2,NULL,NULL,'2019-09-02 11:41:30','2019-09-02 12:21:23'),
	(393,'Epson LX-300+','Impresora matricial usada para imprimir cheques, facturas y recibos','Usada por la asistente de finanzas','ETUY331269',3,1,'activo','legal',NULL,'2015-01-15','true',10,50,2,2,87,NULL,'2019-09-02 11:44:06','2019-09-19 15:34:46'),
	(394,'Ricoh MP C3003E','Equipo prestado a Ergotec por la empresa SDM','Impresora multifuncional','E153MA60533',3,1,'prestado','legal',NULL,'2019-01-15','',10,19,2,2,NULL,NULL,'2019-09-02 15:58:25','2019-09-02 15:58:25'),
	(395,'HP Deskjet C6900 Series','Utilizada solamente por Ruth Jimenez','Impresora de tinta','VCVRA-0510',3,1,'activo','legal',NULL,'2017-01-15','true',10,9,2,2,10,NULL,'2019-09-02 16:09:35','2019-09-02 16:09:35'),
	(396,'Destopk Dell OptiPlex 3010 01','SE UTILIZA COMO SERVIDOR PARA EL PROYECTO CLNICA DE MONITOREO Y EVALUACIN','Destopk Dell OptiPlex 3010 01, 3.30 gigahertz Intel Core i3-3220, 4GB RAM','CN701632BT07DW',1,1,'activo','legal',NULL,'2012-01-01','true',7,36,4,8,42,NULL,'2019-09-03 10:31:43','2019-09-03 10:31:43'),
	(397,'Monitor 18.5\"  AOC 1970W',NULL,'Monitor 18.5\"  AOC 1970W','s/n 1003',14,1,'activo','legal',NULL,'2018-01-01','true',8,36,4,8,42,396,'2019-09-03 11:17:33','2019-09-03 11:22:59'),
	(398,'UPS APC 550',NULL,'UPS APC 550','4B1304P23268',6,1,'activo','legal',NULL,'2018-01-01','true',9,36,4,8,42,396,'2019-09-03 11:21:50','2019-09-03 11:21:50'),
	(399,'Gadspot.Inc',NULL,'DVR instalado en Instal con 8 camaras','H.264',17,1,'activo','legal',NULL,'2015-01-15','true',10,19,2,3,NULL,NULL,'2019-09-04 09:59:18','2019-09-04 09:59:18'),
	(400,'Cisco, SG100-16','Para dar servicio al modem, camaras, e impresora','Switch de 16 Port ubicado en el Instal','xxxxx',4,1,'activo','legal',NULL,'2015-01-15','true',10,19,2,3,NULL,NULL,'2019-09-04 10:02:51','2019-09-04 10:02:51'),
	(401,'MacBook Pro 15',NULL,'MacBook Pro 15, 2.6  gigahertz Intel Core i7, 16GB RAM','C02T88X3GTFL',21,1,'activo','legal',91,'2016-01-01','true',10,46,5,9,91,401,'2019-09-10 09:38:49','2020-03-18 17:23:39'),
	(402,'MacBook Pro 13 Retina',NULL,'MacBook Pro 13 Retina, 2.7 GHz Intel Core i5, 8GB','C0SPPF4BFVH5',21,1,'activo','legal',NULL,'2015-01-01','true',8,46,5,9,80,NULL,'2019-09-10 09:44:29','2019-09-10 09:44:29'),
	(403,'IMAC 27 Retina',NULL,'IMAC 27 Retina, 3.5 GHz Intel Core i5, 32GB RAM','C02NC331FY11',2,1,'activo','legal',81,'2014-01-01','true',9,46,5,9,81,NULL,'2019-09-10 10:09:01','2020-03-18 17:28:06'),
	(404,'IMAC 27 Retina',NULL,'IMAC 27 Retina, 3.5 GHz Intel Core i5, 32GB RAM','C02PX25VFY11',2,1,'activo','legal',NULL,'2014-01-01','true',10,46,5,9,82,NULL,'2019-09-10 10:16:51','2019-09-10 10:16:51'),
	(405,'IMAC 27 Retina',NULL,'IMAC 27 Retina, 3.4 GHz Intel Core i5, 16GB RAM','C02VH5JHJ1GG',2,1,'activo','legal',83,'2017-01-01','true',8,46,5,9,83,405,'2019-09-10 10:25:15','2020-03-18 17:31:05'),
	(406,'IMAC 27 Retina',NULL,'IMAC 27 Retina, 3.4 GHz Intel Core i5, 32GB RAM','C02HF082DHJP',2,1,'activo','legal',84,'2017-01-01','true',10,46,5,9,84,NULL,'2019-09-10 10:33:47','2020-03-18 17:35:42'),
	(407,'IMAC 27',NULL,'IMAC 27, 2.7 GHz Intel Core i5, 32GB RAM','C02F082DHJP',2,1,'activo','legal',85,'2011-01-01','true',8,46,5,9,85,407,'2019-09-10 10:45:17','2020-03-18 23:11:30'),
	(408,'MacBook Pro 13',NULL,'MacBook Pro 13, 2.3 GHz Intel Core i5, 8GB RAM','C02TVJ57HV27',21,1,'activo','legal',86,'2017-01-01','true',10,46,5,9,86,NULL,'2019-09-10 10:49:00','2020-03-18 23:17:24'),
	(409,'MacBook Pro 13',NULL,'MacBook Pro 13, 2.3 GHz Intel Core i5, 8GB RAM','FVFVL17JHV2D',21,1,'activo','legal',73,'2017-01-01','true',9,41,5,9,73,409,'2019-09-10 11:37:38','2020-03-18 17:39:08'),
	(410,'Latitude 5480','ESTA MUY LENTA PARA LOS PROCESO','Latitude 5480 , 2.50 gigahertz Intel Core i5-6300U, 4GB RAM','G04VHM2-CN1296381R062C',21,1,'activo','legal',78,'2017-01-01','true',7,41,5,9,78,410,'2019-09-10 11:50:36','2020-03-18 23:15:08'),
	(411,'Latitude 5480',NULL,'Latitude 5480, 2.50 gigahertz Intel Core i5-63000, 4GB RAM','2Z3VHM2',21,1,'activo','legal',NULL,'2017-01-01','true',8,42,5,9,74,NULL,'2019-09-10 12:00:49','2020-03-19 09:49:19'),
	(412,'Latitude 5480',NULL,'Latitude 5480, 2.50 gigahertz Intel Core i5-63000, 4GB RAM','75B29H2-CN129637840033',21,1,'activo','legal',75,'2017-01-01','true',9,42,5,9,75,412,'2019-09-10 12:08:27','2020-03-18 23:08:11'),
	(413,'OptiPlex 9020 00',NULL,'OptiPlex 9020 00, 3.30 gigahertz Intel Core i5-4590, 4GB RAM','3H9B082-CN7220059H03ZJ',2,1,'activo','legal',NULL,'2015-01-01','true',8,42,5,9,89,NULL,'2019-09-10 12:16:41','2019-10-17 15:20:49'),
	(414,'OptiPlex 9020 01',NULL,'OptiPlex 9020 01, 3.30 gigahertz Intel Core i5-4590, 4GB RAM','JGP0B42-CN722004CV033V',2,1,'activo','legal',NULL,'2014-01-01','true',8,43,5,9,77,414,'2019-09-10 12:25:12','2019-09-10 12:26:49'),
	(415,'HP ProBook 440 G2','TIENE PROBLEMA CON EL FLEX DE LA PANTALLA','HP ProBook 440 G2, 2.20 gigahertz Intel Core i5-5200U, 4GB RAM','PEUNLG51W8X925',21,1,'activo','legal',NULL,'2015-01-01','true',8,45,5,9,72,415,'2019-09-10 16:07:55','2019-09-10 16:10:09'),
	(416,'OptiPlex 9020 01',NULL,'OptiPlex 9020 01, 3.3,0 gigahertz Intel Core i5-4590, 12GB RAM','JJPX942-CN722004CQ07A2',2,1,'activo','legal',NULL,'2014-01-01','true',8,47,5,9,70,416,'2019-09-10 16:13:03','2019-09-10 16:15:23'),
	(417,'OptiPlex 380',NULL,'OptiPlex 380, 2.60 gigahertz Intel Pentium Dual-Core E5300, 4GB RAM','CR36SL1-CN1374002O068V',2,1,'activo','legal',NULL,'2010-01-01','true',6,47,5,9,71,NULL,'2019-09-10 16:20:46','2019-09-10 16:20:46'),
	(418,'OptiPlex 9020 01',NULL,'OptiPlex 9020 01, 3.30 gigahertz Intel Core i5-4590, 4GB RAM','JKH0B42-CN722004CT05UE',2,1,'activo','legal',67,'2014-01-01','true',8,48,5,9,67,NULL,'2019-09-10 16:24:53','2020-03-18 22:57:21'),
	(419,'OptiPlex 7040',NULL,'OptiPlex 7040, 3.20 gigahertz Intel Core i5-6500, 8GB RAM','202RGB2-CN7220061U029R',2,1,'activo','legal',NULL,'2016-01-01','true',9,48,5,9,68,419,'2019-09-10 16:29:37','2019-09-10 16:48:52'),
	(420,'OptiPlex 9020 01',NULL,'OptiPlex 9020 01, 3.30 gigahertz Intel Core i5-4590, 4GB RAM','JJBW942-CN722004CQ07BO',2,1,'activo','legal',NULL,'2014-01-01','true',8,48,5,9,69,420,'2019-09-10 16:34:26','2019-09-10 16:49:43'),
	(421,'OptiPlex 7040',NULL,'OptiPlex 7040, 3.20 gigahertz Intel Core i5-6500, 4GB RAM','5Q1MFB2-CN722005BP01U8',2,1,'activo','legal',NULL,'2016-01-01','true',8,49,5,9,62,421,'2019-09-10 16:39:27','2019-09-10 16:57:36'),
	(422,'OptiPlex 3060',NULL,'OptiPlex 3060, 3.60 gigahertz Intel Core i3-8100, 4GB RAM','JMCC1S2-CNFCW0088Q03DO',2,1,'activo','legal',NULL,'2018-01-01','true',9,49,5,9,64,422,'2019-09-10 17:00:00','2019-09-10 17:04:34'),
	(423,'HP Pavilion All-in-One 27-r0xx',NULL,'HP Pavilion All-in-One 27-r0xx, 2.40 gigahertz Intel Core i7-8700T, 12GB RAM','8CC8321R62',2,1,'activo','legal',NULL,'2018-01-01','true',9,49,5,9,65,423,'2019-09-10 17:08:15','2019-09-10 17:09:10'),
	(424,'OptiPlex 9020 00',NULL,'OptiPlex 9020 00, 3.30 gigahertz Intel Core i5-4590, 4GB RAM','7DPD082-CN7220059L0019',2,1,'activo','legal',NULL,'2015-01-01','true',8,49,5,9,66,424,'2019-09-10 17:14:38','2019-09-10 17:15:32'),
	(425,'Forza NT-5110',NULL,'UPS Forza NT-5110','121608302123',6,1,'activo','legal',NULL,'2018-01-01','true',9,42,5,9,89,NULL,'2019-09-11 10:03:10','2019-10-17 15:22:51'),
	(426,'Monitor 19.1\" DELL P1913',NULL,'Monitor 19.1\" DELL P1913','XX-0PVGRC-XXXXX-388-BTDL',14,1,'activo','legal',NULL,'2015-01-01','true',10,42,5,9,89,NULL,'2019-09-11 10:06:03','2019-10-17 15:22:27'),
	(427,'Monitor 19.1\" DELL P1913',NULL,'Monitor 19.1\" DELL P1913','XX-0PVGRC-XXXXX-389-718L',14,1,'activo','legal',NULL,'2014-01-01','true',10,43,5,9,77,414,'2019-09-11 10:08:52','2019-09-11 10:13:11'),
	(428,'Forza NT-5010',NULL,'UPS Forza-NT5010','121602302784',6,1,'activo','legal',NULL,'2018-01-01','true',10,43,5,9,77,414,'2019-09-11 10:12:04','2019-09-11 10:12:04'),
	(429,'Monitor SHARP LCD',NULL,'Monitor SHARP LCD','SIN NUMERO',14,1,'activo','legal',NULL,'2018-01-01','true',10,47,5,9,70,416,'2019-09-11 10:17:53','2019-09-11 10:17:53'),
	(430,'Agiler USB Device WDC',NULL,'Agiler WDC WD10 EAVS-57D7B1 USB Device','152D20337A0C',15,1,'activo','legal',NULL,'2018-01-01','true',10,47,5,9,70,416,'2019-09-11 10:24:58','2019-09-11 10:24:58'),
	(431,'Forza NT-5010',NULL,'UPS Forza NT-5010','9B1902A24690',6,1,'activo','legal',NULL,'2018-01-01','true',10,47,5,9,70,416,'2019-09-11 10:28:44','2019-09-11 10:28:44'),
	(432,'Monitor 18.5\" DELL E1914H',NULL,'Monitor 18.5\" DELL E1914H','XX-04FF47-XXXXX-513-0UMB',14,1,'activo','legal',NULL,'2014-01-01','true',8,47,5,9,71,417,'2019-09-11 10:31:01','2019-09-11 10:31:01'),
	(433,'Forza NT-5010',NULL,'UPS Forza NT-5010','180212504705',6,1,'activo','legal',NULL,'2018-01-01','true',10,47,5,9,71,417,'2019-09-11 10:34:27','2019-09-11 10:34:27'),
	(434,'Monitor 21.7\" DELL E2216H',NULL,'Monitor 21.7\" DELL E2216H','XX-0JF44Y-XXXXX-891-D6JI',14,1,'activo','legal',67,'2018-01-01','true',9,48,5,9,67,418,'2019-09-11 10:37:42','2020-03-18 22:58:35'),
	(435,'EPSON LX-300+II',NULL,'EPSON LX-300+II','G8DY032710',3,1,'activo','legal',NULL,'2018-01-01','true',9,49,5,10,62,NULL,'2019-09-11 10:44:54','2020-02-25 14:58:19'),
	(436,'EPSON L575',NULL,'IMPRESORA EPSON L575','W98Y280535',3,1,'activo','legal',67,'2018-01-01','true',10,48,5,9,67,NULL,'2019-09-11 10:50:27','2020-03-18 22:59:49'),
	(437,'UPS APC 550',NULL,'UPS APC 550','4B1651P20366',6,1,'activo','legal',NULL,'2018-01-01','true',10,48,5,9,69,420,'2019-09-11 10:55:07','2019-09-11 10:55:07'),
	(438,'UPS APC 550',NULL,'UPS APC 550','4B1651P20363',6,1,'activo','legal',NULL,'2018-01-01','true',10,48,5,9,67,418,'2019-09-11 10:58:39','2019-09-11 10:58:39'),
	(439,'Monitor 18.5\" DELL E1916H',NULL,'Monitor 18.5\" DELL E1916H','XX-0XJ5TR-XXXXX-64C-D12U',14,1,'activo','legal',NULL,'2016-01-01','true',8,48,5,9,68,419,'2019-09-11 11:01:11','2019-09-11 11:01:11'),
	(440,'Forza NT-5010',NULL,'UPS Forza NT-5010','121602302770',6,1,'activo','legal',NULL,'2018-01-01','true',9,48,5,9,68,419,'2019-09-11 11:06:49','2019-09-11 11:06:49'),
	(441,'Monitor 18.5\" DELL E1914H',NULL,'Monitor 18.5\" DELL E1914H','XX-0HDNH9-XXXXX51A-CU7B',14,1,'activo','legal',NULL,'2014-01-01','true',7,48,5,9,69,420,'2019-09-11 11:09:51','2019-09-11 11:09:51'),
	(442,'Forza NT-5010',NULL,'UPS Forza NT-5010','111604302583',6,1,'activo','legal',NULL,'2018-01-01','true',9,49,5,9,65,423,'2019-09-11 11:12:56','2019-09-11 11:12:56'),
	(443,'Monitor 19.1\" DELL E1909W',NULL,'Monitor 19.1\" DELL E1909W','XX-0Y858D-XXXXX-87U-1AP',14,1,'activo','legal',NULL,'2016-01-01','true',8,49,5,9,62,421,'2019-09-11 11:31:28','2019-09-11 11:31:28'),
	(444,'Forza NT-5010',NULL,'UPS Forza NT-5010','121608302122',6,1,'activo','legal',NULL,'2018-01-01','true',9,49,5,9,62,421,'2019-09-11 11:37:59','2019-09-11 11:37:59'),
	(445,'Monitor 18.5\" DELL E1916H',NULL,'Monitor 18.5\" DELL E1916H','XX-0XJ5TR-XXXXX8A8-DT7B',14,1,'activo','legal',NULL,'2018-01-01','true',9,49,5,9,64,422,'2019-09-11 11:42:24','2019-09-11 11:42:24'),
	(446,'Forza NT-5010',NULL,'UPS Forza NT-5010','180812500002',6,1,'activo','legal',NULL,'2018-01-01','true',9,49,5,9,64,422,'2019-09-11 11:46:18','2019-09-11 11:46:18'),
	(447,'HP Deskjet Ink Advantage 2135',NULL,'HP Deskjet Ink Advantage 2135, SIN FUNCIN','CN71M4C06S',3,1,'averiado','legal',NULL,'2018-01-01','true',1,49,5,9,64,422,'2019-09-11 11:50:29','2019-09-11 11:50:29'),
	(448,'Monitor 18.5\" DELL E1910H',NULL,'Monitor 18.5\" DELL E1910H','XX-0D176P-XXXXX9C7-09NS',14,1,'activo','legal',NULL,'2015-01-01','true',8,49,5,9,66,424,'2019-09-11 11:59:52','2019-09-11 11:59:52'),
	(449,'Forza NT-5010',NULL,'UPS Forza NT-5010','180812500007',6,1,'activo','legal',NULL,'2018-01-01','true',9,49,5,9,66,424,'2019-09-11 12:04:05','2019-09-11 12:04:05'),
	(450,'Ricoh Aficio MP 161SPF',NULL,'Ricoh Aficio MP 161SPF','M0189508518',3,1,'activo','legal',NULL,'2018-01-01','true',10,49,5,9,62,NULL,'2019-09-11 12:10:34','2019-09-11 12:10:34'),
	(451,'RICOH Aficio MP C300SR',NULL,'Ricoh MP Super G3','BBPMM02B10002',3,1,'activo','legal',NULL,'2018-01-01','true',10,49,5,9,62,NULL,'2019-09-11 12:23:47','2019-09-13 09:47:58'),
	(452,'UPS APC 750',NULL,'UPS APC 750','4B1528P04426',6,1,'activo','legal',NULL,'2018-01-01','true',10,46,5,9,81,NULL,'2019-09-11 12:31:11','2019-09-11 12:31:11'),
	(453,'UPS APC 750',NULL,'UPS APC 750','4B1648P27239',6,1,'activo','legal',NULL,'2018-01-01','true',10,46,5,9,86,NULL,'2019-09-11 12:52:40','2019-09-11 12:52:40'),
	(454,'FORZA FX-2200',NULL,'UPS FORZA FX-2200','8114B00698',6,1,'activo','legal',NULL,'2018-01-01','true',10,46,5,9,82,NULL,'2019-09-11 12:56:42','2019-09-11 12:56:42'),
	(455,'Windows 10 Professional (x64)',NULL,'Windows 10 Professional (x64)','VFKN4-6M63Y-76J8G-M7HGF-4X8XC',13,2,'activo','legal',NULL,'2017-01-01','true',10,41,5,9,78,410,'2019-09-11 14:24:34','2019-09-11 14:30:54'),
	(456,'Microsoft - Office Home and Business 2016',NULL,'Microsoft - Office Home and Business 2016','RMN2P-G7BGT-D927T-3FCKQ-KKXVX',7,2,'activo','legal',NULL,'2016-01-01','true',10,41,5,9,78,455,'2019-09-11 14:29:45','2019-09-11 14:29:45'),
	(457,'Windows 10 Professional (x64)',NULL,'Windows 10 Professional (x64) Version 1803','NF6HC-QH89W-F8WYV-WWXV4-WFG6P',13,2,'activo','legal',NULL,'2018-01-01','true',10,42,5,9,75,412,'2019-09-11 14:32:46','2019-09-11 14:32:46'),
	(458,'Microsoft - Office Home and Business 2016',NULL,'Microsoft - Office Home and Business 2016','6V7XJ-NG4JQ-Y9P27-C8GDK-QV67X',7,2,'activo','legal',NULL,'2016-01-01','true',10,42,5,9,75,457,'2019-09-11 14:36:15','2019-09-11 14:36:15'),
	(459,'Windows 10 Professional (x64)',NULL,'Windows 10 Professional (x64) Version 1903','413-VK7JG-NPHTM-C97JM-9MPGT-3V66T',13,2,'activo','legal',NULL,'2018-01-01','true',10,42,5,9,89,NULL,'2019-09-11 14:39:53','2019-10-17 15:21:58'),
	(460,'Microsoft - Office Hogar y Pequea Empresa 2010',NULL,'Microsoft - Office Hogar y Pequea Empresa 2010','FDGDV-YJD9Y-83YBB-HC8FC-KRQCH',7,2,'activo','legal',NULL,'2010-01-01','true',10,42,5,9,89,413,'2019-09-11 14:43:50','2019-10-17 15:21:37'),
	(461,'Windows 10 Professional (x64)',NULL,'Windows 10 Professional (x64) Version 1809','414-VK7JG-NPHTM-C97JM-9MPGT-3V66T',13,2,'activo','legal',NULL,'2018-01-01','true',10,43,5,9,77,414,'2019-09-11 14:47:20','2019-09-11 14:47:20'),
	(462,'Microsoft - Office Home and Business 2016',NULL,'Microsoft - Office Home and Business 2016','D96KN-GPBC3-FC4MD-WJP8B-CWGBK',7,2,'activo','legal',NULL,'2016-01-01','true',10,43,5,10,77,461,'2019-09-11 14:56:13','2019-09-11 14:56:13'),
	(463,'Windows 7 Professional (x64)',NULL,'Windows 7 Professional (x64) Service Pack 1','74T2M-DKDBC-788W3-H689G-6P6GT',13,2,'activo','legal',NULL,'2015-01-01','true',8,45,5,9,72,415,'2019-09-11 14:58:48','2019-09-11 14:58:48'),
	(464,'Microsoft - Office Hogar y Empresas 2016',NULL,'Microsoft - Office Hogar y Empresas 2016','463-D96KN-GPBC3-FC4MD-WJP8B-CWGBK',7,2,'activo','legal',NULL,'2016-01-01','true',10,45,5,9,72,463,'2019-09-11 15:04:20','2019-09-11 15:04:20'),
	(465,'Windows 10 Professional (x64)',NULL,'Windows 10 Professional (x64) Version 1903','416-VK7JG-NPHTM-C97JM-9MPGT-3V66T',13,2,'activo','legal',NULL,'2018-01-01','true',10,47,5,9,70,416,'2019-09-11 15:06:50','2019-09-11 15:06:50'),
	(466,'Microsoft - Office Hogar y Empresas 2016',NULL,'Microsoft - Office Hogar y Empresas 2016','VT7KN-WCC8G-9JP6B-HR7MM-88GBK',7,2,'activo','legal',NULL,'2016-01-01','true',10,47,5,9,70,465,'2019-09-11 15:11:48','2019-09-11 15:11:48'),
	(467,'Windows 7 Professional (x64)',NULL,'Windows 7 Professional Service Pack 1','417-32KD2-K9CTF-M3DJT-4J3WC-733WD',13,2,'activo','legal',NULL,'2010-01-01','true',7,47,5,9,71,417,'2019-09-11 15:16:42','2019-09-11 15:16:42'),
	(468,'Microsoft - Office Professional Hybrid 2007',NULL,'Microsoft - Office Professional Hybrid 2007','CBRKR-6C77X-HKWXT-MM37M-Q4KYD',7,2,'activo','legal',NULL,'2010-01-01','true',7,47,5,9,71,467,'2019-09-11 15:18:50','2019-09-11 15:18:50'),
	(469,'Windows 10 Professional (x64)',NULL,'Windows 10 Professional (x64','418-VK7JG-NPHTM-C97JM-9MPGT-3V66T',13,2,'activo','legal',67,'2014-01-01','true',8,48,5,9,67,418,'2019-09-11 15:21:20','2020-03-18 22:55:24'),
	(470,'Microsoft - Office Hogar y Empresas 2016',NULL,'Microsoft - Office Hogar y Empresas 2016','JXRYX-9WN3T-YRXVB-PV7MG-23739',7,2,'activo','legal',NULL,'2016-01-01','true',10,48,5,9,67,469,'2019-09-11 15:26:33','2019-09-11 15:26:33'),
	(471,'Windows 10 Professional (x64)',NULL,'Windows 10 Professional (x64)','6C3Q3-3NFYH-YYYXW-3TQMJ-WB6GC',13,2,'activo','legal',NULL,'2016-01-01','true',9,48,5,9,68,419,'2019-09-11 15:28:33','2019-09-11 15:28:33'),
	(472,'Microsoft - Office Hogar y Pequea Empresa 2010',NULL,'Microsoft - Office Hogar y Pequea Empresa 2010','MJD9K-H6YHV-Q2J4W-C4R26-WR49J',7,2,'activo','legal',NULL,'2010-01-01','true',10,48,5,9,68,471,'2019-09-11 15:32:56','2019-09-11 15:32:56'),
	(473,'Windows 10 Professional (x64)',NULL,'Windows 10 Professional (x64)','420-VK7JG-NPHTM-C97JM-9MPGT-3V66T',13,2,'activo','legal',NULL,'2014-01-01','true',8,48,5,9,69,420,'2019-09-11 15:35:13','2019-09-11 15:35:13'),
	(474,'Microsoft - Office Enterprise 2007',NULL,'Microsoft - Office Enterprise 2007','VB48G-H6VK9-WJ93D-9R6RM-VP7G',7,2,'activo','legal',NULL,'2014-01-01','true',7,48,5,9,69,420,'2019-09-11 15:38:49','2019-09-11 15:38:49'),
	(475,'Windows 10 Professional (x64)',NULL,'Windows 10 Professional (x64) Version 1803','VN886-JF9PB-KQXHM-VFRC3-8K8XF',13,2,'activo','legal',NULL,'2018-01-01','true',10,49,5,9,65,423,'2019-09-11 15:47:12','2019-09-11 15:47:12'),
	(476,'Microsoft - Office Hogar y Empresas 2016',NULL,'Microsoft - Office Hogar y Empresas 2016','N38D7-TKRJ7-QG3DR-6XYBY-WHV39',7,2,'activo','legal',NULL,'2016-01-01','true',10,49,5,9,65,475,'2019-09-11 15:53:42','2019-09-11 15:53:42'),
	(477,'Windows 7 Professional (x64)',NULL,'Windows 7 Professional (x64) Service Pack 1','421-32KD2-K9CTF-M3DJT-4J3WC-733WD',13,2,'activo','legal',NULL,'2016-01-01','true',7,49,5,10,62,421,'2019-09-11 15:59:30','2019-09-11 15:59:30'),
	(478,'Microsoft - Office Hogar y Pequea Empresa 2010',NULL,'Microsoft - Office Hogar y Pequea Empresa 2010','XJ3D8-4G897-7DR4D-RBFDR-KRCW2',7,2,'activo','legal',NULL,'2016-01-01','true',9,49,5,9,62,477,'2019-09-11 16:02:15','2019-09-11 16:02:15'),
	(479,'Windows 10 Professional (x64)',NULL,'Windows 10 Professional (x64) Version 1903','NF6HC-QH89W-F8WYV-WWXV4WFG6P',13,2,'activo','legal',NULL,'2018-01-01','true',9,49,5,9,64,422,'2019-09-11 16:05:19','2019-09-11 16:05:19'),
	(480,'Windows 10 Professional (x64)',NULL,'Windows 10 Professional (x64) Version 190','424-VK7JG-NPHTM-C97JM-9MPGT-3V66T',13,2,'activo','legal',NULL,'2015-01-01','true',8,49,5,9,66,424,'2019-09-11 16:09:53','2019-09-11 16:09:53'),
	(481,'Microsoft - Office Hogar y Empresas 2016',NULL,'Microsoft - Office Hogar y Empresas 2016','480-D96KN-GPBC3-FC4MD-WJP8B-CWGBK',7,2,'activo','legal',NULL,'2016-01-01','true',9,49,5,9,66,424,'2019-09-11 16:16:41','2019-09-11 16:16:41'),
	(482,'HP ProLiant DL320 G3',NULL,'HP ProLiant DL320 G3, 3.40 gigahertz Intel Pentium 4, 1GB RAM','USE610N7K4',1,1,'activo','legal',NULL,'2002-08-16','true',5,49,5,10,62,NULL,'2019-09-12 10:49:37','2019-09-12 10:49:37'),
	(483,'Windows Server 2003 Standard Edition',NULL,'Windows Serv er 2003 Standard Edition Serv ice Pack 2 (build 37 90)','BHF6M-R27 C8-GTQGP-XMWKP-TPMWQ',13,2,'activo','legal',NULL,'2005-01-01','true',8,49,5,10,62,482,'2019-09-12 10:58:50','2019-09-12 10:58:50'),
	(484,'Dell OptiPlex 780',NULL,'Se utiliza como Server de Finanzas Dell OptiPlex 780, 2.93 gigahertz Intel Core 2 Duo E7500, 4GB RAM','BVSNTL1/CN137409BI000E',1,1,'activo','legal',NULL,'2009-01-01','true',8,49,5,10,62,NULL,'2019-09-12 11:01:40','2019-09-12 11:01:40'),
	(485,'Windows 7 Professional (x64)',NULL,'Windows 7 Professional (x64) Service Pack 1','484-32KD2-K9CTF-M3DJT-4J3WC-733WD',13,2,'activo','legal',NULL,'2009-01-01','true',5,49,5,10,62,484,'2019-09-12 11:10:21','2019-09-12 11:10:21'),
	(486,'SOFTECH CONSULTORES - Profit Plus Administrativo',NULL,'SOFTECH CONSULTORES - Profit Plus Administrativo version 7.5.0','SINNUMERO',8,2,'activo','no_legal',NULL,'2018-01-01','true',7,49,5,10,62,485,'2019-09-12 11:13:40','2019-09-12 11:13:40'),
	(487,'CISCO SG200-50P50-portGigabit PoE Smart',NULL,'CISCO SG200-50P50-portGigabit PoE Smart','DNI193507MN',4,1,'activo','legal',NULL,'2018-01-01','true',9,49,5,10,62,NULL,'2019-09-12 11:18:02','2019-09-12 11:18:02'),
	(488,'CISCO Catalyst 3560 series poe-48',NULL,'Sin Uso CISCO Catalyst 3560 series poe-48','CAT1038RGK6',4,1,'averiado','legal',NULL,'2018-01-01','true',1,49,5,10,62,NULL,'2019-09-12 11:20:41','2019-09-12 11:20:41'),
	(489,'Pro Series 4-Bay NAS	MyCloudPR4100',NULL,'Pro Series 4-Bay NAS	MyCloudPR4100, 4 unidades de 2TB','WUBP27360140',20,1,'activo','legal',NULL,'2018-01-01','true',10,49,5,10,62,NULL,'2019-09-12 11:26:08','2019-09-12 11:26:08'),
	(490,'WD -AgroupT-Station	ShareSpace','La unidad 2 esta defectuosa','WD -AgroupT-Station	ShareSpace, 4 unidades de 1TB','WD40000A4NC-00',20,1,'activo','legal',NULL,'2018-01-01','true',8,49,5,10,62,NULL,'2019-09-12 11:31:27','2019-09-12 11:31:27'),
	(491,'Huawei HG8245H',NULL,'Modem de Claro   Huawei	HG8245H','48575443AA889F9E',12,1,'activo','legal',NULL,'2018-01-01','true',9,49,5,10,62,NULL,'2019-09-12 11:33:48','2019-10-03 12:03:06'),
	(492,'Huawei HG8245H',NULL,'Modem de Claro Huawei HG8245H','48575443B25F699E',12,1,'activo','legal',NULL,'2019-01-01','true',9,49,5,10,62,NULL,'2019-09-12 11:36:45','2019-09-12 11:36:45'),
	(493,'Arris TG2482',NULL,'Modem de Altice Arris TG2482','94E2D567E203346',12,1,'activo','legal',NULL,'2019-09-10','true',10,49,5,10,62,NULL,'2019-09-12 11:39:05','2019-09-12 11:39:05'),
	(494,'FerTec FTD-3416TF-C','Solo tiene 12 cmaras instalas,  de las cuales 2 no se ven','FerTec FTD-3416TF-C de 16 Camaras','FTD-3416TF-C121200068',17,1,'activo','legal',NULL,'2018-01-01','true',8,49,5,10,62,NULL,'2019-09-12 11:41:52','2019-09-12 11:41:52'),
	(495,'Monitor 19.1\" DELL P190S',NULL,'Monitor 19.1\" DELL P190S','CN-0Y858D-72872-87U-1AWU-A00',14,1,'activo','legal',NULL,'2008-01-01','true',8,49,5,10,62,494,'2019-09-12 11:52:13','2019-09-12 11:52:13'),
	(496,'Monitor 19.1\" DELL P190S',NULL,'Monitor 19.1\" DELL P190S','XX-0RNMH6-XXXXX-051-BKUL',14,1,'activo','legal',NULL,'2018-01-01','true',8,49,5,10,62,482,'2019-09-12 11:56:03','2019-09-12 11:56:03'),
	(497,'IMAC 20','ESTA EN EL DATACENTER SIN USO','IMAC 20 , 2.66, 2GB RAM','W891119J0TF',2,1,'averiado','legal',NULL,'2008-01-01','true',1,49,5,9,62,NULL,'2019-09-12 12:22:06','2019-09-12 12:22:06'),
	(498,'MAC PRO A1188',NULL,'MAC PRO A1188, 2.8 GHz Quad Core, 2GB RAM','G88266EPXYL',2,1,'averiado','legal',NULL,'2008-01-01','true',1,49,5,10,62,NULL,'2019-09-12 12:27:50','2019-09-12 12:27:50'),
	(499,'OptiPlex 9020 01',NULL,'Desktop DELL OptiPlex 9020 01, Windows 10 Professional (x64), Intel Core i5-4570 3.20 gigahertz,  4GB Ram','49QXT12 - ST49QXT12',2,1,'activo','legal',NULL,'2015-01-15','true',6,50,2,2,87,NULL,'2019-09-19 15:23:50','2019-09-19 15:23:50'),
	(500,'Windows 10 Professional (x64)',NULL,'Windows 10 Pro 64 bit','37DB4-QK8CF-TG88K-6PDP9-DJXPT',13,2,'activo','legal',NULL,'2015-01-15','true',10,50,2,2,87,NULL,'2019-09-19 15:27:00','2019-09-19 15:27:00'),
	(501,'Office Pyme 2007',NULL,'Office Pyme 2007','BH99F-PCQK3-T6YGX-MDFYV-87VBG',7,2,'activo','legal',NULL,'2007-01-15','true',5,50,2,2,87,NULL,'2019-09-19 15:30:03','2019-09-19 15:30:03'),
	(502,'Navisio 5.0',NULL,'Sistema contable','xxxxxx',8,2,'activo','legal',NULL,'2015-01-15','true',10,50,2,2,87,NULL,'2019-09-19 15:40:29','2019-09-19 15:40:29'),
	(503,'CISCO SG250-50P 50-port Gigabit PoE Smart',NULL,'CISCO SG250-50P 50-port Gigabit PoE Smart','PSZ22471LVT',4,1,'activo','legal',NULL,'2019-09-17','true',10,49,5,10,62,NULL,'2019-09-26 09:35:49','2019-09-26 09:35:49'),
	(504,'Peplink Balance One Core',NULL,'Peplink Balance One Core','192C-38E79902',4,1,'activo','legal',NULL,'2019-09-17','true',10,49,5,10,62,NULL,'2019-09-26 09:42:43','2019-09-26 09:42:43'),
	(505,'TP-Link AC4000 Archer A20',NULL,'AC4000 Wireless WiFi MU-Mimo Tri-Band Router de 1,8 GHz CPULink AggregationRangeboostBeamforming4K StreamingGaming (Archer A20)','21976553001623',11,1,'activo','legal',NULL,'2019-09-30','true',10,42,5,9,75,NULL,'2019-10-03 11:58:19','2019-10-03 11:58:19'),
	(506,'DELL Inspiron 3558',NULL,'DELL Inspiron 3558, 2.10 gigahertz Intel Core i3-5015U, Ram 4GB','5633WB2-CN7620665S010G',21,1,'activo','legal',NULL,'2016-01-01','true',8,34,4,11,45,NULL,'2019-10-14 11:40:08','2019-10-14 11:40:08'),
	(507,'Dell Inspiron 3558','Dell Inspiron 3558 2.10 gigahertz Intel Core i3-5015U, RAM 4GB','Dell Inspiron 3558','4462WB2/CN7620665R00XQ',21,1,'activo','legal',NULL,'2018-01-01','true',8,34,4,11,45,NULL,'2019-10-14 12:12:53','2019-10-14 12:12:53'),
	(508,'Dell Inspiron 3421',NULL,'Dell Inspiron 3421, 1.80 gigahertz Intel Core i5-3337U, RAM 6GB','6J0DKW1-CN7620635D005X',21,1,'activo','legal',NULL,'2012-01-01','true',6,34,4,11,45,NULL,'2019-10-14 12:21:54','2020-02-07 13:11:41'),
	(509,'Lenovo ideapad 110',NULL,'Lenovo ideapad 110, 2.30 gigahertz Intel Core i3-6100U, 4GB RAM','MP1672K1',21,1,'activo','legal',NULL,'2016-01-01','true',7,34,4,11,45,NULL,'2019-10-14 12:32:09','2019-10-14 12:32:09'),
	(510,'Lenovo ideapad 110 80u10',NULL,'Lenovo ideapad 110 80u10, 2.30 gigahertz Intel Core i3-6100U, RAM 4GB','MP14FNVC',21,1,'activo','legal',NULL,'2016-01-01','true',7,34,4,11,45,NULL,'2019-10-14 12:42:09','2019-10-14 12:42:09'),
	(511,'Latitude 5480',NULL,'LAPTOP Latitude 5480, 2.70 gigahertz Intel Core i5-7200U, RAM 8GB','D6ZNQN-CN1296384O01CA',21,1,'activo','legal',NULL,'2018-01-01','true',9,34,4,11,45,NULL,'2019-10-14 12:48:53','2019-10-14 12:48:53'),
	(512,'Epson Proyector H843A',NULL,'Epson Proyector H843A','X4LC850600L',10,1,'activo','legal',NULL,'2018-01-01','true',10,34,4,7,45,NULL,'2019-10-14 14:04:51','2019-10-14 14:04:51'),
	(513,'EPSON H430A',NULL,'Proyector EPSON H430A','PSPK2307411',10,1,'activo','legal',NULL,'2018-01-01','true',9,34,4,11,45,NULL,'2019-10-14 14:10:40','2019-10-14 14:10:40'),
	(514,'LATITUDE 3500',NULL,'LATITUDE 3500, 1.80 gigahertz Intel Core i5-8265U, RAM 8GB','7PR0JT2-CNWSC0095U002I',21,1,'activo','legal',NULL,'2019-10-01','true',10,34,4,11,45,NULL,'2019-10-14 15:59:55','2019-10-14 15:59:55'),
	(515,'LATITUDE 3500',NULL,'LATITUDE 3500, 1.80 gigahertz Intel Core i5-8265U, RAM 8GB','HLR0JT2-CNWSC0095U001E',21,1,'activo','legal',NULL,'2019-10-01','true',10,34,4,11,45,NULL,'2019-10-14 16:01:56','2019-10-14 16:01:56'),
	(516,'LATITUDE 3500',NULL,'LATITUDE 3500, 1.80 gigahertz Intel Core i5-8265U, RAM 8GB','2GZKHT2-CNWSC0095N002D',21,1,'activo','legal',NULL,'2019-10-01','true',10,34,4,11,45,NULL,'2019-10-14 16:06:03','2019-10-14 16:06:03'),
	(517,'LATITUDE 3500',NULL,'LATITUDE 3500,1.80 gigahertz Intel Core i5-8265U, RAM 8GB','4MR0JT2-CNWSC0095U001J',21,1,'activo','legal',NULL,'2019-10-01','true',10,34,4,11,45,NULL,'2019-10-14 16:09:21','2019-10-14 16:09:21'),
	(518,'LATITUDE 3500',NULL,'LATITUDE 3500,1.80 gigahertz Intel Core i5-8265U, RAM 8GB','44GVJT2-CNWSC0096G0024',21,1,'activo','legal',NULL,'2019-10-01','true',10,34,4,11,45,NULL,'2019-10-14 16:12:28','2019-10-14 16:12:28'),
	(519,'Dell Latitude E7450',NULL,'Laptop Dell Latitude E7450','D598S52',21,1,'activo','legal',NULL,'2019-12-15','true',10,25,3,4,32,NULL,'2020-01-13 11:49:42','2020-01-13 11:49:42'),
	(520,'Windows 10 Professional (x64)',NULL,'Sistema Operativo Windows 10 Professional','BVN68-3JF43-CT8G9-KTFC7-46YP4',13,2,'activo','legal',NULL,'2019-12-15','true',10,25,3,4,32,519,'2020-01-13 11:51:48','2020-01-13 11:51:48'),
	(521,'Office 2019 Hogar y Empresa','Se tomaron fotos del serial y caja. Correo: vcmultichannel2019@outlook.com Pwd: office2019hb','Office 2019 Hogar y Empresa','XM6DT-YNYV2-6HP2F-DWPX4-8B7GH',7,2,'activo','legal',NULL,'2020-01-22','true',10,25,3,4,32,519,'2020-01-22 11:10:21','2020-01-22 11:12:10'),
	(522,'DELL LATITUDE 5400','DELL LATITUDE 5400, 1.80 gigahertz, Intel Core i5-8265U, 8GB de RAM','DELL LATITUDE 5400, 1.80 gigahertz, Intel Core i5-8265U, 8GB de RAM','6JMRZY2-CNCMK0098Q0C1A',21,1,'activo','legal',NULL,'2020-02-05','true',10,34,4,11,45,NULL,'2020-02-05 15:03:55','2020-02-05 15:03:55'),
	(523,'DELL LATITUDE 5400','Laptop DELL Latitude 5400, 1.80 gigahertz Intel Core i5-8265U, 8 GB RAM','Laptop DELL Latitude 5400, 1.80 gigahertz Intel Core i5-8265U, 8 GB RAM','1ZSRZY2-CNCMK0098Q0B5C',21,1,'activo','legal',NULL,'2020-02-01','true',10,34,4,11,45,NULL,'2020-02-05 15:34:40','2020-02-05 15:34:40'),
	(524,'DELL LATITUDE 5400','DELL LATITUDE 5400, 1.80 gigahertz, Intel Core i5-8265U, 8GB RAM','DELL LATITUDE 5400, 1.80 gigahertz, Intel Core i5-8265U, 8GB RAM','9LQSZY2-CNCMK0098Q0C2B',21,1,'activo','legal',NULL,'2020-02-01','true',10,34,4,11,45,NULL,'2020-02-05 16:12:48','2020-02-05 16:12:48'),
	(525,'EPSON LX-350','IMPRESORA EPSON LX-350 PARA CHEQUES','IMPRESORA EPSON LX-350 PARA CHEQUES','Q75Y222962',3,1,'activo','legal',NULL,'2020-02-01','true',10,48,5,9,67,418,'2020-02-25 15:05:59','2020-02-25 15:05:59'),
	(526,'UPS FORZA EOSRT 1000VA 1K',NULL,'UPS FORZA EOSRT 1000VA 1K','19088311500043',6,1,'activo','legal',84,'2020-02-01','true',10,46,5,9,84,406,'2020-02-25 15:12:06','2020-03-18 17:36:48'),
	(527,'DELL Latitude E5470','Tiene su cargador','Laptop Dell Latitude E5470','GRGWQF2',21,1,'activo','legal',31,'2018-01-15','true',10,24,3,4,31,NULL,'2020-03-11 15:37:36','2020-03-11 15:37:36'),
	(528,'Cisco Meraki MR33',NULL,'Cisco Meraki MR33','Q2PD-KF92-FLNB',11,1,'activo','legal',NULL,'2020-02-01','true',10,36,4,5,42,NULL,'2020-03-11 22:47:13','2020-03-11 22:47:13'),
	(529,'LaView 16-Port 10/100Mbps+2G Combo PoE Switch',NULL,'16-Port 10/100Mbps+2G Combo PoE Switch','16-Port 10/100Mbps+2G Combo PoE Switch',4,1,'activo','legal',NULL,'2020-02-01','true',10,36,4,5,42,NULL,'2020-03-13 10:14:28','2020-03-13 10:14:28'),
	(530,'GrandStream GXP1625','Central Telefonica','Cental Telefonica Model: UCM6202','21AWMJRK7006D8D0',25,1,'activo','legal',NULL,'2020-02-01','true',10,36,4,5,42,NULL,'2020-03-13 12:05:05','2020-03-13 12:51:34'),
	(531,'GrandStream GXP1625',NULL,'Aparato Telefnico Model: GXP1625','20EZ1ZCK800CBB26',24,1,'activo','legal',NULL,'2020-02-01','true',10,31,4,5,50,NULL,'2020-03-13 12:16:33','2020-03-13 12:50:52'),
	(532,'GrandStream GXP1625',NULL,'Aparato Telefnico Model: GXP1625','20EZ1ZCK800CBACD',24,1,'activo','legal',NULL,'2020-02-01','true',10,29,4,5,43,NULL,'2020-03-13 12:57:48','2020-03-13 12:57:48'),
	(533,'GrandStream GXP1625',NULL,'Aparato Telefnico Model: GXP1625','20EZ1ZCK800CBBAC1',24,1,'activo','legal',NULL,'2020-02-01','true',10,27,4,5,35,NULL,'2020-03-13 13:25:04','2020-03-13 13:25:04'),
	(534,'GrandStream GXP-2140','Recepcionista','Aparatos Telefnicos Recepcin GXP-2140','20EYZMSJA0EBBB1D',24,1,'activo','legal',NULL,'2020-02-01','true',10,37,4,5,88,NULL,'2020-03-13 13:38:42','2020-03-17 10:46:04'),
	(535,'GrandStream GXP1625',NULL,'Aparato Telefnico Model: GXP1625','20EZ1ZCK800CBB0F',24,1,'activo','legal',NULL,'2020-02-01','true',10,37,4,5,58,NULL,'2020-03-13 14:26:53','2020-03-13 14:26:53'),
	(536,'GrandStream GXP1625',NULL,'Aparato Telefnico Model: GXP1625','20EZ1ZCK800CBABE',24,1,'activo','legal',NULL,'2020-02-01','true',10,36,4,5,42,NULL,'2020-03-13 14:30:15','2020-03-13 14:30:15'),
	(537,'GrandStream GXP1625',NULL,'Aparato Telefnico Model: GXP1625','20EZ1ZCK800CBA9B',24,1,'activo','legal',NULL,'2020-02-01','true',10,33,4,5,51,NULL,'2020-03-13 14:36:40','2020-03-17 10:30:50'),
	(538,'GrandStream GXP1625','Salon Conferencia','Aparato Telefnico Model: GXP1625','20EZ1ZCK800CBACC',24,1,'activo','legal',NULL,'2020-02-01','true',10,36,4,5,42,NULL,'2020-03-13 14:42:08','2020-03-17 10:22:05'),
	(539,'GrandStream GXP1625','Area de Cocina','Aparato Telefnico Model: GXP1625','20EZ1ZCK800CBAC0',24,1,'activo','legal',NULL,'2020-02-01','true',10,36,4,5,42,NULL,'2020-03-13 14:45:38','2020-03-17 10:27:49'),
	(540,'GrandStream GXP1625',NULL,'Aparato Telefnico Model: GXP1625','20EZ1ZCK800CBAF0',24,1,'activo','legal',NULL,'2020-02-01','true',10,26,4,5,33,NULL,'2020-03-13 14:47:58','2020-03-13 14:47:58'),
	(541,'GrandStream GXP1625',NULL,'Aparato Telefnico Model: GXP1625','20EZ1ZCK800CBA0C',24,1,'activo','legal',NULL,'2020-02-01','true',10,35,4,5,56,NULL,'2020-03-13 14:50:28','2020-03-13 14:50:28'),
	(542,'GrandStream GXP1625',NULL,'Aparato Telefnico Model: GXP1625','20EZ1ZCK800CBA36',24,1,'activo','legal',NULL,'2020-02-01','true',10,34,4,5,55,NULL,'2020-03-13 14:53:38','2020-03-13 14:53:38'),
	(543,'GrandStream GXP1625',NULL,'Aparato Telefnico Model: GXP1625','20EZ1ZCK800CB7E9',24,1,'activo','legal',NULL,'2020-02-01','true',10,34,4,5,90,NULL,'2020-03-13 14:56:04','2020-03-16 16:29:02'),
	(544,'TP-LINK TL-SF1048',NULL,'48-Port 10/100Mbps Switch','48-Port 10/100Mbps Switch',4,1,'activo','legal',NULL,'2020-02-01','true',10,36,4,8,42,NULL,'2020-03-17 11:52:55','2020-03-17 12:02:29'),
	(545,'NEXXT',NULL,'24 Port Fast 10/100 Switch','24 Port Fast 10/100 Switch',4,1,'activo','legal',NULL,'2020-02-01','true',10,36,4,8,42,NULL,'2020-03-17 12:01:55','2020-03-17 12:01:55'),
	(546,'MacBook Pro 16',NULL,'MacBook Pro 16, 2.6  gigahertz Intel Core i7, 16GB RAM','C02ZJH7YMD6M',21,1,'activo','legal',NULL,'2020-01-23','true',10,46,5,9,79,546,'2020-03-18 09:28:13','2020-03-18 09:31:54'),
	(547,'Latitude 5580',NULL,'Intel Core i5-7440HQ (quatre curs, 2,8GHz jusqu 3,8GHz, cache 6Mo, 35W vPro), Windows 10','829YHM2',21,1,'activo','legal',92,'2021-01-29','true',10,45,5,9,92,NULL,'2020-03-19 09:47:24','2020-03-19 09:47:24');

/*!40000 ALTER TABLE `inventarios` ENABLE KEYS */;
UNLOCK TABLES;


# Dump of table licencias
# ------------------------------------------------------------

DROP TABLE IF EXISTS `licencias`;

CREATE TABLE `licencias` (
  `id` bigint(20) unsigned NOT NULL AUTO_INCREMENT,
  `nombre_empresa` varchar(191) COLLATE utf8mb4_unicode_ci NOT NULL,
  `token_licencia` varchar(191) COLLATE utf8mb4_unicode_ci NOT NULL,
  `estado` enum('normal','advertencia','bloqueado') COLLATE utf8mb4_unicode_ci NOT NULL DEFAULT 'normal',
  `mensaje` text COLLATE utf8mb4_unicode_ci,
  `descripcion` text COLLATE utf8mb4_unicode_ci,
  `modo_facturacion` enum('servicios','iguala') COLLATE utf8mb4_unicode_ci DEFAULT 'iguala',
  `created_at` timestamp NULL DEFAULT NULL,
  `updated_at` timestamp NULL DEFAULT NULL,
  PRIMARY KEY (`id`)
) ENGINE=InnoDB DEFAULT CHARSET=utf8mb4 COLLATE=utf8mb4_unicode_ci;

LOCK TABLES `licencias` WRITE;
/*!40000 ALTER TABLE `licencias` DISABLE KEYS */;

INSERT INTO `licencias` (`id`, `nombre_empresa`, `token_licencia`, `estado`, `mensaje`, `descripcion`, `modo_facturacion`, `created_at`, `updated_at`)
VALUES
	(0,'DTE','$2y$10$q.zna2Q4j8MXnsbwJDu8NelpUFZ.pB4ByucMDw99qHAkoc.GpyfNu','normal',NULL,'DTE','servicios','2019-08-05 11:26:27','2020-03-02 17:11:13'),
	(1,'VCM','$2y$10$XtCcVOjfxrImJG0RDlD1Fe1.LuduzyGaWVrtbCqZ9xQmLt0nWFnRK','normal',NULL,'VCM','iguala','2019-08-05 11:26:27','2020-03-02 15:32:46'),
	(2,'ERGOTEC','$2y$10$3d5F9XQZdqkQa90jWgs63ujMautoSZqZLy/8yZ.lIe7UzEFEvJI8u','normal',NULL,'ERGOTEC','iguala','2019-08-05 11:26:42','2019-08-05 12:12:35'),
	(3,'SFH','$2y$10$B2BL6lylWHWnKwUhfGB50eQElqUA47/pm3C56oLQeOJSUyJAIW2Nu','normal',NULL,'SFH','servicios','2019-08-05 11:27:00','2020-03-02 15:32:29'),
	(4,'ACTIVA GROUP SRL','$2y$10$SAOuU54EpHyOCAbAPz6cWeky3fvMTOekFz.fT3bBy.V8DrwSEJgo2','normal',NULL,'Agencia de creacin e implementacin de experiencias de marketing. Siempre guiados por la innova.','iguala','2019-09-03 13:02:52','2020-03-02 15:32:21');

/*!40000 ALTER TABLE `licencias` ENABLE KEYS */;
UNLOCK TABLES;


# Dump of table localidads
# ------------------------------------------------------------

DROP TABLE IF EXISTS `localidads`;

CREATE TABLE `localidads` (
  `id` bigint(20) unsigned NOT NULL AUTO_INCREMENT,
  `nombre` varchar(191) COLLATE utf8mb4_unicode_ci NOT NULL,
  `direccion` varchar(191) COLLATE utf8mb4_unicode_ci NOT NULL,
  `telefono` varchar(191) COLLATE utf8mb4_unicode_ci NOT NULL,
  `empresa_id` bigint(20) unsigned NOT NULL,
  `created_at` timestamp NULL DEFAULT NULL,
  `updated_at` timestamp NULL DEFAULT NULL,
  PRIMARY KEY (`id`),
  KEY `localidads_empresa_id_index` (`empresa_id`)
) ENGINE=InnoDB DEFAULT CHARSET=utf8mb4 COLLATE=utf8mb4_unicode_ci;

LOCK TABLES `localidads` WRITE;
/*!40000 ALTER TABLE `localidads` DISABLE KEYS */;

INSERT INTO `localidads` (`id`, `nombre`, `direccion`, `telefono`, `empresa_id`, `created_at`, `updated_at`)
VALUES
	(1,'DTE ONLINE','DTE, Av. Rmulo Betancourt No 387 Suite 303, Santo Domingo, Repblica Dominicana','809-362-2626',1,'2019-07-24 21:08:25','2019-07-24 21:08:25'),
	(2,'ERGOTEC oficina principal','Edificio Corporativo Bristol Freddy Prestol Castillo 10, Piantini. Santo Domingo, D. N.','809-412-7575',2,'2019-08-05 11:49:20','2019-08-05 11:50:25'),
	(3,'ERGOTEC - Instal almacen','Av. Socorro Sanchez #151','809-530-1233',2,'2019-08-05 11:52:48','2019-08-05 11:52:48'),
	(4,'VCM-Oficina Principal','Solazar Business Center, Avenida Gustavo Meja Ricart 54, Santo Domingo','809-542-1515',3,'2019-08-05 12:57:09','2019-08-05 17:21:46'),
	(5,'Principal-Oficinas','Calle 9 No.7, Esq. Pedro Agustin Morel, Mirador Norte Santo Domingo, Rep., Dom.','809-532-5848',4,'2019-08-09 11:54:26','2019-08-22 13:02:49'),
	(6,'Almacn San Cristbal','Direccin y Contacto del Almacn KM 10 Autopista 6 de Noviembre, Hatillo, San Cristobal.','829-240-7489',4,'2019-08-13 10:44:19','2019-08-15 17:47:27'),
	(7,'Principal-Archivo','Calle 9 No.7, Esq. Pedro Agustin Morel, Mirador Norte Santo Domingo, Rep., Dom.','809-532-5848',4,'2019-08-22 10:04:29','2019-08-22 13:02:16'),
	(8,'Principal-DataCenter','Calle 9 No.7, Esq. Pedro Agustin Morel, Mirador Norte Santo Domingo, Rep., Dom.','809-532-5848',4,'2019-08-22 13:03:30','2019-08-22 13:03:30'),
	(9,'Principal-Oficinas','Calle Hermanas Roque Martnez 104, Santo Domingo, R.D.','809-534-1616',5,'2019-09-06 16:39:52','2019-09-06 16:39:52'),
	(10,'Principal-DataCenter','Calle Hermanas Roque Martnez 104, Santo Domingo, R.D.','809-534-1616',5,'2019-09-06 16:40:22','2019-09-06 16:40:22'),
	(11,'SFH Santiago De los Caballeros','Oficina Santiago','8298271448',4,'2019-09-17 15:56:02','2019-09-17 15:56:02');

/*!40000 ALTER TABLE `localidads` ENABLE KEYS */;
UNLOCK TABLES;


# Dump of table migrations
# ------------------------------------------------------------

DROP TABLE IF EXISTS `migrations`;

CREATE TABLE `migrations` (
  `id` int(10) unsigned NOT NULL AUTO_INCREMENT,
  `migration` varchar(191) COLLATE utf8mb4_unicode_ci NOT NULL,
  `batch` int(11) NOT NULL,
  PRIMARY KEY (`id`)
) ENGINE=InnoDB DEFAULT CHARSET=utf8mb4 COLLATE=utf8mb4_unicode_ci;

LOCK TABLES `migrations` WRITE;
/*!40000 ALTER TABLE `migrations` DISABLE KEYS */;

INSERT INTO `migrations` (`id`, `migration`, `batch`)
VALUES
	(241,'2014_10_12_000000_create_users_table',1),
	(242,'2014_10_12_100000_create_password_resets_table',1),
	(243,'2019_06_11_142019_create_empresa_modulos_table',1),
	(244,'2019_06_11_145704_create_departamentos_table',1),
	(245,'2019_06_11_150048_create_areas_table',1),
	(246,'2019_06_11_150228_create_posicions_table',1),
	(247,'2019_06_11_150449_create_empleados_table',1),
	(248,'2019_06_11_151722_create_procesos_table',1),
	(249,'2019_06_11_152302_create_tickets_table',1),
	(250,'2019_06_11_152303_create_categoria_tickets_table',1),
	(251,'2019_06_11_152854_create_tipo_incidencias_table',1),
	(252,'2019_06_11_153048_create_localidads_table',1),
	(253,'2019_06_11_154509_create_tipo_inventarios_table',1),
	(254,'2019_06_11_154557_create_categoria_inventarios_table',1),
	(255,'2019_06_11_155235_create_inventarios_table',1),
	(256,'2019_06_11_155654_create_archivo_inventarios_table',1),
	(257,'2019_06_11_162147_create_soportes_table',1),
	(258,'2019_06_11_164513_create_licencias_table',1),
	(259,'2019_06_11_181300_create_acceso_soporte_table',1),
	(260,'2019_06_11_185908_create_categoria_soportes_table',1),
	(261,'2019_06_11_202528_create_archivo_tickets_table',1),
	(262,'2019_06_11_202625_create_comentario_tickets_table',1),
	(263,'2019_06_11_205707_create_eventos_tickets_table',1),
	(264,'2019_06_11_211559_create_notificaciones_usuarios_table',1),
	(265,'2019_06_12_202023_create_area_soportes_table',1),
	(266,'2019_06_14_142919_create_permission_tables',1),
	(267,'2019_06_14_143135_create_empresas_table',1),
	(268,'2019_06_14_143233_create_modulos_table',1),
	(269,'2019_06_17_031618_create_soportes_licencias_table',1),
	(270,'2019_06_25_135647_create_tarjeta_codigos_empleados_table',1);

/*!40000 ALTER TABLE `migrations` ENABLE KEYS */;
UNLOCK TABLES;


# Dump of table model_has_permissions
# ------------------------------------------------------------

DROP TABLE IF EXISTS `model_has_permissions`;

CREATE TABLE `model_has_permissions` (
  `permission_id` int(10) unsigned NOT NULL,
  `model_type` varchar(191) COLLATE utf8mb4_unicode_ci NOT NULL,
  `model_id` bigint(20) unsigned NOT NULL,
  PRIMARY KEY (`permission_id`,`model_id`,`model_type`),
  KEY `model_has_permissions_model_id_model_type_index` (`model_id`,`model_type`),
  CONSTRAINT `model_has_permissions_permission_id_foreign` FOREIGN KEY (`permission_id`) REFERENCES `permissions` (`id`) ON DELETE CASCADE
) ENGINE=InnoDB DEFAULT CHARSET=utf8mb4 COLLATE=utf8mb4_unicode_ci;

LOCK TABLES `model_has_permissions` WRITE;
/*!40000 ALTER TABLE `model_has_permissions` DISABLE KEYS */;

INSERT INTO `model_has_permissions` (`permission_id`, `model_type`, `model_id`)
VALUES
	(1,'App\\User',1),
	(2,'App\\User',1),
	(3,'App\\User',1),
	(4,'App\\User',1),
	(5,'App\\User',1),
	(6,'App\\User',1),
	(7,'App\\User',1),
	(8,'App\\User',1),
	(9,'App\\User',1),
	(10,'App\\User',1),
	(11,'App\\User',1),
	(12,'App\\User',1),
	(13,'App\\User',1),
	(14,'App\\User',1),
	(15,'App\\User',1),
	(16,'App\\User',1),
	(17,'App\\User',1),
	(18,'App\\User',1),
	(19,'App\\User',1),
	(20,'App\\User',1),
	(21,'App\\User',1),
	(22,'App\\User',1),
	(23,'App\\User',1),
	(24,'App\\User',1),
	(25,'App\\User',1),
	(26,'App\\User',1),
	(27,'App\\User',1),
	(28,'App\\User',1),
	(29,'App\\User',1),
	(30,'App\\User',1),
	(31,'App\\User',1),
	(32,'App\\User',1),
	(33,'App\\User',1),
	(34,'App\\User',1),
	(35,'App\\User',1),
	(36,'App\\User',1),
	(37,'App\\User',1),
	(38,'App\\User',1),
	(39,'App\\User',1),
	(40,'App\\User',1),
	(41,'App\\User',1),
	(42,'App\\User',1),
	(43,'App\\User',1),
	(44,'App\\User',1),
	(45,'App\\User',1),
	(46,'App\\User',1),
	(47,'App\\User',1),
	(48,'App\\User',1),
	(49,'App\\User',1),
	(50,'App\\User',1),
	(51,'App\\User',1),
	(52,'App\\User',1),
	(53,'App\\User',1),
	(54,'App\\User',1),
	(55,'App\\User',1),
	(56,'App\\User',1),
	(57,'App\\User',1),
	(58,'App\\User',1),
	(59,'App\\User',1),
	(60,'App\\User',1),
	(61,'App\\User',1),
	(62,'App\\User',1),
	(63,'App\\User',1),
	(64,'App\\User',1),
	(65,'App\\User',1),
	(66,'App\\User',1),
	(67,'App\\User',1),
	(68,'App\\User',1),
	(69,'App\\User',1),
	(70,'App\\User',1),
	(71,'App\\User',1),
	(72,'App\\User',1),
	(73,'App\\User',1),
	(74,'App\\User',1),
	(75,'App\\User',1),
	(76,'App\\User',1),
	(77,'App\\User',1),
	(78,'App\\User',1),
	(79,'App\\User',1),
	(80,'App\\User',1),
	(81,'App\\User',1),
	(82,'App\\User',1),
	(83,'App\\User',1),
	(84,'App\\User',1),
	(85,'App\\User',1),
	(86,'App\\User',1),
	(87,'App\\User',1),
	(88,'App\\User',1),
	(89,'App\\User',1),
	(90,'App\\User',1),
	(91,'App\\User',1),
	(92,'App\\User',1),
	(93,'App\\User',1),
	(94,'App\\User',1),
	(95,'App\\User',1),
	(96,'App\\User',1),
	(97,'App\\User',1),
	(98,'App\\User',1),
	(99,'App\\User',1),
	(100,'App\\User',1),
	(101,'App\\User',1),
	(102,'App\\User',1),
	(103,'App\\User',1),
	(104,'App\\User',1),
	(105,'App\\User',1),
	(106,'App\\User',1),
	(107,'App\\User',1),
	(108,'App\\User',1),
	(109,'App\\User',1),
	(110,'App\\User',1),
	(111,'App\\User',1),
	(112,'App\\User',1),
	(113,'App\\User',1),
	(114,'App\\User',1),
	(115,'App\\User',1),
	(116,'App\\User',1),
	(117,'App\\User',1),
	(118,'App\\User',1),
	(119,'App\\User',1),
	(120,'App\\User',1),
	(121,'App\\User',1),
	(122,'App\\User',1),
	(123,'App\\User',1),
	(124,'App\\User',1),
	(125,'App\\User',1),
	(126,'App\\User',1),
	(127,'App\\User',1),
	(128,'App\\User',1),
	(129,'App\\User',1),
	(130,'App\\User',1),
	(1,'App\\User',3),
	(2,'App\\User',3),
	(3,'App\\User',3),
	(4,'App\\User',3),
	(5,'App\\User',3),
	(6,'App\\User',3),
	(7,'App\\User',3),
	(8,'App\\User',3),
	(9,'App\\User',3),
	(10,'App\\User',3),
	(11,'App\\User',3),
	(12,'App\\User',3),
	(13,'App\\User',3),
	(14,'App\\User',3),
	(15,'App\\User',3),
	(16,'App\\User',3),
	(17,'App\\User',3),
	(18,'App\\User',3),
	(19,'App\\User',3),
	(20,'App\\User',3),
	(21,'App\\User',3),
	(22,'App\\User',3),
	(23,'App\\User',3),
	(24,'App\\User',3),
	(25,'App\\User',3),
	(26,'App\\User',3),
	(27,'App\\User',3),
	(28,'App\\User',3),
	(29,'App\\User',3),
	(30,'App\\User',3),
	(31,'App\\User',3),
	(32,'App\\User',3),
	(33,'App\\User',3),
	(34,'App\\User',3),
	(35,'App\\User',3),
	(36,'App\\User',3),
	(37,'App\\User',3),
	(38,'App\\User',3),
	(39,'App\\User',3),
	(40,'App\\User',3),
	(41,'App\\User',3),
	(42,'App\\User',3),
	(43,'App\\User',3),
	(44,'App\\User',3),
	(45,'App\\User',3),
	(46,'App\\User',3),
	(58,'App\\User',3),
	(59,'App\\User',3),
	(60,'App\\User',3),
	(61,'App\\User',3),
	(62,'App\\User',3),
	(63,'App\\User',3),
	(64,'App\\User',3),
	(65,'App\\User',3),
	(66,'App\\User',3),
	(67,'App\\User',3),
	(68,'App\\User',3),
	(69,'App\\User',3),
	(70,'App\\User',3),
	(71,'App\\User',3),
	(72,'App\\User',3),
	(73,'App\\User',3),
	(74,'App\\User',3),
	(75,'App\\User',3),
	(76,'App\\User',3),
	(77,'App\\User',3),
	(78,'App\\User',3),
	(79,'App\\User',3),
	(80,'App\\User',3),
	(81,'App\\User',3),
	(82,'App\\User',3),
	(83,'App\\User',3),
	(84,'App\\User',3),
	(85,'App\\User',3),
	(86,'App\\User',3),
	(87,'App\\User',3),
	(88,'App\\User',3),
	(89,'App\\User',3),
	(90,'App\\User',3),
	(91,'App\\User',3),
	(92,'App\\User',3),
	(93,'App\\User',3),
	(94,'App\\User',3),
	(95,'App\\User',3),
	(96,'App\\User',3),
	(97,'App\\User',3),
	(98,'App\\User',3),
	(99,'App\\User',3),
	(100,'App\\User',3),
	(104,'App\\User',3),
	(107,'App\\User',3),
	(112,'App\\User',3),
	(1,'App\\User',5),
	(2,'App\\User',5),
	(3,'App\\User',5),
	(4,'App\\User',5),
	(5,'App\\User',5),
	(6,'App\\User',5),
	(7,'App\\User',5),
	(8,'App\\User',5),
	(9,'App\\User',5),
	(10,'App\\User',5),
	(11,'App\\User',5),
	(12,'App\\User',5),
	(13,'App\\User',5),
	(14,'App\\User',5),
	(15,'App\\User',5),
	(16,'App\\User',5),
	(17,'App\\User',5),
	(18,'App\\User',5),
	(19,'App\\User',5),
	(20,'App\\User',5),
	(21,'App\\User',5),
	(22,'App\\User',5),
	(23,'App\\User',5),
	(24,'App\\User',5),
	(25,'App\\User',5),
	(26,'App\\User',5),
	(27,'App\\User',5),
	(28,'App\\User',5),
	(29,'App\\User',5),
	(30,'App\\User',5),
	(31,'App\\User',5),
	(32,'App\\User',5),
	(33,'App\\User',5),
	(34,'App\\User',5),
	(35,'App\\User',5),
	(36,'App\\User',5),
	(37,'App\\User',5),
	(38,'App\\User',5),
	(39,'App\\User',5),
	(40,'App\\User',5),
	(41,'App\\User',5),
	(42,'App\\User',5),
	(43,'App\\User',5),
	(44,'App\\User',5),
	(45,'App\\User',5),
	(46,'App\\User',5),
	(58,'App\\User',5),
	(59,'App\\User',5),
	(60,'App\\User',5),
	(61,'App\\User',5),
	(62,'App\\User',5),
	(63,'App\\User',5),
	(64,'App\\User',5),
	(65,'App\\User',5),
	(66,'App\\User',5),
	(67,'App\\User',5),
	(68,'App\\User',5),
	(69,'App\\User',5),
	(70,'App\\User',5),
	(71,'App\\User',5),
	(72,'App\\User',5),
	(73,'App\\User',5),
	(74,'App\\User',5),
	(75,'App\\User',5),
	(76,'App\\User',5),
	(77,'App\\User',5),
	(78,'App\\User',5),
	(79,'App\\User',5),
	(80,'App\\User',5),
	(81,'App\\User',5),
	(82,'App\\User',5),
	(83,'App\\User',5),
	(84,'App\\User',5),
	(85,'App\\User',5),
	(86,'App\\User',5),
	(87,'App\\User',5),
	(88,'App\\User',5),
	(89,'App\\User',5),
	(90,'App\\User',5),
	(91,'App\\User',5),
	(92,'App\\User',5),
	(93,'App\\User',5),
	(94,'App\\User',5),
	(95,'App\\User',5),
	(96,'App\\User',5),
	(97,'App\\User',5),
	(98,'App\\User',5),
	(99,'App\\User',5),
	(100,'App\\User',5),
	(104,'App\\User',5),
	(107,'App\\User',5),
	(112,'App\\User',5),
	(1,'App\\User',6),
	(2,'App\\User',6),
	(3,'App\\User',6),
	(4,'App\\User',6),
	(5,'App\\User',6),
	(6,'App\\User',6),
	(7,'App\\User',6),
	(8,'App\\User',6),
	(9,'App\\User',6),
	(10,'App\\User',6),
	(11,'App\\User',6),
	(12,'App\\User',6),
	(13,'App\\User',6),
	(14,'App\\User',6),
	(15,'App\\User',6),
	(16,'App\\User',6),
	(17,'App\\User',6),
	(18,'App\\User',6),
	(19,'App\\User',6),
	(20,'App\\User',6),
	(21,'App\\User',6),
	(22,'App\\User',6),
	(23,'App\\User',6),
	(24,'App\\User',6),
	(25,'App\\User',6),
	(26,'App\\User',6),
	(27,'App\\User',6),
	(28,'App\\User',6),
	(29,'App\\User',6),
	(30,'App\\User',6),
	(31,'App\\User',6),
	(32,'App\\User',6),
	(33,'App\\User',6),
	(34,'App\\User',6),
	(35,'App\\User',6),
	(36,'App\\User',6),
	(37,'App\\User',6),
	(38,'App\\User',6),
	(39,'App\\User',6),
	(40,'App\\User',6),
	(41,'App\\User',6),
	(42,'App\\User',6),
	(43,'App\\User',6),
	(44,'App\\User',6),
	(45,'App\\User',6),
	(46,'App\\User',6),
	(47,'App\\User',6),
	(48,'App\\User',6),
	(49,'App\\User',6),
	(50,'App\\User',6),
	(51,'App\\User',6),
	(52,'App\\User',6),
	(53,'App\\User',6),
	(54,'App\\User',6),
	(55,'App\\User',6),
	(56,'App\\User',6),
	(57,'App\\User',6),
	(58,'App\\User',6),
	(59,'App\\User',6),
	(60,'App\\User',6),
	(61,'App\\User',6),
	(62,'App\\User',6),
	(63,'App\\User',6),
	(64,'App\\User',6),
	(65,'App\\User',6),
	(66,'App\\User',6),
	(67,'App\\User',6),
	(68,'App\\User',6),
	(69,'App\\User',6),
	(70,'App\\User',6),
	(71,'App\\User',6),
	(72,'App\\User',6),
	(73,'App\\User',6),
	(74,'App\\User',6),
	(75,'App\\User',6),
	(76,'App\\User',6),
	(77,'App\\User',6),
	(78,'App\\User',6),
	(79,'App\\User',6),
	(80,'App\\User',6),
	(81,'App\\User',6),
	(82,'App\\User',6),
	(83,'App\\User',6),
	(84,'App\\User',6),
	(85,'App\\User',6),
	(86,'App\\User',6),
	(87,'App\\User',6),
	(88,'App\\User',6),
	(89,'App\\User',6),
	(90,'App\\User',6),
	(91,'App\\User',6),
	(92,'App\\User',6),
	(93,'App\\User',6),
	(94,'App\\User',6),
	(95,'App\\User',6),
	(96,'App\\User',6),
	(97,'App\\User',6),
	(98,'App\\User',6),
	(99,'App\\User',6),
	(100,'App\\User',6),
	(101,'App\\User',6),
	(102,'App\\User',6),
	(103,'App\\User',6),
	(104,'App\\User',6),
	(105,'App\\User',6),
	(106,'App\\User',6),
	(107,'App\\User',6),
	(108,'App\\User',6),
	(109,'App\\User',6),
	(110,'App\\User',6),
	(111,'App\\User',6),
	(112,'App\\User',6),
	(113,'App\\User',6),
	(114,'App\\User',6),
	(115,'App\\User',6),
	(116,'App\\User',6),
	(117,'App\\User',6),
	(118,'App\\User',6),
	(119,'App\\User',6),
	(120,'App\\User',6),
	(121,'App\\User',6),
	(122,'App\\User',6),
	(123,'App\\User',6),
	(124,'App\\User',6),
	(125,'App\\User',6),
	(126,'App\\User',6),
	(127,'App\\User',6),
	(128,'App\\User',6),
	(129,'App\\User',6),
	(130,'App\\User',6),
	(98,'App\\User',31),
	(99,'App\\User',31),
	(100,'App\\User',31),
	(105,'App\\User',31),
	(107,'App\\User',31),
	(113,'App\\User',31),
	(114,'App\\User',31),
	(98,'App\\User',32),
	(99,'App\\User',32),
	(100,'App\\User',32),
	(105,'App\\User',32),
	(107,'App\\User',32),
	(113,'App\\User',32),
	(114,'App\\User',32),
	(98,'App\\User',33),
	(99,'App\\User',33),
	(100,'App\\User',33),
	(102,'App\\User',33),
	(105,'App\\User',33),
	(107,'App\\User',33),
	(108,'App\\User',33),
	(109,'App\\User',33),
	(113,'App\\User',33),
	(114,'App\\User',33),
	(98,'App\\User',34),
	(99,'App\\User',34),
	(100,'App\\User',34),
	(105,'App\\User',34),
	(107,'App\\User',34),
	(113,'App\\User',34),
	(114,'App\\User',34),
	(98,'App\\User',35),
	(99,'App\\User',35),
	(100,'App\\User',35),
	(105,'App\\User',35),
	(107,'App\\User',35),
	(113,'App\\User',35),
	(114,'App\\User',35),
	(98,'App\\User',36),
	(99,'App\\User',36),
	(100,'App\\User',36),
	(105,'App\\User',36),
	(107,'App\\User',36),
	(113,'App\\User',36),
	(114,'App\\User',36),
	(98,'App\\User',40),
	(99,'App\\User',40),
	(100,'App\\User',40),
	(105,'App\\User',40),
	(107,'App\\User',40),
	(113,'App\\User',40),
	(114,'App\\User',40),
	(98,'App\\User',41),
	(99,'App\\User',41),
	(100,'App\\User',41),
	(105,'App\\User',41),
	(107,'App\\User',41),
	(113,'App\\User',41),
	(114,'App\\User',41),
	(98,'App\\User',42),
	(99,'App\\User',42),
	(100,'App\\User',42),
	(105,'App\\User',42),
	(107,'App\\User',42),
	(113,'App\\User',42),
	(114,'App\\User',42),
	(98,'App\\User',43),
	(99,'App\\User',43),
	(100,'App\\User',43),
	(105,'App\\User',43),
	(107,'App\\User',43),
	(113,'App\\User',43),
	(114,'App\\User',43),
	(98,'App\\User',44),
	(99,'App\\User',44),
	(100,'App\\User',44),
	(105,'App\\User',44),
	(107,'App\\User',44),
	(113,'App\\User',44),
	(114,'App\\User',44),
	(98,'App\\User',45),
	(99,'App\\User',45),
	(100,'App\\User',45),
	(105,'App\\User',45),
	(107,'App\\User',45),
	(113,'App\\User',45),
	(114,'App\\User',45),
	(98,'App\\User',46),
	(99,'App\\User',46),
	(100,'App\\User',46),
	(105,'App\\User',46),
	(107,'App\\User',46),
	(113,'App\\User',46),
	(114,'App\\User',46),
	(98,'App\\User',48),
	(99,'App\\User',48),
	(100,'App\\User',48),
	(105,'App\\User',48),
	(107,'App\\User',48),
	(113,'App\\User',48),
	(114,'App\\User',48),
	(58,'App\\User',50),
	(59,'App\\User',50),
	(61,'App\\User',50),
	(98,'App\\User',50),
	(99,'App\\User',50),
	(100,'App\\User',50),
	(102,'App\\User',50),
	(105,'App\\User',50),
	(107,'App\\User',50),
	(108,'App\\User',50),
	(109,'App\\User',50),
	(113,'App\\User',50),
	(114,'App\\User',50),
	(115,'App\\User',50),
	(116,'App\\User',50),
	(119,'App\\User',50),
	(120,'App\\User',50),
	(130,'App\\User',50),
	(98,'App\\User',51),
	(99,'App\\User',51),
	(100,'App\\User',51),
	(105,'App\\User',51),
	(107,'App\\User',51),
	(113,'App\\User',51),
	(114,'App\\User',51),
	(98,'App\\User',52),
	(99,'App\\User',52),
	(100,'App\\User',52),
	(105,'App\\User',52),
	(107,'App\\User',52),
	(113,'App\\User',52),
	(114,'App\\User',52),
	(98,'App\\User',53),
	(99,'App\\User',53),
	(100,'App\\User',53),
	(105,'App\\User',53),
	(107,'App\\User',53),
	(113,'App\\User',53),
	(114,'App\\User',53),
	(98,'App\\User',54),
	(99,'App\\User',54),
	(100,'App\\User',54),
	(105,'App\\User',54),
	(107,'App\\User',54),
	(113,'App\\User',54),
	(114,'App\\User',54),
	(98,'App\\User',55),
	(99,'App\\User',55),
	(100,'App\\User',55),
	(105,'App\\User',55),
	(107,'App\\User',55),
	(113,'App\\User',55),
	(114,'App\\User',55),
	(98,'App\\User',56),
	(99,'App\\User',56),
	(100,'App\\User',56),
	(105,'App\\User',56),
	(107,'App\\User',56),
	(113,'App\\User',56),
	(114,'App\\User',56),
	(98,'App\\User',57),
	(99,'App\\User',57),
	(100,'App\\User',57),
	(105,'App\\User',57),
	(107,'App\\User',57),
	(113,'App\\User',57),
	(114,'App\\User',57),
	(98,'App\\User',58),
	(99,'App\\User',58),
	(100,'App\\User',58),
	(105,'App\\User',58),
	(107,'App\\User',58),
	(113,'App\\User',58),
	(114,'App\\User',58),
	(98,'App\\User',59),
	(99,'App\\User',59),
	(100,'App\\User',59),
	(105,'App\\User',59),
	(107,'App\\User',59),
	(113,'App\\User',59),
	(114,'App\\User',59),
	(98,'App\\User',60),
	(99,'App\\User',60),
	(100,'App\\User',60),
	(105,'App\\User',60),
	(107,'App\\User',60),
	(113,'App\\User',60),
	(114,'App\\User',60),
	(98,'App\\User',61),
	(99,'App\\User',61),
	(100,'App\\User',61),
	(105,'App\\User',61),
	(107,'App\\User',61),
	(113,'App\\User',61),
	(114,'App\\User',61),
	(98,'App\\User',62),
	(99,'App\\User',62),
	(100,'App\\User',62),
	(105,'App\\User',62),
	(107,'App\\User',62),
	(113,'App\\User',62),
	(114,'App\\User',62),
	(98,'App\\User',63),
	(99,'App\\User',63),
	(100,'App\\User',63),
	(102,'App\\User',63),
	(105,'App\\User',63),
	(107,'App\\User',63),
	(108,'App\\User',63),
	(109,'App\\User',63),
	(113,'App\\User',63),
	(114,'App\\User',63),
	(98,'App\\User',64),
	(99,'App\\User',64),
	(100,'App\\User',64),
	(105,'App\\User',64),
	(107,'App\\User',64),
	(113,'App\\User',64),
	(114,'App\\User',64),
	(98,'App\\User',65),
	(99,'App\\User',65),
	(100,'App\\User',65),
	(105,'App\\User',65),
	(107,'App\\User',65),
	(113,'App\\User',65),
	(114,'App\\User',65),
	(58,'App\\User',66),
	(59,'App\\User',66),
	(61,'App\\User',66),
	(98,'App\\User',66),
	(99,'App\\User',66),
	(100,'App\\User',66),
	(102,'App\\User',66),
	(105,'App\\User',66),
	(107,'App\\User',66),
	(108,'App\\User',66),
	(109,'App\\User',66),
	(113,'App\\User',66),
	(114,'App\\User',66),
	(115,'App\\User',66),
	(116,'App\\User',66),
	(119,'App\\User',66),
	(120,'App\\User',66),
	(130,'App\\User',66),
	(98,'App\\User',67),
	(99,'App\\User',67),
	(100,'App\\User',67),
	(105,'App\\User',67),
	(107,'App\\User',67),
	(113,'App\\User',67),
	(114,'App\\User',67),
	(98,'App\\User',68),
	(99,'App\\User',68),
	(100,'App\\User',68),
	(105,'App\\User',68),
	(107,'App\\User',68),
	(113,'App\\User',68),
	(114,'App\\User',68),
	(58,'App\\User',69),
	(59,'App\\User',69),
	(61,'App\\User',69),
	(98,'App\\User',69),
	(99,'App\\User',69),
	(100,'App\\User',69),
	(130,'App\\User',69),
	(98,'App\\User',70),
	(99,'App\\User',70),
	(100,'App\\User',70),
	(105,'App\\User',70),
	(107,'App\\User',70),
	(113,'App\\User',70),
	(114,'App\\User',70),
	(98,'App\\User',72),
	(99,'App\\User',72),
	(100,'App\\User',72),
	(105,'App\\User',72),
	(107,'App\\User',72),
	(113,'App\\User',72),
	(114,'App\\User',72),
	(98,'App\\User',73),
	(99,'App\\User',73),
	(100,'App\\User',73),
	(105,'App\\User',73),
	(107,'App\\User',73),
	(113,'App\\User',73),
	(114,'App\\User',73),
	(98,'App\\User',74),
	(99,'App\\User',74),
	(100,'App\\User',74),
	(105,'App\\User',74),
	(107,'App\\User',74),
	(113,'App\\User',74),
	(114,'App\\User',74),
	(98,'App\\User',75),
	(99,'App\\User',75),
	(100,'App\\User',75),
	(105,'App\\User',75),
	(107,'App\\User',75),
	(113,'App\\User',75),
	(114,'App\\User',75),
	(98,'App\\User',76),
	(99,'App\\User',76),
	(100,'App\\User',76),
	(105,'App\\User',76),
	(107,'App\\User',76),
	(113,'App\\User',76),
	(114,'App\\User',76),
	(98,'App\\User',77),
	(99,'App\\User',77),
	(100,'App\\User',77),
	(105,'App\\User',77),
	(107,'App\\User',77),
	(113,'App\\User',77),
	(114,'App\\User',77),
	(98,'App\\User',78),
	(99,'App\\User',78),
	(100,'App\\User',78),
	(105,'App\\User',78),
	(107,'App\\User',78),
	(113,'App\\User',78),
	(114,'App\\User',78),
	(98,'App\\User',79),
	(99,'App\\User',79),
	(100,'App\\User',79),
	(105,'App\\User',79),
	(107,'App\\User',79),
	(113,'App\\User',79),
	(114,'App\\User',79),
	(98,'App\\User',80),
	(99,'App\\User',80),
	(100,'App\\User',80),
	(105,'App\\User',80),
	(107,'App\\User',80),
	(113,'App\\User',80),
	(114,'App\\User',80),
	(98,'App\\User',81),
	(99,'App\\User',81),
	(100,'App\\User',81),
	(105,'App\\User',81),
	(107,'App\\User',81),
	(113,'App\\User',81),
	(114,'App\\User',81),
	(98,'App\\User',82),
	(99,'App\\User',82),
	(100,'App\\User',82),
	(105,'App\\User',82),
	(107,'App\\User',82),
	(113,'App\\User',82),
	(114,'App\\User',82),
	(98,'App\\User',83),
	(99,'App\\User',83),
	(100,'App\\User',83),
	(105,'App\\User',83),
	(107,'App\\User',83),
	(113,'App\\User',83),
	(114,'App\\User',83),
	(98,'App\\User',84),
	(99,'App\\User',84),
	(100,'App\\User',84),
	(105,'App\\User',84),
	(107,'App\\User',84),
	(113,'App\\User',84),
	(114,'App\\User',84),
	(98,'App\\User',85),
	(99,'App\\User',85),
	(100,'App\\User',85),
	(105,'App\\User',85),
	(107,'App\\User',85),
	(113,'App\\User',85),
	(114,'App\\User',85),
	(98,'App\\User',86),
	(99,'App\\User',86),
	(100,'App\\User',86),
	(105,'App\\User',86),
	(107,'App\\User',86),
	(113,'App\\User',86),
	(114,'App\\User',86),
	(98,'App\\User',87),
	(99,'App\\User',87),
	(100,'App\\User',87),
	(105,'App\\User',87),
	(107,'App\\User',87),
	(113,'App\\User',87),
	(114,'App\\User',87),
	(98,'App\\User',88),
	(99,'App\\User',88),
	(100,'App\\User',88),
	(105,'App\\User',88),
	(107,'App\\User',88),
	(113,'App\\User',88),
	(114,'App\\User',88),
	(98,'App\\User',89),
	(99,'App\\User',89),
	(100,'App\\User',89),
	(105,'App\\User',89),
	(107,'App\\User',89),
	(113,'App\\User',89),
	(114,'App\\User',89),
	(98,'App\\User',90),
	(99,'App\\User',90),
	(100,'App\\User',90),
	(105,'App\\User',90),
	(107,'App\\User',90),
	(113,'App\\User',90),
	(114,'App\\User',90),
	(98,'App\\User',91),
	(99,'App\\User',91),
	(100,'App\\User',91),
	(105,'App\\User',91),
	(107,'App\\User',91),
	(113,'App\\User',91),
	(114,'App\\User',91),
	(98,'App\\User',92),
	(99,'App\\User',92),
	(100,'App\\User',92),
	(105,'App\\User',92),
	(107,'App\\User',92),
	(113,'App\\User',92),
	(114,'App\\User',92),
	(98,'App\\User',93),
	(99,'App\\User',93),
	(100,'App\\User',93),
	(105,'App\\User',93),
	(107,'App\\User',93),
	(113,'App\\User',93),
	(114,'App\\User',93),
	(98,'App\\User',94),
	(99,'App\\User',94),
	(100,'App\\User',94),
	(105,'App\\User',94),
	(107,'App\\User',94),
	(113,'App\\User',94),
	(114,'App\\User',94),
	(98,'App\\User',95),
	(99,'App\\User',95),
	(100,'App\\User',95),
	(105,'App\\User',95),
	(107,'App\\User',95),
	(113,'App\\User',95),
	(114,'App\\User',95),
	(98,'App\\User',96),
	(99,'App\\User',96),
	(100,'App\\User',96),
	(105,'App\\User',96),
	(107,'App\\User',96),
	(113,'App\\User',96),
	(114,'App\\User',96),
	(98,'App\\User',97),
	(99,'App\\User',97),
	(100,'App\\User',97),
	(105,'App\\User',97),
	(107,'App\\User',97),
	(113,'App\\User',97),
	(114,'App\\User',97),
	(1,'App\\User',98),
	(2,'App\\User',98),
	(3,'App\\User',98),
	(4,'App\\User',98),
	(5,'App\\User',98),
	(6,'App\\User',98),
	(7,'App\\User',98),
	(8,'App\\User',98),
	(9,'App\\User',98),
	(10,'App\\User',98),
	(11,'App\\User',98),
	(12,'App\\User',98),
	(13,'App\\User',98),
	(14,'App\\User',98),
	(15,'App\\User',98),
	(16,'App\\User',98),
	(17,'App\\User',98),
	(18,'App\\User',98),
	(19,'App\\User',98),
	(20,'App\\User',98),
	(21,'App\\User',98),
	(22,'App\\User',98),
	(23,'App\\User',98),
	(24,'App\\User',98),
	(25,'App\\User',98),
	(26,'App\\User',98),
	(27,'App\\User',98),
	(28,'App\\User',98),
	(29,'App\\User',98),
	(30,'App\\User',98),
	(31,'App\\User',98),
	(32,'App\\User',98),
	(33,'App\\User',98),
	(34,'App\\User',98),
	(35,'App\\User',98),
	(36,'App\\User',98),
	(37,'App\\User',98),
	(38,'App\\User',98),
	(39,'App\\User',98),
	(40,'App\\User',98),
	(41,'App\\User',98),
	(42,'App\\User',98),
	(43,'App\\User',98),
	(44,'App\\User',98),
	(45,'App\\User',98),
	(46,'App\\User',98),
	(58,'App\\User',98),
	(59,'App\\User',98),
	(60,'App\\User',98),
	(61,'App\\User',98),
	(62,'App\\User',98),
	(63,'App\\User',98),
	(64,'App\\User',98),
	(65,'App\\User',98),
	(66,'App\\User',98),
	(67,'App\\User',98),
	(68,'App\\User',98),
	(69,'App\\User',98),
	(70,'App\\User',98),
	(71,'App\\User',98),
	(72,'App\\User',98),
	(73,'App\\User',98),
	(74,'App\\User',98),
	(75,'App\\User',98),
	(76,'App\\User',98),
	(77,'App\\User',98),
	(78,'App\\User',98),
	(79,'App\\User',98),
	(80,'App\\User',98),
	(81,'App\\User',98),
	(82,'App\\User',98),
	(83,'App\\User',98),
	(84,'App\\User',98),
	(85,'App\\User',98),
	(86,'App\\User',98),
	(87,'App\\User',98),
	(88,'App\\User',98),
	(89,'App\\User',98),
	(90,'App\\User',98),
	(91,'App\\User',98),
	(92,'App\\User',98),
	(93,'App\\User',98),
	(94,'App\\User',98),
	(95,'App\\User',98),
	(96,'App\\User',98),
	(97,'App\\User',98),
	(98,'App\\User',98),
	(99,'App\\User',98),
	(100,'App\\User',98),
	(104,'App\\User',98),
	(107,'App\\User',98),
	(112,'App\\User',98),
	(98,'App\\User',101),
	(99,'App\\User',101),
	(100,'App\\User',101),
	(105,'App\\User',101),
	(107,'App\\User',101),
	(113,'App\\User',101),
	(114,'App\\User',101),
	(98,'App\\User',102),
	(99,'App\\User',102),
	(100,'App\\User',102),
	(105,'App\\User',102),
	(107,'App\\User',102),
	(113,'App\\User',102),
	(114,'App\\User',102),
	(98,'App\\User',103),
	(99,'App\\User',103),
	(100,'App\\User',103),
	(105,'App\\User',103),
	(107,'App\\User',103),
	(113,'App\\User',103),
	(114,'App\\User',103);

/*!40000 ALTER TABLE `model_has_permissions` ENABLE KEYS */;
UNLOCK TABLES;


# Dump of table model_has_roles
# ------------------------------------------------------------

DROP TABLE IF EXISTS `model_has_roles`;

CREATE TABLE `model_has_roles` (
  `role_id` int(10) unsigned NOT NULL,
  `model_type` varchar(191) COLLATE utf8mb4_unicode_ci NOT NULL,
  `model_id` bigint(20) unsigned NOT NULL,
  PRIMARY KEY (`role_id`,`model_id`,`model_type`),
  KEY `model_has_roles_model_id_model_type_index` (`model_id`,`model_type`),
  CONSTRAINT `model_has_roles_role_id_foreign` FOREIGN KEY (`role_id`) REFERENCES `roles` (`id`) ON DELETE CASCADE
) ENGINE=InnoDB DEFAULT CHARSET=utf8mb4 COLLATE=utf8mb4_unicode_ci;

LOCK TABLES `model_has_roles` WRITE;
/*!40000 ALTER TABLE `model_has_roles` DISABLE KEYS */;

INSERT INTO `model_has_roles` (`role_id`, `model_type`, `model_id`)
VALUES
	(1,'App\\User',1),
	(2,'App\\User',3),
	(2,'App\\User',5),
	(1,'App\\User',6),
	(5,'App\\User',31),
	(5,'App\\User',32),
	(3,'App\\User',33),
	(4,'App\\User',33),
	(5,'App\\User',33),
	(5,'App\\User',34),
	(5,'App\\User',35),
	(5,'App\\User',36),
	(5,'App\\User',40),
	(5,'App\\User',41),
	(5,'App\\User',42),
	(5,'App\\User',43),
	(5,'App\\User',44),
	(5,'App\\User',45),
	(5,'App\\User',46),
	(5,'App\\User',48),
	(3,'App\\User',50),
	(4,'App\\User',50),
	(5,'App\\User',50),
	(6,'App\\User',50),
	(5,'App\\User',51),
	(5,'App\\User',52),
	(5,'App\\User',53),
	(5,'App\\User',54),
	(5,'App\\User',55),
	(5,'App\\User',56),
	(5,'App\\User',57),
	(5,'App\\User',58),
	(5,'App\\User',59),
	(5,'App\\User',60),
	(5,'App\\User',61),
	(5,'App\\User',62),
	(3,'App\\User',63),
	(4,'App\\User',63),
	(5,'App\\User',63),
	(5,'App\\User',64),
	(5,'App\\User',65),
	(3,'App\\User',66),
	(4,'App\\User',66),
	(5,'App\\User',66),
	(6,'App\\User',66),
	(5,'App\\User',67),
	(4,'App\\User',68),
	(5,'App\\User',68),
	(7,'App\\User',69),
	(4,'App\\User',70),
	(5,'App\\User',70),
	(5,'App\\User',72),
	(5,'App\\User',73),
	(5,'App\\User',74),
	(5,'App\\User',75),
	(5,'App\\User',76),
	(5,'App\\User',77),
	(5,'App\\User',78),
	(5,'App\\User',79),
	(5,'App\\User',80),
	(5,'App\\User',81),
	(5,'App\\User',82),
	(5,'App\\User',83),
	(5,'App\\User',84),
	(5,'App\\User',85),
	(5,'App\\User',86),
	(5,'App\\User',87),
	(5,'App\\User',88),
	(5,'App\\User',89),
	(5,'App\\User',90),
	(5,'App\\User',91),
	(5,'App\\User',92),
	(5,'App\\User',93),
	(5,'App\\User',94),
	(5,'App\\User',95),
	(5,'App\\User',96),
	(5,'App\\User',97),
	(2,'App\\User',98),
	(5,'App\\User',101),
	(5,'App\\User',102),
	(5,'App\\User',103);

/*!40000 ALTER TABLE `model_has_roles` ENABLE KEYS */;
UNLOCK TABLES;


# Dump of table modos_solicitud
# ------------------------------------------------------------

DROP TABLE IF EXISTS `modos_solicitud`;

CREATE TABLE `modos_solicitud` (
  `id` bigint(20) unsigned NOT NULL AUTO_INCREMENT,
  `descripcion` varchar(191) COLLATE utf8mb4_unicode_ci NOT NULL,
  `slug` varchar(191) COLLATE utf8mb4_unicode_ci DEFAULT NULL,
  `valor` double NOT NULL,
  `licencia_id` bigint(20) unsigned NOT NULL,
  `backgound_color` varchar(12) COLLATE utf8mb4_unicode_ci DEFAULT NULL,
  `font_color` varchar(12) COLLATE utf8mb4_unicode_ci DEFAULT NULL,
  `created_at` timestamp NULL DEFAULT NULL,
  `updated_at` timestamp NULL DEFAULT NULL,
  PRIMARY KEY (`id`)
) ENGINE=InnoDB DEFAULT CHARSET=utf8mb4 COLLATE=utf8mb4_unicode_ci;

LOCK TABLES `modos_solicitud` WRITE;
/*!40000 ALTER TABLE `modos_solicitud` DISABLE KEYS */;

INSERT INTO `modos_solicitud` (`id`, `descripcion`, `slug`, `valor`, `licencia_id`, `backgound_color`, `font_color`, `created_at`, `updated_at`)
VALUES
	(1,'Soporte Remoto Programado','soporte_remoto_programado',18,3,'00fbff','000000','2019-08-19 20:21:28','2019-09-08 17:37:30'),
	(2,'Soporte Remoto No Programado','soporte_remoto_no_programado',20,3,'ff7a3d','ffffff','2019-08-19 20:21:46','2019-09-08 17:35:08'),
	(3,'Asistencia Presencial Programada','asistencia_presencial_programada',22,3,'eaff29','000000','2019-08-19 20:21:58','2019-09-08 17:37:56'),
	(4,'Asistencia Presencial No Programada','asistencia_presencial_no_programada',25,3,'57e682','050505','2019-08-19 20:22:09','2019-09-08 17:31:09'),
	(5,'Reparacin de equipos','reparacion_de_equipos',0,3,'c21d04','f5f4d7','2019-08-19 20:22:22','2019-09-08 17:36:18'),
	(6,'Garanta DteTickets (FREE)','garantia_dtetickets_free',0,3,'030303','ffffff','2019-08-19 20:22:58','2019-09-08 17:36:56'),
	(7,'Asesora IT','asesoria_it',0,3,'498bfc','f5f5f5','2019-08-23 10:53:09','2019-09-08 17:29:47');

/*!40000 ALTER TABLE `modos_solicitud` ENABLE KEYS */;
UNLOCK TABLES;


# Dump of table modulos
# ------------------------------------------------------------

DROP TABLE IF EXISTS `modulos`;

CREATE TABLE `modulos` (
  `id` bigint(20) unsigned NOT NULL AUTO_INCREMENT,
  `nombre` varchar(191) COLLATE utf8mb4_unicode_ci NOT NULL,
  `titulo` varchar(191) COLLATE utf8mb4_unicode_ci NOT NULL,
  `descripcion` text COLLATE utf8mb4_unicode_ci NOT NULL,
  `clase` varchar(191) COLLATE utf8mb4_unicode_ci NOT NULL,
  `icon` varchar(191) COLLATE utf8mb4_unicode_ci NOT NULL,
  `color` varchar(191) COLLATE utf8mb4_unicode_ci NOT NULL,
  `base_url` varchar(191) COLLATE utf8mb4_unicode_ci NOT NULL,
  `created_at` timestamp NULL DEFAULT NULL,
  `updated_at` timestamp NULL DEFAULT NULL,
  PRIMARY KEY (`id`)
) ENGINE=InnoDB DEFAULT CHARSET=utf8mb4 COLLATE=utf8mb4_unicode_ci;

LOCK TABLES `modulos` WRITE;
/*!40000 ALTER TABLE `modulos` DISABLE KEYS */;

INSERT INTO `modulos` (`id`, `nombre`, `titulo`, `descripcion`, `clase`, `icon`, `color`, `base_url`, `created_at`, `updated_at`)
VALUES
	(1,'empresa','Empresas','Administra Empresas en el sistema','empresa_managment','home','col-light-blue','admin_empresas_managment','2019-07-24 16:40:48','2019-07-24 16:40:48'),
	(2,'user','Usuarios','Administra Usuarios en el sistema','user_managment','person','col-light-blue','admin_users_managment','2019-07-24 16:40:48','2019-07-24 16:40:48'),
	(3,'roles','Roles','Administra Roles en el sistema','role_managment','account_box','col-light-blue','admin_roles_managment','2019-07-24 16:40:49','2019-07-24 16:40:49'),
	(4,'licencia_empresas','Licencia Empresas','Administra Licencia de las Empresas','licencias_managment','card_membership','col-light-green','licencias_managment','2019-07-24 16:40:49','2019-07-24 16:40:49'),
	(5,'inventario','Invetario Empresas','Administra Inventario de las Empresas','inventario_managment','card_membership','col-light-green','inventario_managment','2019-07-24 16:40:49','2019-07-24 16:40:49'),
	(6,'configuracion_tickets','Configuracin Tickets','Administra Configuracin Tickets','configuracion_tickets_managment','settings_applications','col-light-green','configuracion_tickets_managment','2019-07-24 16:40:50','2019-07-24 16:40:50'),
	(7,'core_ticket','Core Tickets','Administra Core Tickets','core_ticket_managment','assignment','col-light-green','core_ticket_managment','2019-07-24 16:40:50','2019-07-24 16:40:50');

/*!40000 ALTER TABLE `modulos` ENABLE KEYS */;
UNLOCK TABLES;


# Dump of table notificaciones_usuarios
# ------------------------------------------------------------

DROP TABLE IF EXISTS `notificaciones_usuarios`;

CREATE TABLE `notificaciones_usuarios` (
  `id` bigint(20) unsigned NOT NULL AUTO_INCREMENT,
  `user_id` bigint(20) unsigned DEFAULT NULL,
  `proceso_id` bigint(20) unsigned DEFAULT NULL,
  `envio_correo` enum('true','false') COLLATE utf8mb4_unicode_ci NOT NULL DEFAULT 'false',
  `empresa_id` bigint(20) unsigned NOT NULL,
  `created_at` timestamp NULL DEFAULT NULL,
  `updated_at` timestamp NULL DEFAULT NULL,
  PRIMARY KEY (`id`)
) ENGINE=InnoDB DEFAULT CHARSET=utf8mb4 COLLATE=utf8mb4_unicode_ci;



# Dump of table password_resets
# ------------------------------------------------------------

DROP TABLE IF EXISTS `password_resets`;

CREATE TABLE `password_resets` (
  `email` varchar(191) COLLATE utf8mb4_unicode_ci NOT NULL,
  `token` varchar(191) COLLATE utf8mb4_unicode_ci NOT NULL,
  `created_at` timestamp NULL DEFAULT NULL,
  KEY `password_resets_email_index` (`email`)
) ENGINE=InnoDB DEFAULT CHARSET=utf8mb4 COLLATE=utf8mb4_unicode_ci;



# Dump of table permissions
# ------------------------------------------------------------

DROP TABLE IF EXISTS `permissions`;

CREATE TABLE `permissions` (
  `id` int(10) unsigned NOT NULL AUTO_INCREMENT,
  `name` varchar(191) COLLATE utf8mb4_unicode_ci NOT NULL,
  `title` varchar(191) COLLATE utf8mb4_unicode_ci NOT NULL,
  `guard_name` varchar(191) COLLATE utf8mb4_unicode_ci NOT NULL,
  `modulo_id` bigint(20) unsigned NOT NULL DEFAULT '1',
  `created_at` timestamp NULL DEFAULT NULL,
  `updated_at` timestamp NULL DEFAULT NULL,
  PRIMARY KEY (`id`)
) ENGINE=InnoDB DEFAULT CHARSET=utf8mb4 COLLATE=utf8mb4_unicode_ci;

LOCK TABLES `permissions` WRITE;
/*!40000 ALTER TABLE `permissions` DISABLE KEYS */;

INSERT INTO `permissions` (`id`, `name`, `title`, `guard_name`, `modulo_id`, `created_at`, `updated_at`)
VALUES
	(1,'ver_menu_principal_empresa','Men Principal Empresas','web',1,'2019-08-01 10:06:08','2019-08-01 10:06:08'),
	(2,'list.empresas','Listar Empresas','web',1,'2019-08-01 10:06:08','2019-08-01 10:06:08'),
	(3,'create.empresas','Registro Empresas','web',1,'2019-08-01 10:06:08','2019-08-01 10:06:08'),
	(4,'show.empresas','Consultar Empresas','web',1,'2019-08-01 10:06:08','2019-08-01 10:06:08'),
	(5,'update.empresas','Editar Empresas','web',1,'2019-08-01 10:06:08','2019-08-01 10:06:08'),
	(6,'delete.empresas','Eliminar Empresas','web',1,'2019-08-01 10:06:08','2019-08-01 10:06:08'),
	(7,'list.localidades','Listar Localidades','web',1,'2019-08-01 10:06:08','2019-08-01 10:06:08'),
	(8,'create.localidades','Registro Localidades','web',1,'2019-08-01 10:06:08','2019-08-01 10:06:08'),
	(9,'show.localidades','Consultar Localidades','web',1,'2019-08-01 10:06:08','2019-08-01 10:06:08'),
	(10,'update.localidades','Editar Localidades','web',1,'2019-08-01 10:06:08','2019-08-01 10:06:08'),
	(11,'delete.localidades','Eliminar Localidades','web',1,'2019-08-01 10:06:08','2019-08-01 10:06:08'),
	(12,'list.departamentos','Listar Departamentos','web',1,'2019-08-01 10:06:08','2019-08-01 10:06:08'),
	(13,'create.departamentos','Registro Departamentos','web',1,'2019-08-01 10:06:08','2019-08-01 10:06:08'),
	(14,'show.departamentos','Consultar Departamentos','web',1,'2019-08-01 10:06:08','2019-08-01 10:06:08'),
	(15,'update.departamentos','Editar Departamentos','web',1,'2019-08-01 10:06:08','2019-08-01 10:06:08'),
	(16,'delete.departamentos','Eliminar Departamentos','web',1,'2019-08-01 10:06:08','2019-08-01 10:06:08'),
	(17,'list.areas','Listar Areas','web',1,'2019-08-01 10:06:08','2019-08-01 10:06:08'),
	(18,'create.areas','Registro Areas','web',1,'2019-08-01 10:06:08','2019-08-01 10:06:08'),
	(19,'show.areas','Consultar Areas','web',1,'2019-08-01 10:06:08','2019-08-01 10:06:08'),
	(20,'update.areas','Editar Areas','web',1,'2019-08-01 10:06:08','2019-08-01 10:06:08'),
	(21,'delete.areas','Eliminar Areas','web',1,'2019-08-01 10:06:08','2019-08-01 10:06:08'),
	(22,'list.posiciones','Listar Posiciones','web',1,'2019-08-01 10:06:08','2019-08-01 10:06:08'),
	(23,'create.posiciones','Registro Posicin','web',1,'2019-08-01 10:06:08','2019-08-01 10:06:08'),
	(24,'show.posiciones','Consultar Posicin','web',1,'2019-08-01 10:06:08','2019-08-01 10:06:08'),
	(25,'update.posiciones','Editar Posicin','web',1,'2019-08-01 10:06:08','2019-08-01 10:06:08'),
	(26,'delete.posiciones','Eliminar Posicin','web',1,'2019-08-01 10:06:08','2019-08-01 10:06:08'),
	(27,'list.empleados','Listar Empleados','web',1,'2019-08-01 10:06:08','2019-08-01 10:06:08'),
	(28,'create.empleados','Registro Empleados','web',1,'2019-08-01 10:06:08','2019-08-01 10:06:08'),
	(29,'show.empleados','Consultar Empleados','web',1,'2019-08-01 10:06:08','2019-08-01 10:06:08'),
	(30,'update.empleados','Editar Empleados','web',1,'2019-08-01 10:06:08','2019-08-01 10:06:08'),
	(31,'delete.empleados','Eliminar Empleados','web',1,'2019-08-01 10:06:08','2019-08-01 10:06:08'),
	(32,'generar_tarjeta_codigos.empleados','Generar Tarjeta Cdigo Empleados','web',1,'2019-08-01 10:06:08','2019-08-01 10:06:08'),
	(33,'ver_menu_principal_usuarios','Men Principal Usuarios','web',2,'2019-08-01 10:06:08','2019-08-01 10:06:08'),
	(34,'list.users','Listar Usuarios','web',2,'2019-08-01 10:06:08','2019-08-01 10:06:08'),
	(35,'create.users','Registro Usuarios','web',2,'2019-08-01 10:06:08','2019-08-01 10:06:08'),
	(36,'show.users','Consultar Usuarios','web',2,'2019-08-01 10:06:08','2019-08-01 10:06:08'),
	(37,'update.users','Editar Usuarios','web',2,'2019-08-01 10:06:08','2019-08-01 10:06:08'),
	(38,'delete.users','Eliminar Usuarios','web',2,'2019-08-01 10:06:08','2019-08-01 10:06:08'),
	(39,'habilitar.users','Habilitar Usuarios','web',2,'2019-08-01 10:06:08','2019-08-01 10:06:08'),
	(40,'deshabilitar.users','Deshabilitar Usuarios','web',2,'2019-08-01 10:06:08','2019-08-01 10:06:08'),
	(41,'ver_menu_principal_roles','Men Principal Roles','web',3,'2019-08-01 10:06:08','2019-08-01 10:06:08'),
	(42,'list.roles','Listar Roles','web',3,'2019-08-01 10:06:08','2019-08-01 10:06:08'),
	(43,'create.roles','Registro Roles','web',3,'2019-08-01 10:06:08','2019-08-01 10:06:08'),
	(44,'show.roles','Consultar Roles','web',3,'2019-08-01 10:06:08','2019-08-01 10:06:08'),
	(45,'update.roles','Editar Roles','web',3,'2019-08-01 10:06:08','2019-08-01 10:06:08'),
	(46,'delete.roles','Eliminar Roles','web',3,'2019-08-01 10:06:08','2019-08-01 10:06:08'),
	(47,'ver_menu_principal_licencias','Men Principal Licencias','web',4,'2019-08-01 10:06:08','2019-08-01 10:06:08'),
	(48,'list.licencias','Listar Licencias','web',4,'2019-08-01 10:06:08','2019-08-01 10:06:08'),
	(49,'create.licencias','Registro Licencias','web',4,'2019-08-01 10:06:08','2019-08-01 10:06:08'),
	(50,'show.licencias','Consultar Licencias','web',4,'2019-08-01 10:06:08','2019-08-01 10:06:08'),
	(51,'update.licencias','Editar Licencias','web',4,'2019-08-01 10:06:09','2019-08-01 10:06:09'),
	(52,'delete.licencias','Eliminar Licencias','web',4,'2019-08-01 10:06:09','2019-08-01 10:06:09'),
	(53,'list.soportes_licencia','Listar Soportes Licencias','web',4,'2019-08-01 10:06:09','2019-08-01 10:06:09'),
	(54,'create.soportes_licencia','Registro Soportes Licencias','web',4,'2019-08-01 10:06:09','2019-08-01 10:06:09'),
	(55,'show.soportes_licencia','Consultar Soportes Licencias','web',4,'2019-08-01 10:06:09','2019-08-01 10:06:09'),
	(56,'update.soportes_licencia','Editar Soportes Licencias','web',4,'2019-08-01 10:06:09','2019-08-01 10:06:09'),
	(57,'delete.soportes_licencia','Eliminar Soportes Licencias','web',4,'2019-08-01 10:06:09','2019-08-01 10:06:09'),
	(58,'ver_menu_principal_inventario','Men Principal Inventario','web',5,'2019-08-01 10:06:09','2019-08-01 10:06:09'),
	(59,'list.inventario','Listar Inventario','web',5,'2019-08-01 10:06:09','2019-08-01 10:06:09'),
	(60,'create.inventario','Registro Inventario','web',5,'2019-08-01 10:06:09','2019-08-01 10:06:09'),
	(61,'show.inventario','Consultar Inventario','web',5,'2019-08-01 10:06:09','2019-08-01 10:06:09'),
	(62,'update.inventario','Editar Inventario','web',5,'2019-08-01 10:06:09','2019-08-01 10:06:09'),
	(63,'delete.inventario','Eliminar Inventario','web',5,'2019-08-01 10:06:09','2019-08-01 10:06:09'),
	(64,'list.tipos_inventario','Listar Tipos Inventario','web',5,'2019-08-01 10:06:09','2019-08-01 10:06:09'),
	(65,'create.tipos_inventario','Registro Tipos Inventario','web',5,'2019-08-01 10:06:09','2019-08-01 10:06:09'),
	(66,'show.tipos_inventario','Consultar Tipos Inventario','web',5,'2019-08-01 10:06:09','2019-08-01 10:06:09'),
	(67,'update.tipos_inventario','Editar Tipos Inventario','web',5,'2019-08-01 10:06:09','2019-08-01 10:06:09'),
	(68,'delete.tipos_inventario','Eliminar Tipos Inventario','web',5,'2019-08-01 10:06:09','2019-08-01 10:06:09'),
	(69,'list.categorias_inventario','Listar Categorias Inventario','web',5,'2019-08-01 10:06:09','2019-08-01 10:06:09'),
	(70,'create.categorias_inventario','Registro Categorias Inventario','web',5,'2019-08-01 10:06:09','2019-08-01 10:06:09'),
	(71,'show.categorias_inventario','Consultar Categorias Inventario','web',5,'2019-08-01 10:06:09','2019-08-01 10:06:09'),
	(72,'update.categorias_inventario','Editar Categorias Inventario','web',5,'2019-08-01 10:06:09','2019-08-01 10:06:09'),
	(73,'delete.categorias_inventario','Eliminar Categorias Inventario','web',5,'2019-08-01 10:06:09','2019-08-01 10:06:09'),
	(74,'ver_menu_principal_incidencias','Men Principal Incidencias','web',6,'2019-08-01 10:06:09','2019-08-01 10:06:09'),
	(75,'list.tipo_incidencias','Listar Tipos Incidencias','web',6,'2019-08-01 10:06:09','2019-08-01 10:06:09'),
	(76,'create.tipo_incidencias','Registro Tipos Incidencias','web',6,'2019-08-01 10:06:09','2019-08-01 10:06:09'),
	(77,'show.tipo_incidencias','Consultar Tipos Incidencias','web',6,'2019-08-01 10:06:09','2019-08-01 10:06:09'),
	(78,'update.tipo_incidencias','Editar Tipos Incidencias','web',6,'2019-08-01 10:06:09','2019-08-01 10:06:09'),
	(79,'delete.tipo_incidencias','Eliminar Tipos Incidencias','web',6,'2019-08-01 10:06:09','2019-08-01 10:06:09'),
	(80,'ver_menu_principal_soportes','Men Principal Soportes','web',6,'2019-08-01 10:06:09','2019-08-01 10:06:09'),
	(81,'list.soportes','Listar Soportes','web',6,'2019-08-01 10:06:09','2019-08-01 10:06:09'),
	(82,'create.soportes','Registro Soportes','web',6,'2019-08-01 10:06:09','2019-08-01 10:06:09'),
	(83,'show.soportes','Consultar Soportes','web',6,'2019-08-01 10:06:09','2019-08-01 10:06:09'),
	(84,'update.soportes','Editar Soportes','web',6,'2019-08-01 10:06:09','2019-08-01 10:06:09'),
	(85,'delete.soportes','Eliminar  Soportes','web',6,'2019-08-01 10:06:09','2019-08-01 10:06:09'),
	(86,'ver_menu_principal_areas_soporte','Men Areas Soporte','web',6,'2019-08-01 10:06:09','2019-08-01 10:06:09'),
	(87,'list.areas_soporte','Listar Areas Soporte','web',6,'2019-08-01 10:06:09','2019-08-01 10:06:09'),
	(88,'create.areas_soporte','Registro Areas Soporte','web',6,'2019-08-01 10:06:09','2019-08-01 10:06:09'),
	(89,'show.areas_soporte','Consultar Areas Soporte','web',6,'2019-08-01 10:06:09','2019-08-01 10:06:09'),
	(90,'update.areas_soporte','Editar Areas Soporte','web',6,'2019-08-01 10:06:09','2019-08-01 10:06:09'),
	(91,'delete.areas_soporte','Eliminar  Areas Soporte','web',6,'2019-08-01 10:06:09','2019-08-01 10:06:09'),
	(92,'ver_menu_principal_categorias_ticket','Men Categoras Ticket','web',6,'2019-08-01 10:06:09','2019-08-01 10:06:09'),
	(93,'list.categorias_ticket','Listar Categoras Tickete','web',6,'2019-08-01 10:06:09','2019-08-01 10:06:09'),
	(94,'create.categorias_ticket','Registro Categoras Ticket','web',6,'2019-08-01 10:06:09','2019-08-01 10:06:09'),
	(95,'show.categorias_ticket','Consultar Categoras Ticket','web',6,'2019-08-01 10:06:09','2019-08-01 10:06:09'),
	(96,'update.categorias_ticket','Editar Categoras Ticket','web',6,'2019-08-01 10:06:09','2019-08-01 10:06:09'),
	(97,'delete.categorias_ticket','Eliminar  Categoras Ticket','web',6,'2019-08-01 10:06:09','2019-08-01 10:06:09'),
	(98,'ver_menu_principal_core_tickets','Men Principal Modulo Tickets','web',7,'2019-08-01 10:06:09','2019-08-01 10:06:09'),
	(99,'consultar_tickets','Consultar Tickets','web',7,'2019-08-01 10:06:09','2019-08-01 10:06:09'),
	(100,'listar_historico_tickets','Histrico Tickets','web',7,'2019-08-01 10:06:09','2019-08-01 10:06:09'),
	(101,'editar_tickets','Editar Tickets','web',7,'2019-08-01 10:06:09','2019-08-01 10:06:09'),
	(102,'listar_tickets_registrados','Listar Tickets Registrados','web',7,'2019-08-01 10:06:09','2019-08-01 10:06:09'),
	(103,'listar_tickets_validados','Listar Tickets Validados','web',7,'2019-08-01 10:06:09','2019-08-01 10:06:09'),
	(104,'listar_tickets_proceso','Listar Tickets Proceso','web',7,'2019-08-01 10:06:09','2019-08-01 10:06:09'),
	(105,'listar_tickets_cerrados','Listar Tickets Cerrados','web',7,'2019-08-01 10:06:09','2019-08-01 10:06:09'),
	(106,'listar_tickets_finalizado','Listar Tickets Finalizados','web',7,'2019-08-01 10:06:09','2019-08-01 10:06:09'),
	(107,'registrar_tickets','Registrar Tickets','web',7,'2019-08-01 10:06:09','2019-08-01 10:06:09'),
	(108,'validar_tickets','Validar Tickets Registrados','web',7,'2019-08-01 10:06:09','2019-08-01 10:06:09'),
	(109,'eliminar_tickets','Eliminar Tickets Registrados','web',7,'2019-08-01 10:06:09','2019-08-01 10:06:09'),
	(110,'asignar_tickets','Asignar Tickets Validados','web',7,'2019-08-01 10:06:10','2019-08-01 10:06:10'),
	(111,'anular_tickets','Anular Tickets Validados','web',7,'2019-08-01 10:06:10','2019-08-01 10:06:10'),
	(112,'cerrar_tickets','Cerrar Tickets Proceso','web',7,'2019-08-01 10:06:10','2019-08-01 10:06:10'),
	(113,'confirmar_tickets','Confirmar Tickets Cerrados','web',7,'2019-08-01 10:06:10','2019-08-01 10:06:10'),
	(114,'rechazar_tickets','Rechazar Tickets Cerrados','web',7,'2019-08-01 10:06:10','2019-08-01 10:06:10'),
	(115,'ver_menu_principal_facturacion_tickets','Men Principal Facturacin Tickets','web',7,'2019-08-01 10:06:10','2019-08-01 10:06:10'),
	(116,'listar_registrados_ciclo_pago','Listar Registrados Ciclo Pago','web',7,'2019-08-01 10:06:10','2019-08-01 10:06:10'),
	(117,'listar_validados_ciclo_pago','Listar Validados Ciclo Pago','web',7,'2019-08-01 10:06:10','2019-08-01 10:06:10'),
	(118,'listar_facturados_ciclo_pago','Listar Facturados Ciclo Pago','web',7,'2019-08-01 10:06:10','2019-08-01 10:06:10'),
	(119,'rechazar_tickets_ciclo_pago','Rechazar Registrados Ciclo Pago','web',7,'2019-08-01 10:06:10','2019-08-01 10:06:10'),
	(120,'validar_tickets_ciclo_pago','Validar Tickets Ciclo Pago','web',7,'2019-08-01 10:06:10','2019-08-01 10:06:10'),
	(121,'marcar_facturado_ciclo_pago','Marcar Facturado Ciclo Pago','web',7,'2019-08-01 10:06:10','2019-08-01 10:06:10'),
	(122,'confirmar_tickets_ciclo_pago','Confirmar Tickets Ciclo Pago','web',7,'2019-08-01 10:06:10','2019-08-01 10:06:10'),
	(123,'list.modo_solicitud','Listar Modos Solicitud','web',6,'2019-08-19 20:08:03','2019-08-19 20:08:05'),
	(124,'create.modo_solicitud','Registrar Modo Solicitud','web',6,'2019-08-19 20:08:46','2019-08-19 20:08:48'),
	(125,'show.modo_solicitud','Consultar Modo Solicitud','web',6,'2019-08-19 20:09:14','2019-08-19 20:09:17'),
	(126,'update.modo_solicitud','Editar Modo Solicitud','web',6,'2019-08-19 20:09:52','2019-08-19 20:09:55'),
	(127,'delete.modo_solicitud','Eliminar Modo Solicitud','web',6,'2019-08-19 20:10:15','2019-08-19 20:10:18'),
	(128,'reenviar_notificacion_ticket','Reenviar Notificacin Tickets','web',6,'2019-08-20 15:27:45','2019-08-20 15:27:47'),
	(129,'listar_pagados_ciclo_pago','Lista Tickets Pagados','web',7,'2019-08-27 17:37:14','2019-08-27 17:37:18'),
	(130,'ver_costos_tickets_cubo_dinamico','Ver Costos Tickets Cubo Dinmico','web',7,'2019-08-29 09:50:20','2019-08-29 09:50:25');

/*!40000 ALTER TABLE `permissions` ENABLE KEYS */;
UNLOCK TABLES;


# Dump of table posicions
# ------------------------------------------------------------

DROP TABLE IF EXISTS `posicions`;

CREATE TABLE `posicions` (
  `id` bigint(20) unsigned NOT NULL AUTO_INCREMENT,
  `nombre` varchar(191) COLLATE utf8mb4_unicode_ci NOT NULL,
  `descripcion` text COLLATE utf8mb4_unicode_ci NOT NULL,
  `departamento_id` bigint(20) unsigned NOT NULL,
  `area_id` bigint(20) unsigned NOT NULL,
  `empresa_id` bigint(20) unsigned NOT NULL,
  `created_at` timestamp NULL DEFAULT NULL,
  `updated_at` timestamp NULL DEFAULT NULL,
  PRIMARY KEY (`id`),
  KEY `posicions_departamento_id_index` (`departamento_id`),
  KEY `posicions_area_id_index` (`area_id`),
  KEY `posicions_empresa_id_index` (`empresa_id`)
) ENGINE=InnoDB DEFAULT CHARSET=utf8mb4 COLLATE=utf8mb4_unicode_ci;

LOCK TABLES `posicions` WRITE;
/*!40000 ALTER TABLE `posicions` DISABLE KEYS */;

INSERT INTO `posicions` (`id`, `nombre`, `descripcion`, `departamento_id`, `area_id`, `empresa_id`, `created_at`, `updated_at`)
VALUES
	(1,'Soporte','Mantenimiento y evaluacion de los equipos',1,1,1,'2019-07-24 21:09:39','2019-07-24 21:10:29'),
	(2,'Director','Directora de Finanzas',4,7,2,'2019-08-05 12:36:54','2019-08-05 13:09:47'),
	(3,'Director','Directora de Experiencia al Cliente',2,8,2,'2019-08-05 12:48:21','2019-08-05 13:10:11'),
	(4,'Director','Directora Comercial',3,13,2,'2019-08-05 12:49:03','2019-08-05 13:10:27'),
	(5,'Gerente','Gerente Comercial',3,14,2,'2019-08-05 13:00:00','2019-08-05 13:10:45'),
	(6,'Coordinador','Coordinadora Comercial',3,15,2,'2019-08-05 13:00:36','2019-08-05 13:11:04'),
	(7,'Coordinador Proyectos y Diseo','Coordinadora de Proyectos y Diseos',3,16,2,'2019-08-05 13:01:22','2019-08-05 13:11:33'),
	(8,'Analista','Analista Comercial',3,18,2,'2019-08-05 13:02:19','2019-08-05 13:11:57'),
	(11,'Vendedor','Gerente de Cuentas',3,17,2,'2019-08-05 13:05:17','2019-08-05 13:12:37'),
	(12,'Coordinadora RRHH','Coordinadora RRHH',2,9,2,'2019-08-05 13:20:11','2019-08-05 13:20:11'),
	(13,'Asistente','Asistente Suministros Mantenimiento',2,11,2,'2019-08-05 13:21:28','2019-08-05 13:21:28'),
	(14,'Coordinador','Coordinador Experiencia Cliente',2,10,2,'2019-08-05 13:29:11','2019-08-05 13:29:11'),
	(15,'Gerente','Gerente Desarrollo Proyectos',2,12,2,'2019-08-05 13:29:56','2019-08-05 13:29:56'),
	(16,'Coordinador','Coordinador Operaciones Europa',4,4,2,'2019-08-05 13:30:44','2019-08-05 13:30:44'),
	(17,'Coordinador','Coordinador Operaciones EEUU-Asia',4,5,2,'2019-08-05 13:31:30','2019-08-05 13:31:30'),
	(18,'Analista','Analista Cuentas Cobrar',4,6,2,'2019-08-05 13:32:09','2019-08-05 13:32:09'),
	(19,'Presidente','Presidente',5,20,2,'2019-08-05 15:14:00','2019-08-05 15:14:00'),
	(20,'VicePresidencia','Vicepresidencia',5,21,2,'2019-08-05 15:14:27','2019-08-05 15:14:27'),
	(21,'Ejecutivo de Ventas','Ejecutivo de Ventas',6,22,3,'2019-08-05 17:27:55','2019-08-05 17:27:55'),
	(22,'Gerente Financiero','Gerente Financiero',7,23,3,'2019-08-05 17:28:32','2019-08-05 17:28:32'),
	(23,'Gerente General','Gerente General',8,24,3,'2019-08-05 17:29:05','2019-08-05 17:29:05'),
	(24,'Secretaria','Secretaria Administrativa',9,25,3,'2019-08-05 17:29:39','2019-08-05 17:29:39'),
	(25,'Directora Ejecutiva','Directora Ejecutiva',10,26,4,'2019-08-09 12:55:03','2019-08-09 12:55:03'),
	(26,'Coordinador Senior','Coordinador Senior de Proyectos',11,27,4,'2019-08-09 12:55:58','2019-08-09 12:55:58'),
	(27,'Supervisor de Proyectos','Coordinador Senior',11,27,4,'2019-08-09 12:56:51','2019-08-09 12:56:51'),
	(28,'Cybereducadores','Cybereducadores',11,29,4,'2019-08-09 12:57:47','2019-08-09 12:57:47'),
	(29,'Coordinador Senior Investigacin y Evidencia','Coordinador Senior Investigacin y Evidencia',12,31,4,'2019-08-09 13:08:26','2019-08-09 13:08:26'),
	(30,'Supervisor de Procesos Data y M&E','Supervisor de Procesos Data y M&E',12,31,4,'2019-08-09 13:09:01','2019-08-09 13:09:01'),
	(31,'Director Comercial','Director Comercial',13,33,4,'2019-08-09 13:09:42','2019-08-09 13:09:42'),
	(32,'Coordinador de Ventas','Coordinador de Ventas',13,33,4,'2019-08-09 13:10:19','2019-08-09 13:10:19'),
	(33,'Asistente de Ventas','Asistente de Ventas',13,33,4,'2019-08-09 13:10:46','2019-08-09 13:10:46'),
	(34,'Promotoras Mercaderista','Promotoras Mercaderista',13,33,4,'2019-08-09 13:11:36','2019-08-09 13:11:36'),
	(35,'Gerente Financiero','Gerente Financiero',14,34,4,'2019-08-09 13:12:09','2019-08-09 13:12:09'),
	(36,'Sub-Contadora','Sub-Contadora',14,34,4,'2019-08-09 13:12:50','2019-08-09 13:12:50'),
	(37,'Contador de Proyecto','Contador de Proyecto',14,34,4,'2019-08-09 13:13:22','2019-08-09 13:13:22'),
	(38,'Analista','Analista de Contabilidad',14,34,4,'2019-08-09 13:13:59','2019-08-09 13:13:59'),
	(39,'Coordinador Administrativo RR-HH','Coordinador Administrativo RR-HH',15,35,4,'2019-08-09 14:17:40','2019-08-09 14:17:40'),
	(40,'Auxiliar Recursos Humanos','Auxiliar Recursos Humanos',15,35,4,'2019-08-09 14:18:16','2019-08-09 14:18:16'),
	(41,'Coordinador Administrativo y Compras','Coordinador Administrativo y Compras',16,36,4,'2019-08-09 14:18:57','2019-08-09 14:18:57'),
	(42,'Supervisor Administrativa y Compras','Supervisor Administrativa y Compras',16,36,4,'2019-08-09 14:19:46','2019-08-09 14:19:46'),
	(43,'Asistente Administrativa','Asistente Administrativa y Servicios Generales',16,37,4,'2019-08-09 14:20:48','2019-08-09 14:20:48'),
	(44,'Supervisor Almacn','Supervisor Almacn',16,38,4,'2019-08-09 14:21:46','2019-08-09 14:21:46'),
	(45,'Auxiliar Almacn','Auxiliar Almacn',16,38,4,'2019-08-09 14:22:20','2019-08-09 14:22:20'),
	(46,'Chfer/Mensajero','Chfer/Mensajero',16,37,4,'2019-08-09 14:23:09','2019-08-09 14:23:09'),
	(47,'Asesora de Proyectos CDC','Asesora de Proyectos CDC',11,27,4,'2019-08-12 14:40:39','2019-08-12 14:40:39'),
	(48,'Custodio de Equipos','Custodio de Equipos Informticos',17,39,4,'2019-08-15 15:08:49','2019-08-15 15:08:49'),
	(49,'Gerente Regional IT','Gerente Regional IT',18,40,4,'2019-08-26 19:43:13','2019-08-26 19:43:13'),
	(50,'Ejecutiva de Cuenta','Est a cargo de vender los productos o servicios ofrecidos por la Empresa',19,41,5,'2019-09-09 12:01:16','2019-09-09 12:03:01'),
	(51,'Coordinador de Promociones','Est a cargo de Coordinar las Promociones ofrecidas por la Empresa',19,42,5,'2019-09-09 12:02:41','2019-09-09 12:02:41'),
	(52,'Encargado de Almacen','Responsable del despacho de todos los productos que ofrece la empresa',19,43,5,'2019-09-09 12:04:39','2019-09-09 12:04:39'),
	(53,'Directora de Cuentas','Encargada de la productividad del Departamento de Cuentas',19,41,5,'2019-09-09 12:05:54','2019-09-09 12:05:54'),
	(54,'Director Creativo General','Encargada de la productividad del Departamento Creativo',20,46,5,'2019-09-09 12:06:50','2019-09-09 12:06:50'),
	(55,'Director Creativo','Encargado del Funcionamiento del Departamento  Creatividad',20,46,5,'2019-09-09 12:08:44','2019-09-09 12:08:44'),
	(56,'Director de Arte General','Responsable del rea de Arte General',20,46,5,'2019-09-09 12:10:08','2019-09-09 12:10:08'),
	(57,'Director de Arte','Director de Arte',20,46,5,'2019-09-09 12:10:42','2019-09-09 12:10:42'),
	(58,'Community Manager','Encargada de las Redes Sociales',20,46,5,'2019-09-09 12:12:47','2019-09-09 12:12:47'),
	(59,'Directora De Eventos','Encargado de disear y producir la realizacin de eventos',25,45,5,'2019-09-09 12:14:04','2019-09-09 12:14:04'),
	(60,'Directora de Produccin','Encargada de la gestin y administracin de los recursos materiales',21,47,5,'2019-09-09 12:17:30','2019-09-09 12:17:30'),
	(61,'Coordinador de Produccin','Encargado de coordinar la Produccin de los  recursos materiales',21,47,5,'2019-09-09 12:18:28','2019-09-09 12:18:45'),
	(62,'Contadora General','Es el responsable de la presentacin de la informacin financiera',22,48,5,'2019-09-09 12:21:10','2019-09-09 12:21:10'),
	(63,'Auxiliar de Cuentas por Pagar','Auxiliar de Cuentas por Pagar',22,48,5,'2019-09-09 12:22:01','2019-09-09 12:22:01'),
	(64,'Analista de Finanzas','Analista de Finanzas',22,48,5,'2019-09-09 12:22:32','2019-09-09 12:22:32'),
	(65,'Gerente General','Gerente General',23,49,5,'2019-09-09 12:23:14','2019-09-09 12:23:14'),
	(66,'Asistente Administrativo','Asistente Administrativo',23,49,5,'2019-09-09 12:24:07','2019-09-09 12:24:07'),
	(67,'Recepcionista','Recepcionista',23,49,5,'2019-09-09 12:24:52','2019-09-09 12:24:52'),
	(68,'Asistente de Finanzas','Ayudar a la Directora y a las cuentas por pagar',4,50,2,'2019-09-19 15:12:48','2019-09-19 15:12:48'),
	(69,'Recepcionista','Recepcionista',16,37,4,'2019-09-27 09:30:05','2019-09-27 09:30:05');

/*!40000 ALTER TABLE `posicions` ENABLE KEYS */;
UNLOCK TABLES;


# Dump of table procesos
# ------------------------------------------------------------

DROP TABLE IF EXISTS `procesos`;

CREATE TABLE `procesos` (
  `id` bigint(20) unsigned NOT NULL AUTO_INCREMENT,
  `nombre` varchar(191) COLLATE utf8mb4_unicode_ci NOT NULL,
  `descripcion` text COLLATE utf8mb4_unicode_ci NOT NULL,
  `created_at` timestamp NULL DEFAULT NULL,
  `updated_at` timestamp NULL DEFAULT NULL,
  PRIMARY KEY (`id`)
) ENGINE=InnoDB DEFAULT CHARSET=utf8mb4 COLLATE=utf8mb4_unicode_ci;



# Dump of table recent_users
# ------------------------------------------------------------

DROP TABLE IF EXISTS `recent_users`;

CREATE TABLE `recent_users` (
  `id` int(11) unsigned NOT NULL AUTO_INCREMENT,
  PRIMARY KEY (`id`)
) ENGINE=MyISAM DEFAULT CHARSET=utf8mb4 COLLATE=utf8mb4_spanish_ci;



# Dump of table role_has_permissions
# ------------------------------------------------------------

DROP TABLE IF EXISTS `role_has_permissions`;

CREATE TABLE `role_has_permissions` (
  `permission_id` int(10) unsigned NOT NULL,
  `role_id` int(10) unsigned NOT NULL,
  PRIMARY KEY (`permission_id`,`role_id`),
  KEY `role_has_permissions_role_id_foreign` (`role_id`),
  CONSTRAINT `role_has_permissions_permission_id_foreign` FOREIGN KEY (`permission_id`) REFERENCES `permissions` (`id`) ON DELETE CASCADE,
  CONSTRAINT `role_has_permissions_role_id_foreign` FOREIGN KEY (`role_id`) REFERENCES `roles` (`id`) ON DELETE CASCADE
) ENGINE=InnoDB DEFAULT CHARSET=utf8mb4 COLLATE=utf8mb4_unicode_ci;

LOCK TABLES `role_has_permissions` WRITE;
/*!40000 ALTER TABLE `role_has_permissions` DISABLE KEYS */;

INSERT INTO `role_has_permissions` (`permission_id`, `role_id`)
VALUES
	(1,1),
	(2,1),
	(3,1),
	(4,1),
	(5,1),
	(6,1),
	(7,1),
	(8,1),
	(9,1),
	(10,1),
	(11,1),
	(12,1),
	(13,1),
	(14,1),
	(15,1),
	(16,1),
	(17,1),
	(18,1),
	(19,1),
	(20,1),
	(21,1),
	(22,1),
	(23,1),
	(24,1),
	(25,1),
	(26,1),
	(27,1),
	(28,1),
	(29,1),
	(30,1),
	(31,1),
	(32,1),
	(33,1),
	(34,1),
	(35,1),
	(36,1),
	(37,1),
	(38,1),
	(39,1),
	(40,1),
	(41,1),
	(42,1),
	(43,1),
	(44,1),
	(45,1),
	(46,1),
	(47,1),
	(48,1),
	(49,1),
	(50,1),
	(51,1),
	(52,1),
	(53,1),
	(54,1),
	(55,1),
	(56,1),
	(57,1),
	(58,1),
	(59,1),
	(60,1),
	(61,1),
	(62,1),
	(63,1),
	(64,1),
	(65,1),
	(66,1),
	(67,1),
	(68,1),
	(69,1),
	(70,1),
	(71,1),
	(72,1),
	(73,1),
	(74,1),
	(75,1),
	(76,1),
	(77,1),
	(78,1),
	(79,1),
	(80,1),
	(81,1),
	(82,1),
	(83,1),
	(84,1),
	(85,1),
	(86,1),
	(87,1),
	(88,1),
	(89,1),
	(90,1),
	(91,1),
	(92,1),
	(93,1),
	(94,1),
	(95,1),
	(96,1),
	(97,1),
	(98,1),
	(99,1),
	(100,1),
	(101,1),
	(102,1),
	(103,1),
	(104,1),
	(105,1),
	(106,1),
	(107,1),
	(108,1),
	(109,1),
	(110,1),
	(111,1),
	(112,1),
	(113,1),
	(114,1),
	(115,1),
	(116,1),
	(117,1),
	(118,1),
	(119,1),
	(120,1),
	(121,1),
	(122,1),
	(123,1),
	(124,1),
	(125,1),
	(126,1),
	(127,1),
	(128,1),
	(129,1),
	(130,1),
	(1,2),
	(2,2),
	(3,2),
	(4,2),
	(5,2),
	(6,2),
	(7,2),
	(8,2),
	(9,2),
	(10,2),
	(11,2),
	(12,2),
	(13,2),
	(14,2),
	(15,2),
	(16,2),
	(17,2),
	(18,2),
	(19,2),
	(20,2),
	(21,2),
	(22,2),
	(23,2),
	(24,2),
	(25,2),
	(26,2),
	(27,2),
	(28,2),
	(29,2),
	(30,2),
	(31,2),
	(32,2),
	(33,2),
	(34,2),
	(35,2),
	(36,2),
	(37,2),
	(38,2),
	(39,2),
	(40,2),
	(41,2),
	(42,2),
	(43,2),
	(44,2),
	(45,2),
	(46,2),
	(58,2),
	(59,2),
	(60,2),
	(61,2),
	(62,2),
	(63,2),
	(64,2),
	(65,2),
	(66,2),
	(67,2),
	(68,2),
	(69,2),
	(70,2),
	(71,2),
	(72,2),
	(73,2),
	(74,2),
	(75,2),
	(76,2),
	(77,2),
	(78,2),
	(79,2),
	(80,2),
	(81,2),
	(82,2),
	(83,2),
	(84,2),
	(85,2),
	(86,2),
	(87,2),
	(88,2),
	(89,2),
	(90,2),
	(91,2),
	(92,2),
	(93,2),
	(94,2),
	(95,2),
	(96,2),
	(97,2),
	(98,2),
	(99,2),
	(100,2),
	(104,2),
	(107,2),
	(112,2),
	(98,3),
	(99,3),
	(100,3),
	(102,3),
	(108,3),
	(109,3),
	(98,4),
	(99,4),
	(105,4),
	(113,4),
	(114,4),
	(98,5),
	(99,5),
	(100,5),
	(105,5),
	(107,5),
	(113,5),
	(114,5),
	(58,6),
	(59,6),
	(61,6),
	(98,6),
	(99,6),
	(100,6),
	(115,6),
	(116,6),
	(119,6),
	(120,6),
	(130,6),
	(58,7),
	(59,7),
	(61,7),
	(98,7),
	(99,7),
	(100,7),
	(130,7);

/*!40000 ALTER TABLE `role_has_permissions` ENABLE KEYS */;
UNLOCK TABLES;


# Dump of table roles
# ------------------------------------------------------------

DROP TABLE IF EXISTS `roles`;

CREATE TABLE `roles` (
  `id` int(10) unsigned NOT NULL AUTO_INCREMENT,
  `name` varchar(191) COLLATE utf8mb4_unicode_ci NOT NULL,
  `description` varchar(191) COLLATE utf8mb4_unicode_ci NOT NULL,
  `active` enum('true','false') COLLATE utf8mb4_unicode_ci NOT NULL DEFAULT 'true',
  `guard_name` varchar(191) COLLATE utf8mb4_unicode_ci NOT NULL,
  `empresa_id` bigint(20) unsigned NOT NULL,
  `created_at` timestamp NULL DEFAULT NULL,
  `updated_at` timestamp NULL DEFAULT NULL,
  PRIMARY KEY (`id`)
) ENGINE=InnoDB DEFAULT CHARSET=utf8mb4 COLLATE=utf8mb4_unicode_ci;

LOCK TABLES `roles` WRITE;
/*!40000 ALTER TABLE `roles` DISABLE KEYS */;

INSERT INTO `roles` (`id`, `name`, `description`, `active`, `guard_name`, `empresa_id`, `created_at`, `updated_at`)
VALUES
	(1,'Super-Administrador','Administra la Plataforma','true','web',1,'2019-07-24 16:40:54','2019-07-24 16:40:54'),
	(2,'Soporte Tcnico','Soporte Tcnico','true','web',1,'2019-07-24 20:45:45','2019-07-24 20:45:45'),
	(3,'Validador Tickets','Validador Tickets','true','web',1,'2019-07-24 20:46:25','2019-08-15 16:31:57'),
	(4,'Confirmador Ticket','Confirmador Ticket','true','web',1,'2019-07-24 20:47:10','2019-07-24 20:47:10'),
	(5,'Empleado','Empleado','true','web',1,'2019-07-24 20:48:30','2019-07-24 20:48:30'),
	(6,'Validador Pago','Valida los tickets finalizados y cerrados.','true','web',1,'2019-08-15 16:35:41','2019-08-15 16:35:41'),
	(7,'AUDITOR','Gestin de Auditora','true','web',1,'2019-08-26 22:10:58','2019-08-26 22:10:58');

/*!40000 ALTER TABLE `roles` ENABLE KEYS */;
UNLOCK TABLES;


# Dump of table soportes
# ------------------------------------------------------------

DROP TABLE IF EXISTS `soportes`;

CREATE TABLE `soportes` (
  `id` bigint(20) unsigned NOT NULL AUTO_INCREMENT,
  `telefono_oficina` varchar(191) COLLATE utf8mb4_unicode_ci NOT NULL,
  `telefono_movil` varchar(191) COLLATE utf8mb4_unicode_ci NOT NULL,
  `posicion_id` bigint(20) unsigned DEFAULT NULL,
  `user_id` bigint(20) unsigned NOT NULL,
  `supervisor_id` bigint(20) unsigned DEFAULT NULL,
  `empresa_id` bigint(20) unsigned NOT NULL,
  `created_at` timestamp NULL DEFAULT NULL,
  `updated_at` timestamp NULL DEFAULT NULL,
  PRIMARY KEY (`id`),
  KEY `soportes_user_id_index` (`user_id`),
  KEY `soportes_empresa_id_index` (`empresa_id`)
) ENGINE=InnoDB DEFAULT CHARSET=utf8mb4 COLLATE=utf8mb4_unicode_ci;

LOCK TABLES `soportes` WRITE;
/*!40000 ALTER TABLE `soportes` DISABLE KEYS */;

INSERT INTO `soportes` (`id`, `telefono_oficina`, `telefono_movil`, `posicion_id`, `user_id`, `supervisor_id`, `empresa_id`, `created_at`, `updated_at`)
VALUES
	(2,'849-637-6645','849-637-6645',1,5,1,1,'2019-08-05 10:53:13','2019-08-05 10:53:13'),
	(3,'849-876-8575','849-876-8575',1,6,1,1,'2019-08-05 12:12:09','2019-08-05 12:12:09'),
	(4,'8299252910','8299252910',1,98,1,1,'2020-03-02 13:30:10','2020-03-02 13:30:10');

/*!40000 ALTER TABLE `soportes` ENABLE KEYS */;
UNLOCK TABLES;


# Dump of table soportes_licencias
# ------------------------------------------------------------

DROP TABLE IF EXISTS `soportes_licencias`;

CREATE TABLE `soportes_licencias` (
  `id` bigint(20) unsigned NOT NULL AUTO_INCREMENT,
  `licencia_id` bigint(20) unsigned NOT NULL,
  `soporte_id` bigint(20) unsigned NOT NULL,
  `created_at` timestamp NULL DEFAULT NULL,
  `updated_at` timestamp NULL DEFAULT NULL,
  PRIMARY KEY (`id`),
  KEY `soportes_licencias_licencia_id_index` (`licencia_id`),
  KEY `soportes_licencias_soporte_id_index` (`soporte_id`)
) ENGINE=InnoDB DEFAULT CHARSET=utf8mb4 COLLATE=utf8mb4_unicode_ci;

LOCK TABLES `soportes_licencias` WRITE;
/*!40000 ALTER TABLE `soportes_licencias` DISABLE KEYS */;

INSERT INTO `soportes_licencias` (`id`, `licencia_id`, `soporte_id`, `created_at`, `updated_at`)
VALUES
	(2,1,2,NULL,NULL),
	(4,3,2,NULL,NULL),
	(6,2,3,NULL,NULL),
	(7,1,3,NULL,NULL),
	(8,4,2,NULL,NULL),
	(9,4,4,NULL,NULL),
	(10,3,4,NULL,NULL),
	(11,1,4,NULL,NULL),
	(12,0,2,NULL,NULL),
	(13,0,3,NULL,NULL),
	(14,0,4,NULL,NULL);

/*!40000 ALTER TABLE `soportes_licencias` ENABLE KEYS */;
UNLOCK TABLES;


# Dump of table tarjeta_codigos_empleados
# ------------------------------------------------------------

DROP TABLE IF EXISTS `tarjeta_codigos_empleados`;

CREATE TABLE `tarjeta_codigos_empleados` (
  `id` bigint(20) unsigned NOT NULL AUTO_INCREMENT,
  `posicion` int(11) NOT NULL,
  `codigo` varchar(191) COLLATE utf8mb4_unicode_ci NOT NULL,
  `empleado_id` bigint(20) unsigned NOT NULL,
  `created_at` timestamp NULL DEFAULT NULL,
  `updated_at` timestamp NULL DEFAULT NULL,
  PRIMARY KEY (`id`)
) ENGINE=InnoDB DEFAULT CHARSET=utf8mb4 COLLATE=utf8mb4_unicode_ci;

LOCK TABLES `tarjeta_codigos_empleados` WRITE;
/*!40000 ALTER TABLE `tarjeta_codigos_empleados` DISABLE KEYS */;

INSERT INTO `tarjeta_codigos_empleados` (`id`, `posicion`, `codigo`, `empleado_id`, `created_at`, `updated_at`)
VALUES
	(1,1,'$2y$10$kniQCYlnjOEPdiIq39Q8X.8Zvx7xq77xyQn2yd0lhHZDqGcNio9mu',42,'2019-08-12 10:14:04','2019-08-12 10:14:04'),
	(2,2,'$2y$10$SoMyCpyTsSSliLJlZtz3j.F6XBrtoMPoS0LVK296LUF1tuC.DcPhu',42,'2019-08-12 10:14:04','2019-08-12 10:14:04'),
	(3,3,'$2y$10$KtougqpffsaS3dgFQH7utO4JQydvHcQS9KViJv7EixS6lLmZI6jGq',42,'2019-08-12 10:14:04','2019-08-12 10:14:04'),
	(4,4,'$2y$10$QoI4JnUtY3v60IJ6bFvj1OzICElUwpnEzrY9BKUM4NnqH3EnzYstK',42,'2019-08-12 10:14:04','2019-08-12 10:14:04'),
	(5,5,'$2y$10$a0/KOJUpfm.loXqsL/FlGe.OXn0Qjv.vHMagusleoS770rHpu22V.',42,'2019-08-12 10:14:05','2019-08-12 10:14:05'),
	(6,6,'$2y$10$uvGGohJZLezV4II/Wb3aOuzn7exXDpWOuLvdTW2ACGiFrstZK7KuC',42,'2019-08-12 10:14:05','2019-08-12 10:14:05'),
	(7,7,'$2y$10$c/V0Va3Lw416YQO7EyM2w.waHCHyyTAsKij9uFCU2bzldt3IoRjfm',42,'2019-08-12 10:14:05','2019-08-12 10:14:05'),
	(8,8,'$2y$10$HilBDwjBef0FNZ3sV.BLMOlYxYvBn7LwK4/0BKmBmBLcBRKEos.ja',42,'2019-08-12 10:14:05','2019-08-12 10:14:05'),
	(9,9,'$2y$10$VsPkekaSxHoOeKjSh6BMWONlCQO/38n8SH.HPiRhdeBSbO8Oe7DZK',42,'2019-08-12 10:14:05','2019-08-12 10:14:05'),
	(10,10,'$2y$10$1A.eeDf0X3bnKOfYhdrxyOl390jF6JNSgO67YOFVYTOvqEB5dqVre',42,'2019-08-12 10:14:05','2019-08-12 10:14:05'),
	(11,11,'$2y$10$fEzH7fknxXj93FIHQT1Cretu6fWcH6XntZUDi5jzT/7xUiyUhDb1u',42,'2019-08-12 10:14:05','2019-08-12 10:14:05'),
	(12,12,'$2y$10$R/u7bZoIdPFDBty/toYI1u5..SnE30ZcgoUoQh7B/LcV07/.uVb2u',42,'2019-08-12 10:14:05','2019-08-12 10:14:05'),
	(13,13,'$2y$10$sAkWWVpVpElv0kXT4dFt8.72yZg/hQ5vcPFZvbWJFKFZiJfkEIhRS',42,'2019-08-12 10:14:05','2019-08-12 10:14:05'),
	(14,14,'$2y$10$jfw93njR7fxnVHGObXlL4.oHp2YmGTt.AOyuOG7VjCIjBGb.w/SrK',42,'2019-08-12 10:14:05','2019-08-12 10:14:05'),
	(15,15,'$2y$10$1hgBsQWXXHtpod/wiwF0NOzHkjH1znnX15iAPH3buMz6of3Na1Ba2',42,'2019-08-12 10:14:05','2019-08-12 10:14:05'),
	(16,16,'$2y$10$ZLaR7.VkBLK6czbOwV4VteHBBz98iOxGLPQwqNo9YzikNUavjKyAq',42,'2019-08-12 10:14:06','2019-08-12 10:14:06'),
	(17,17,'$2y$10$ZHgqmIqFsZqiZbBTH4kKKuJBY8yfNEvyhirdaHG0lwB.9Gr6MEr6.',42,'2019-08-12 10:14:06','2019-08-12 10:14:06'),
	(18,18,'$2y$10$e0h.KPUr.Y0yJb0ppR2AT..ifG.eSkju/3NFTXzomHav/90iQ1qRe',42,'2019-08-12 10:14:06','2019-08-12 10:14:06'),
	(19,19,'$2y$10$YrJow3MAxA3oK8BlTOrVauKIapHLIiWjgGJ7ApTxpm2hFuN4zXagS',42,'2019-08-12 10:14:06','2019-08-12 10:14:06'),
	(20,20,'$2y$10$S6gRb9trIwtGyDbAO4qICuMcQq4OQ7SG2A2.74vUYNx7YRqKyrc4u',42,'2019-08-12 10:14:06','2019-08-12 10:14:06'),
	(21,1,'$2y$10$FcxVEyITlQxThYPFCZkU3ejU7Df.gXJWmcIoIMahAFZEFcZ9eVG.C',58,'2019-08-12 14:01:08','2019-08-12 14:01:08'),
	(22,2,'$2y$10$lql2GGRU5a96pnuWz4Wj0OXvygnzFlkJy/aUwPTrjeHI4xsheeeYC',58,'2019-08-12 14:01:08','2019-08-12 14:01:08'),
	(23,3,'$2y$10$25RxXxMaEpufbLULCiK9KuNSkaftvWuq8UGwHBJzCp3XMmWbItWPG',58,'2019-08-12 14:01:08','2019-08-12 14:01:08'),
	(24,4,'$2y$10$u.9Yq4hx2pGw2oEZUNTKF.TclItOZr0A9p2LK.4BGyJUaIlDorYRq',58,'2019-08-12 14:01:08','2019-08-12 14:01:08'),
	(25,5,'$2y$10$4732z32TmrU159PmNtQQK.szlWzFSGiU5n10.xrhbtPO9CQQ/u4oK',58,'2019-08-12 14:01:08','2019-08-12 14:01:08'),
	(26,6,'$2y$10$H/nmyLYdJhJoIh4AOB3mMOdMliuU1XhKT4BkC.25HeJWoE7Sot0/q',58,'2019-08-12 14:01:08','2019-08-12 14:01:08'),
	(27,7,'$2y$10$zsSIrkwKHH9310QNRcM9l.0F9FTRYMvm6My18cA3EI1awTHaDqXtG',58,'2019-08-12 14:01:08','2019-08-12 14:01:08'),
	(28,8,'$2y$10$AWIgDmL9Mu38WcrzocFeiuTGyHaVCJ5PMikcQbSLUkrd1JpAoUCC.',58,'2019-08-12 14:01:08','2019-08-12 14:01:08'),
	(29,9,'$2y$10$bkkaz47lq3BPXsVXFb7JVewy2Asf1j.uaX/mUJZUyGkmi5zEroUrK',58,'2019-08-12 14:01:08','2019-08-12 14:01:08'),
	(30,10,'$2y$10$Kd0fyPhJ8XhUiPb5OpWICOdSZhX1WAfkwc51kjxGQE9Jam7vp6Uxm',58,'2019-08-12 14:01:09','2019-08-12 14:01:09'),
	(31,11,'$2y$10$cPKvWfrapI5d3KltKGs9zOahpDjDGbrXLEAhG8M.X72NT.BmvZCDa',58,'2019-08-12 14:01:09','2019-08-12 14:01:09'),
	(32,12,'$2y$10$Am/6H9ZSmKL8Ab7zGnFBeubwwGwW2QtnanABN07Rt6avsl8UBquaa',58,'2019-08-12 14:01:09','2019-08-12 14:01:09'),
	(33,13,'$2y$10$3SZGB0PI2Ud2FGQRRpFHMeHNrvjDFk14gvdoszoxO3oK2UK28kcIG',58,'2019-08-12 14:01:09','2019-08-12 14:01:09'),
	(34,14,'$2y$10$SeiaBIExz1Xh7J11RuU9zOQdXq.TKTXTMsl0Yi9rKqBC5DrW7GiNC',58,'2019-08-12 14:01:09','2019-08-12 14:01:09'),
	(35,15,'$2y$10$5LgmVEP/3W5OTDlvQpFokuQU9IcAyoBs7GClAeDLIoLqUFMhUpMs2',58,'2019-08-12 14:01:09','2019-08-12 14:01:09'),
	(36,16,'$2y$10$uWN0yGSziu.Rxev4A.Y89.rCcabG7L5Q4rM.stlqSGxC2AeQrWsb.',58,'2019-08-12 14:01:09','2019-08-12 14:01:09'),
	(37,17,'$2y$10$qUlRmzSjN1UAqgohYCWvwuwOcuXX4XUClnF50GdyrXlY1gD0aJln2',58,'2019-08-12 14:01:09','2019-08-12 14:01:09'),
	(38,18,'$2y$10$LZrQWYoCLtPr774lTSede./WBM1YYlZkn0y.imtXJ3GX5Fq1kS1ZO',58,'2019-08-12 14:01:09','2019-08-12 14:01:09'),
	(39,19,'$2y$10$5XEyXKan1aS11PGg5XhcfuOAqenPZypDBkXlRl937kLawyC4w5tjm',58,'2019-08-12 14:01:09','2019-08-12 14:01:09'),
	(40,20,'$2y$10$svcqjdoYWxjlXR9eii0K3uGdklOvg4Y41fRrvz8h8v6rJmGsDvZWK',58,'2019-08-12 14:01:09','2019-08-12 14:01:09'),
	(41,1,'$2y$10$.7.mXiG1WVw2.dH9ov9tIebRdxbybXviIB9jNO5PAT4/a.OsBzEsC',55,'2020-03-11 16:18:30','2020-03-11 16:18:30'),
	(42,2,'$2y$10$J6PiFkBbtK3P4OALGb6kVOwy6FT1Gc.C2H52ybUvv.2bQLJuJHh86',55,'2020-03-11 16:18:30','2020-03-11 16:18:30'),
	(43,3,'$2y$10$/kn9//MoQ58qev/OeRxCA.r40VZnV2wfNNfbnC4oW8YVK7DAlSHPC',55,'2020-03-11 16:18:30','2020-03-11 16:18:30'),
	(44,4,'$2y$10$Ds.VGW32cbqMjrLojFJi0.5hnikJQYBgtmc0AF1InUhuOR6.zM4c6',55,'2020-03-11 16:18:30','2020-03-11 16:18:30'),
	(45,5,'$2y$10$U9InPBmWSS5ozYvA7aEl5.jcQdKbGygvPKtXYLN1ua43Wws8qiDoq',55,'2020-03-11 16:18:30','2020-03-11 16:18:30'),
	(46,6,'$2y$10$v3VSnFdMYkiZ3aCwcYA4CuRSszVBCyKh0IreIkXh1.bq.7hz.uSA.',55,'2020-03-11 16:18:30','2020-03-11 16:18:30'),
	(47,7,'$2y$10$ceelmaasXWpT7Y8Wpnx9ueVHhKDc4iGP8Ec5uOu7ROrjhy0o9CX0S',55,'2020-03-11 16:18:30','2020-03-11 16:18:30'),
	(48,8,'$2y$10$IDg8WyOW85gwcFdLXNCVKO.VaD6Y6T.YAlEzqNARtE6JFhYGJ9oc6',55,'2020-03-11 16:18:30','2020-03-11 16:18:30'),
	(49,9,'$2y$10$NkceW5DgMBDKZUXwrKtO7eg3ZfjG543HtzpTVJTMIzQ3xYoq.Dsse',55,'2020-03-11 16:18:31','2020-03-11 16:18:31'),
	(50,10,'$2y$10$c38Ms.y6AOTK.IR7ZHrcKespS5T8bld7lFUhSSntPjSNNBdqJJKsO',55,'2020-03-11 16:18:31','2020-03-11 16:18:31'),
	(51,11,'$2y$10$WwLSnn6pVke9K4VZrNwXrOhQmFcMeZ.gSYFZ796bl/jhVlaA.2./O',55,'2020-03-11 16:18:31','2020-03-11 16:18:31'),
	(52,12,'$2y$10$yHD4akQg83yHiaTa65sKBO29Rx9/plH1w5YuVA7Y8mZDx6N3E1qBq',55,'2020-03-11 16:18:31','2020-03-11 16:18:31'),
	(53,13,'$2y$10$crj3ZD1TomQgq9aYR6355.lptG/mnlj3JBPvFwLcnJHdf2ohWL.JO',55,'2020-03-11 16:18:31','2020-03-11 16:18:31'),
	(54,14,'$2y$10$ZlGtKguc2k2iB0.eaP/l2uNFqPYjMmjH5bW5R5S3HmpzUkyy0rDIy',55,'2020-03-11 16:18:31','2020-03-11 16:18:31'),
	(55,15,'$2y$10$F7wEyv6m6g0ufZQnHiia0On/.lB3q6fNtwCy6Doeq20bhYKYcsTuK',55,'2020-03-11 16:18:31','2020-03-11 16:18:31'),
	(56,16,'$2y$10$7TD0FVjFIyfZSmATfW/EmOXXdNu0wNatq9Tqil6NkpcXznxFhzDDu',55,'2020-03-11 16:18:31','2020-03-11 16:18:31'),
	(57,17,'$2y$10$8vmFdIKp4UXtmcJEx2O3rOQE.l9jSNXSM9uNY37sS6FWEVGzhmIq.',55,'2020-03-11 16:18:31','2020-03-11 16:18:31'),
	(58,18,'$2y$10$xyOoFAiyzRtaa5qNq6oiHe1J0bfTzkUjLOF84TDB5ujPohK2PwRZ6',55,'2020-03-11 16:18:31','2020-03-11 16:18:31'),
	(59,19,'$2y$10$6zMCEcVtC7xyAT5qMQJPvODRYQfVrg.IJqxJIcTvtMfy851bzAqTm',55,'2020-03-11 16:18:31','2020-03-11 16:18:31'),
	(60,20,'$2y$10$X3ufeM1Hvx.rXTwxvD2W7e917fSf0Q8FgcyL2Z7X/vWKimiw8fE3C',55,'2020-03-11 16:18:32','2020-03-11 16:18:32');

/*!40000 ALTER TABLE `tarjeta_codigos_empleados` ENABLE KEYS */;
UNLOCK TABLES;


# Dump of table tickets
# ------------------------------------------------------------

DROP TABLE IF EXISTS `tickets`;

CREATE TABLE `tickets` (
  `id` bigint(20) unsigned NOT NULL AUTO_INCREMENT,
  `titulo` varchar(191) COLLATE utf8mb4_unicode_ci NOT NULL,
  `descripcion_incidencia` text COLLATE utf8mb4_unicode_ci NOT NULL,
  `prioridad` enum('normal','urgente','programado') COLLATE utf8mb4_unicode_ci NOT NULL DEFAULT 'normal',
  `modo_solicitud_id` bigint(20) unsigned NOT NULL,
  `modo_facturacion` enum('servicios','iguala') COLLATE utf8mb4_unicode_ci DEFAULT 'iguala',
  `estado_ticket` enum('registrado','validado','proceso','cerrado','devuelto','finalizado','anulado') COLLATE utf8mb4_unicode_ci NOT NULL DEFAULT 'registrado',
  `estado_pago` enum('registrado','validado','facturado','pagado') COLLATE utf8mb4_unicode_ci DEFAULT NULL,
  `resolucion_incidencia` text COLLATE utf8mb4_unicode_ci,
  `horas_ticket` double DEFAULT NULL,
  `fecha_estimada_cierre` date DEFAULT NULL,
  `fecha_factura` date DEFAULT NULL,
  `fecha_pago` date DEFAULT NULL,
  `costo_solicitud` double(10,2) DEFAULT NULL,
  `calificacion` int(11) DEFAULT NULL,
  `departamento_id` bigint(20) unsigned NOT NULL,
  `area_id` bigint(20) unsigned NOT NULL,
  `localidad_id` bigint(20) unsigned NOT NULL,
  `tipo_incidencia_id` bigint(20) unsigned NOT NULL,
  `categoria_ticket_id` bigint(20) unsigned NOT NULL,
  `empleado_id` bigint(20) unsigned NOT NULL,
  `user_id` bigint(20) unsigned NOT NULL,
  `soporte_id` bigint(20) unsigned DEFAULT NULL,
  `inventario_id` bigint(20) DEFAULT NULL,
  `empresa_id` bigint(20) unsigned NOT NULL,
  `referencia_factura` varchar(191) COLLATE utf8mb4_unicode_ci DEFAULT NULL,
  `referencia_pago` varchar(191) COLLATE utf8mb4_unicode_ci DEFAULT NULL,
  `costo_uni_sol_local` double(10,2) DEFAULT NULL,
  `costo_uni_sol_usd` double(10,2) DEFAULT NULL,
  `tasa_usd` double(10,2) DEFAULT NULL,
  `deleted_at` timestamp NULL DEFAULT NULL,
  `created_at` timestamp NULL DEFAULT NULL,
  `updated_at` timestamp NULL DEFAULT NULL,
  PRIMARY KEY (`id`),
  KEY `tickets_departamento_id_index` (`departamento_id`),
  KEY `tickets_area_id_index` (`area_id`),
  KEY `tickets_localidad_id_index` (`localidad_id`),
  KEY `tickets_tipo_incidencia_id_index` (`tipo_incidencia_id`),
  KEY `tickets_categoria_ticket_id_index` (`categoria_ticket_id`),
  KEY `tickets_empleado_id_index` (`empleado_id`),
  KEY `tickets_user_id_index` (`user_id`),
  KEY `tickets_soporte_id_index` (`soporte_id`),
  KEY `tickets_inventario_id_index` (`inventario_id`),
  KEY `tickets_empresa_id_index` (`empresa_id`),
  KEY `Empresa_FechaCreacion` (`empresa_id`,`created_at`)
) ENGINE=InnoDB DEFAULT CHARSET=utf8mb4 COLLATE=utf8mb4_unicode_ci;

LOCK TABLES `tickets` WRITE;
/*!40000 ALTER TABLE `tickets` DISABLE KEYS */;

INSERT INTO `tickets` (`id`, `titulo`, `descripcion_incidencia`, `prioridad`, `modo_solicitud_id`, `modo_facturacion`, `estado_ticket`, `estado_pago`, `resolucion_incidencia`, `horas_ticket`, `fecha_estimada_cierre`, `fecha_factura`, `fecha_pago`, `costo_solicitud`, `calificacion`, `departamento_id`, `area_id`, `localidad_id`, `tipo_incidencia_id`, `categoria_ticket_id`, `empleado_id`, `user_id`, `soporte_id`, `inventario_id`, `empresa_id`, `referencia_factura`, `referencia_pago`, `costo_uni_sol_local`, `costo_uni_sol_usd`, `tasa_usd`, `deleted_at`, `created_at`, `updated_at`)
VALUES
	(1,'Computadora no enciende','CPU enciende sin embargo no logra subir.','urgente',4,'servicios','finalizado','pagado','Realizar un Cambio de PC ya que esta PC se encuentra en un estado controlado por el BIOS y tambin es S0e.  (Problema interno en la Tarjeta Madre), Extraer toda la informacin que tiene en el Disco duro y colocar dicha informacin en la Otra Pc que tiene el usuario asignado,',3,'2019-08-12','2019-09-12','2019-09-23',25.00,5,16,37,5,11,7,58,66,2,55,4,'B0100000281','BHD $142,674.56 Itbis menos 30% Ret. - 22Sep19',1283.75,25.00,51.35,NULL,'2019-08-13 12:25:55','2019-09-23 15:22:15'),
	(2,'Reparacion de CPU Asistente Administrativa','Solicitud de reparacin de CPU asignado a asitente administrativa, el equipo no enciende. Diagnostico tecnico DTE > Problema con tarjeta madre.','normal',5,'servicios','finalizado','pagado','Reparacin efectiva como se puede ver en los archivos adjuntos',1,'2019-08-13','2019-09-12','2019-09-23',0.00,5,16,37,5,11,7,58,66,2,55,4,'B0100000281','BHD $142,674.56 Itbis menos 30% Ret. - 22Sep19',4647.18,90.50,51.35,NULL,'2019-08-13 15:27:26','2019-09-23 15:22:15'),
	(9,'PC lento','casi 10 minutos para iniciar el PC, lento para abrir files y correos','normal',4,'servicios','finalizado','pagado','Proced a borrar los archivos temporales de la Laptop, detuve algunas aplicaciones que iniciaban con el windows,',0.5,'2019-08-15','2019-09-12','2019-09-23',25.00,5,11,27,5,11,7,60,68,2,NULL,4,'B0100000281','BHD $142,674.56 Itbis menos 30% Ret. - 22Sep19',1283.75,25.00,51.35,NULL,'2019-08-15 08:50:39','2019-09-23 15:22:15'),
	(10,'Cambio  e instalacin de Pc Completa','Necesito me instalen y me creen mi usuario en la nueva PC que me fue asignada y pasar las informaciones de una pc a otra','programado',3,'servicios','finalizado','pagado','Instalada y Lista Nueva PC',1.5,'2019-08-20','2019-09-12','2019-09-23',22.00,5,11,29,5,11,7,44,52,2,99,4,'B0100000281','BHD $142,674.56 Itbis menos 30% Ret. - 22Sep19',1129.70,22.00,51.35,NULL,'2019-08-15 09:15:57','2019-09-23 15:22:15'),
	(11,'Mi correo no responde','No podia entrar al correo','normal',2,'servicios','finalizado','pagado','Monitoreo y aplicacin de un tes de Velocidad al Internet, proced a apagar el moden y nuevamente encenderlo',0.5,'2019-08-15','2019-09-12','2019-09-23',20.00,5,11,27,5,13,8,37,43,2,NULL,4,'B0100000281','BHD $142,674.56 Itbis menos 30% Ret. - 22Sep19',1027.00,20.00,51.35,NULL,'2019-08-15 14:36:59','2019-09-23 15:22:15'),
	(12,'Problema para escanear documentos','El escaner no hala las hojas de manera adecuada','normal',2,'servicios','finalizado','pagado','Proced a limpiar el Rodillo del alimentador automtico de documentos, el cual recoge la Hoja para escaneo',1,'2019-08-13','2019-09-12','2019-09-23',20.00,5,14,34,5,14,1,54,63,2,71,4,'B0100000281','BHD $142,674.56 Itbis menos 30% Ret. - 22Sep19',1027.00,20.00,51.35,NULL,'2019-08-15 15:12:35','2019-09-23 15:22:15'),
	(13,'Creacion carpeta compartida','Carpeta RHH y Finanzas compartida','normal',2,'servicios','finalizado','pagado','Ya fue creada la Carpeta compartida para uso exclusivo por parte de Gerente Financiero y Coordinadora de Recursos Humano, dicha carpeta esta colocada con su acceso directo en el Escritorio de las Pc en cuestin',0.5,'2019-08-13','2019-09-12','2019-09-23',20.00,5,14,34,5,5,6,54,62,2,NULL,4,'B0100000281','BHD $142,674.56 Itbis menos 30% Ret. - 22Sep19',1027.00,20.00,51.35,NULL,'2019-08-15 15:21:14','2019-09-23 15:22:15'),
	(14,'Me esta fallando la pagina','La pagina me esta presentando un error que no se a que se debe y en las dems pc funciona bien, le adjunto el error que presenta','normal',1,'servicios','registrado',NULL,NULL,NULL,'2019-08-20',NULL,NULL,NULL,NULL,11,29,5,13,8,43,51,2,109,4,NULL,NULL,NULL,18.00,NULL,'2019-08-21 10:02:11','2019-08-20 14:24:42','2019-08-21 10:02:11'),
	(15,'PC Frizada','La computadora se ha frizado hace un tiempo y no funciona.','urgente',4,'servicios','registrado',NULL,NULL,NULL,'2019-08-20',NULL,NULL,NULL,NULL,11,27,5,11,7,35,52,2,51,4,NULL,NULL,NULL,22.00,NULL,'2019-08-21 10:01:54','2019-08-20 15:02:14','2019-08-21 10:01:54'),
	(16,'Problemas con sistema operativo','Problemas para iniciar sistema operativo de la computadora del supervisor de almacn','urgente',1,'servicios','finalizado','pagado','Reinicio y recuperacin del Sistema Operativo (Windows 10 Professional)',1,'2019-08-13','2019-09-12','2019-09-23',NULL,5,16,38,5,8,5,48,56,2,187,4,'B0100000281','BHD $142,674.56 Itbis menos 30% Ret. - 22Sep19',924.30,18.00,51.35,NULL,'2019-08-23 15:31:35','2019-09-23 15:22:15'),
	(17,'Revisin de Sistema Operativo de la computadora de Auxiliar de Almacn','Revision de sistema operativo y actualizacin de sistema operativo de computadora del auxiliar de almacn, que no funcionaba correctamente','urgente',3,'servicios','finalizado','pagado','Reinicio y recuperacin del Sistema Operativo (Windows 10 Professional)',2,'2019-08-23','2019-09-12','2019-09-23',NULL,5,16,38,5,9,5,47,56,2,197,4,'B0100000281','BHD $142,674.56 Itbis menos 30% Ret. - 22Sep19',1129.70,22.00,51.35,NULL,'2019-08-23 15:42:58','2019-09-23 15:22:15'),
	(30,'Levantamiento de Inventario Hardware y Software SFH + Informe Tcnico','Levantamiento de Inventario Hardware y Software SFH + Informe Tcnico','normal',3,'servicios','finalizado','pagado','Levantamiento de inventario Hardware y Software SFH + Informe Tcnico',96.23,'2019-08-26','2019-09-12','2019-09-23',25.00,5,16,36,5,19,7,42,5,2,NULL,4,'B0100000281','BHD $142,674.56 Itbis menos 30% Ret. - 22Sep19',1129.70,22.00,51.35,NULL,'2019-08-26 14:34:14','2019-09-23 15:22:15'),
	(31,'SOLICITUD DE LAPTOP','ESTAR FUERA LA SEMANA DEL 26 AL 30 DE AGOSTO Y NECESITO UNA LAPTOP PARA TRABAJAR','normal',4,'servicios','finalizado','pagado','Ajuste de Inventario Prstamo de acuerdo a la plantilla de Prestamos de Equipos',0.5,'2019-08-26','2019-09-12','2019-09-23',NULL,5,14,34,5,18,7,45,53,2,NULL,4,'B0100000281','BHD $142,674.56 Itbis menos 30% Ret. - 22Sep19',1283.75,25.00,51.35,NULL,'2019-08-26 15:01:32','2019-09-23 15:22:15'),
	(32,'UPS no funciona','Al ocurrir una interrupcin del servicio energtico el UPS suena y no suministra energa haciendo as que el equipo se apague completamente y provoca la perdida de trabajo en el equipo.','normal',4,'servicios','finalizado','pagado','Cambio de UPS batera daada, modo asistencia presencial no programada + desplazamieto a SFH',1,'2019-09-04','2019-09-12','2019-09-23',NULL,4,12,31,5,11,7,50,58,2,130,4,'B0100000281','BHD $142,674.56 Itbis menos 30% Ret. - 22Sep19',1283.75,25.00,51.35,NULL,'2019-08-30 08:40:46','2019-09-23 15:22:15'),
	(33,'SOLICITUD DE LAPTOP','Equipo (laptop) para trabajar fuera de la oficina desde el 10 hasta el 30 de septiembre 2019','normal',2,'servicios','registrado',NULL,NULL,NULL,'2019-09-09',NULL,NULL,NULL,NULL,14,34,5,18,7,45,53,2,NULL,4,NULL,NULL,NULL,20.00,NULL,'2019-09-23 12:07:32','2019-09-09 16:24:43','2019-09-23 12:07:32'),
	(34,'Problema en scaner','me da error , no puedo scanear','normal',3,'servicios','finalizado','pagado','no se realizo Soporte',0.5,'2019-09-17','2019-10-01','2019-11-25',NULL,5,14,34,5,2,1,46,54,2,63,4,'B0100000292','Transferencia',1139.60,22.00,51.80,NULL,'2019-09-17 12:31:20','2019-11-27 12:43:55'),
	(35,'Problema de Windows','El Windows tiene problema al ejecutarse. se ha reiniciado varias veces y continua dando problemas','urgente',3,'servicios','finalizado','pagado','se procedi a liberar espacio en el Disco C para que pueda trabajar y almacenar informacin',1,'2019-09-23','2019-10-01','2019-11-25',NULL,5,14,34,5,9,5,45,63,2,74,4,'B0100000292','Transferencia',1139.60,22.00,51.80,NULL,'2019-09-20 16:06:27','2019-11-27 12:43:55'),
	(36,'INSTALACION DE COMPUTADORA A NUEVA  RECEPCIONISTA','Solicitud de instalacion de una computadora a la Recepcionista Elizabeth Matos.','normal',3,'servicios','finalizado','pagado','Pc Instalada correctamente, creacin de usuario en DteTicket, y Organizacin de Inventario en DteTicket',1,'2019-09-27','2019-10-01','2019-11-25',NULL,5,16,37,5,20,7,58,66,2,NULL,4,'B0100000292','Transferencia',1139.60,22.00,51.80,NULL,'2019-09-26 09:36:31','2019-11-27 12:43:55'),
	(37,'INSTALACION DE IMPRESORA','Instalacion de Impresora en pc','normal',4,'servicios','finalizado','pagado','Impresoras Instaladas y funcionando en las Computadoras Indicadas',1,'2019-09-27','2019-10-01','2019-11-25',NULL,5,16,37,5,1,1,58,66,2,NULL,4,'B0100000292','Transferencia',1295.00,25.00,51.80,NULL,'2019-09-27 11:47:32','2019-11-27 12:43:55'),
	(38,'FALLA EN COMPUTADOR','Computador se friza constantemente mientras se encuentra en funcionamiento','normal',4,'servicios','finalizado','pagado','Instalacin de una Memoria RAM adicional de 2GB, para que aumentara a 6GB, limpieza de los Archivos temporales (Basura), reduccin de los Programas que se abren al momento de iniciar Windows y Actualizacin (Windows Update) de complementos del Sistemas',2,'2019-09-30','2019-10-01','2019-11-25',NULL,5,16,36,5,9,5,41,48,2,225,4,'B0100000292','Transferencia',1295.00,25.00,51.80,NULL,'2019-09-30 09:45:35','2019-11-27 12:43:55'),
	(39,'Mantenimiento de Hardware y Software','Mantenimiento de Hardware y Software','programado',3,'servicios','finalizado','pagado','Ver Datos Adjunto',1.5,'2019-10-01','2019-11-08','2019-11-21',NULL,5,12,31,5,21,7,49,5,2,123,4,'B0100000309','Transferencia',1163.80,22.00,52.90,NULL,'2019-10-01 11:00:50','2019-11-27 12:45:16'),
	(40,'Mantenimiento de Hardware y Software','Mantenimiento de Hardware y Software','programado',3,'servicios','finalizado','pagado','Ver Datos Adjunto',1.5,'2019-10-01','2019-11-08','2019-11-21',NULL,5,12,31,5,21,7,49,5,2,124,4,'B0100000309','Transferencia',1163.80,22.00,52.90,NULL,'2019-10-01 11:07:38','2019-11-27 12:45:16'),
	(41,'Mantenimiento de Hardware y Software','Mantenimiento de Hardware y Software','programado',3,'servicios','finalizado','pagado','Ver Datos Adjunto',1.5,'2019-10-01','2019-11-08','2019-11-21',NULL,5,12,31,5,21,7,49,5,2,125,4,'B0100000309','Transferencia',1163.80,22.00,52.90,NULL,'2019-10-01 11:09:32','2019-11-27 12:45:16'),
	(42,'Mantenimiento de Hardware y Software','Mantenimiento de Hardware y Software','programado',3,'servicios','finalizado','pagado','Ver Datos Adjunto',1.5,'2019-10-01','2019-11-08','2019-11-21',NULL,5,12,31,5,21,7,50,5,2,129,4,'B0100000309','Transferencia',1163.80,22.00,52.90,NULL,'2019-10-01 11:12:31','2019-11-27 12:45:16'),
	(43,'Mantenimiento de Hardware y Software Nathaly','Mantenimiento de Hardware y Software Nathaly','programado',3,'servicios','finalizado','pagado','Ver Datos Adjunto',1.5,'2019-10-02','2019-11-08','2019-11-21',NULL,5,11,27,5,21,7,36,5,2,96,4,'B0100000309','Transferencia',1163.80,22.00,52.90,NULL,'2019-10-02 10:05:04','2019-11-27 12:45:16'),
	(44,'Mantenimiento de Hardware y Software Ana Cecilia','Mantenimiento de Hardware y Software Ana Cecilia','programado',3,'servicios','finalizado','pagado','Ver los Datos Adjuntos',1.5,'2019-10-02','2019-11-08','2019-11-21',NULL,5,11,27,5,21,7,34,5,2,88,4,'B0100000309','Transferencia',1163.80,22.00,52.90,NULL,'2019-10-02 10:08:06','2019-11-27 12:45:16'),
	(45,'Mantenimiento de Hardware y Software Luz Payan','Mantenimiento de Hardware y Software Luz Payan','programado',3,'servicios','finalizado','pagado','Ver Datos Adjunto',1.5,'2019-10-02','2019-11-08','2019-11-21',NULL,5,13,33,5,21,7,51,5,2,80,4,'B0100000309','Transferencia',1163.80,22.00,52.90,NULL,'2019-10-02 10:10:06','2019-11-27 12:45:16'),
	(46,'Mantenimiento de Hardware y Software Charina','Mantenimiento de Hardware y Software Charina','programado',3,'servicios','finalizado','pagado','Ver Datos Adjunto',1.5,'2019-10-02','2019-11-08','2019-11-21',NULL,5,13,33,5,21,7,52,5,2,85,4,'B0100000309','Transferencia',1163.80,22.00,52.90,NULL,'2019-10-02 10:21:32','2019-11-27 12:45:16'),
	(47,'Mantenimiento de Hardware y Software Mirna Guillen','Mantenimiento de Hardware y Software Mirna Guillen','programado',3,'servicios','finalizado','pagado','Por favor Ver datos Adjunto',1.5,'2019-10-04','2019-11-08','2019-11-21',NULL,5,11,27,5,21,7,35,5,2,51,4,'B0100000309','Transferencia',1163.80,22.00,52.90,NULL,'2019-10-04 09:31:58','2019-11-27 12:45:16'),
	(48,'Mantenimiento de Hardware y Software Yeuvy','Mantenimiento de Hardware y Software Yeuvy','programado',3,'servicios','finalizado','pagado','Por favor Ver datos Adjunto',1.5,'2019-10-04','2019-11-08','2019-11-21',NULL,5,11,27,5,21,7,37,5,2,93,4,'B0100000309','Transferencia',1163.80,22.00,52.90,NULL,'2019-10-04 09:35:10','2019-11-27 12:45:16'),
	(49,'Mantenimiento de Hardware y Software Adabel Jimenez','Mantenimiento de Hardware y Software Adabel Jimenez','programado',3,'servicios','finalizado','pagado','Por favor Ver datos Adjunto',1.5,'2019-10-04','2019-11-08','2019-11-21',NULL,5,16,36,5,21,7,42,5,2,147,4,'B0100000309','Transferencia',1163.80,22.00,52.90,NULL,'2019-10-04 09:37:10','2019-11-27 12:45:16'),
	(50,'Mantenimiento de Hardware y Software Katherine Rosario','Mantenimiento de Hardware y Software Katherine Rosario','programado',3,'servicios','finalizado','pagado','Por favor Ver datos Adjunto',1.5,'2019-10-04','2019-11-08','2019-11-21',NULL,5,11,29,5,21,7,44,5,2,166,4,'B0100000309','Transferencia',1163.80,22.00,52.90,NULL,'2019-10-04 09:38:43','2019-11-27 12:45:16'),
	(51,'Mantenimiento de Hardware y Software Denny Paredes','Mantenimiento de Hardware y Software Denny Paredes','programado',3,'servicios','finalizado','pagado','ver los Datos Adjuntos',1.5,'2019-10-07','2019-11-08','2019-11-21',NULL,5,15,35,5,21,7,56,5,2,139,4,'B0100000309','Transferencia',1163.80,22.00,52.90,NULL,'2019-10-07 10:30:44','2019-11-27 12:45:16'),
	(52,'Mantenimiento de Hardware y Software Frenly','Mantenimiento de Hardware y Software Frenly','programado',3,'servicios','finalizado','pagado','ver los datos Adjuntos',1.5,'2019-10-07','2019-11-08','2019-11-21',NULL,5,11,29,5,21,7,38,5,2,120,4,'B0100000309','Transferencia',1163.80,22.00,52.90,NULL,'2019-10-07 13:39:46','2019-11-27 12:45:16'),
	(53,'Mantenimiento de Hardware y Software Yanet Hernandez','Mantenimiento de Hardware y Software Yanet Hernandez','programado',3,'servicios','finalizado','pagado','Ver los Datos Adjuntos',1.5,'2019-10-07','2019-11-08','2019-11-21',NULL,5,14,34,5,21,7,46,5,2,62,4,'B0100000309','Transferencia',1163.80,22.00,52.90,NULL,'2019-10-07 15:15:04','2019-11-27 12:45:16'),
	(54,'Mantenimiento de Hardware y Software Ana Amelia','Mantenimiento de Hardware y Software Ana Amelia','programado',3,'servicios','finalizado','pagado','Ver los Datos Adjuntos',1.5,'2019-10-07','2019-11-08','2019-11-21',NULL,5,11,29,5,21,7,39,5,2,103,4,'B0100000309','Transferencia',1163.80,22.00,52.90,NULL,'2019-10-07 15:51:31','2019-11-27 12:45:16'),
	(55,'Mantenimiento de Hardware y Software Laura Jorge','Mantenimiento de Hardware y Software Laura Jorge','programado',3,'servicios','finalizado','pagado','Ver los Datos Adjuntos',1.5,'2019-10-09','2019-11-08','2019-11-21',NULL,5,11,29,5,21,7,40,5,2,115,4,'B0100000309','Transferencia',1163.80,22.00,52.90,NULL,'2019-10-09 10:17:44','2019-11-27 12:45:16'),
	(56,'Mantenimiento de Hardware y Software Yerky Hernandez','Mantenimiento de Hardware y Software Yerky Hernandez','programado',3,'servicios','finalizado','pagado','Ver los Datos Adjuntos',1.5,'2019-10-09','2019-11-08','2019-11-21',NULL,5,11,29,5,21,7,43,5,2,109,4,'B0100000309','Transferencia',1163.80,22.00,52.90,NULL,'2019-10-09 10:19:00','2019-11-27 12:45:16'),
	(57,'Problema de Windows','El Windows tiene Problemas','normal',4,'servicios','finalizado','pagado','limpiar Disco C, porque esta muy lleno, recomendacin Limpiar archivos innecesarios',0.5,'2019-10-09','2019-11-08','2019-11-21',NULL,5,14,34,5,9,5,45,63,2,61,4,'B0100000309','Transferencia',1322.50,25.00,52.90,NULL,'2019-10-09 12:31:25','2019-11-27 12:45:16'),
	(58,'Mantenimiento de Hardware y Software Victor PC 980','Mantenimiento de Hardware y Software Victor PC 980','programado',3,'servicios','finalizado','pagado','Ver Datos Adjuntos',1.5,'2019-10-09','2019-11-08','2019-11-21',NULL,5,16,37,5,21,7,59,5,2,151,4,'B0100000309','Transferencia',1163.80,22.00,52.90,NULL,'2019-10-09 14:18:54','2019-11-27 12:45:16'),
	(59,'Mantenimiento de Hardware y Software Victor PC 9010','Mantenimiento de Hardware y Software Victor PC 9010','programado',3,'servicios','finalizado','pagado','ver DATOS ADJUNTOS',1.5,'2019-10-09','2019-11-08','2019-11-21',NULL,5,16,37,5,21,7,59,5,2,154,4,'B0100000309','Transferencia',1163.80,22.00,52.90,NULL,'2019-10-09 14:21:08','2019-11-27 12:45:16'),
	(60,'No accede Internet','Sin conexin','urgente',3,'iguala','finalizado','pagado','este Ticket fue realizado para una prueba en entrenamiento',0,'2019-10-10',NULL,NULL,NULL,5,23,49,9,10,7,65,73,2,423,5,NULL,NULL,22.00,NULL,NULL,NULL,'2019-10-10 12:45:59','2020-04-01 18:01:20'),
	(65,'LEVANTAMIENTO DE EQUIPOS ELECTRONICOS DEL PROYECTO CDC','NECESITO SEAN REGISTRADOS LOS EQUIPOS DE CDC DE LA OFICINA PRINCIPAL COMO OFICINA SANTIAGO Y 9 LAPTOS DISPONIBLE 3 PARA EL 11/10/2019 Y 6 PARA EL LUNES 14/10/2019','urgente',4,'servicios','finalizado','pagado','Ver Datos Adjuntos',14,'2019-10-10','2019-11-08','2019-11-21',NULL,5,14,34,5,19,7,45,53,2,NULL,4,'B0100000309','Transferencia',1322.50,25.00,52.90,NULL,'2019-10-10 15:27:49','2019-11-27 12:45:16'),
	(68,'Actualizacion S.O., antivirus, Limpieza de temporales','Actualizacion Windows7, antivirus, limpieza temporales','programado',3,'iguala','finalizado','pagado','Se descargaron las actualizaciones del Windows, se limpiaron los temporales, se hizo un escaneo con antivirus',1,'2019-10-09',NULL,NULL,NULL,5,6,22,4,8,5,28,6,3,34,3,NULL,NULL,NULL,22.00,NULL,NULL,'2019-10-11 09:32:42','2019-10-11 09:42:26'),
	(69,'Actualizacion S.O windows 10','Actualizacion Windows 10','programado',4,'iguala','finalizado','pagado','Se realizo la actualizacion Windows 10 y el firmware de la Bios',1,'2019-10-11',NULL,NULL,NULL,5,2,8,2,8,5,9,6,3,1,2,NULL,NULL,NULL,25.00,NULL,NULL,'2019-10-11 09:50:45','2019-10-11 19:07:29'),
	(70,'Actualizacion S.O., antivirus, Limpieza de temporales','Actualizacion Windows7, limpieza temporales, escaneo antivirus','programado',3,'iguala','finalizado','pagado','Se actualizo Windows7, limpieza temporales',1,'2019-10-09',NULL,NULL,NULL,5,6,22,4,8,5,29,6,3,36,3,NULL,NULL,NULL,22.00,NULL,NULL,'2019-10-11 10:18:28','2019-10-11 19:06:32'),
	(71,'Actualizacion S.O., antivirus, Limpieza de temporales','Actualizacion Windows7, escaneo antivirus, limpieza temporales','programado',3,'iguala','finalizado','pagado','Se actualizo Windows7, limpieza temporales, escaneo antivirus',1,'2019-10-09',NULL,NULL,NULL,5,7,23,4,8,5,30,6,3,37,3,NULL,NULL,NULL,22.00,NULL,NULL,'2019-10-11 10:20:05','2019-10-11 19:06:46'),
	(72,'Actualizacion S.O., antivirus, Limpieza de temporales','Actualizacion Windows7, escaneo antivirus, limpieza temporales, actualizacion programa IBM','programado',3,'iguala','finalizado','pagado','Se actualizo drivers, limpieza temporales, actualizacion aplicacion IBM',1,'2019-10-09',NULL,NULL,NULL,5,9,25,4,8,5,32,6,3,35,3,NULL,NULL,NULL,22.00,NULL,NULL,'2019-10-11 10:22:02','2019-10-11 19:06:54'),
	(73,'Actualizacion S.O windows 10','Actualizacion Windows 10, limpieza temporales','programado',3,'iguala','finalizado','pagado','Se actualizo Windows 10, limpieza temporales',1,'2019-10-09',NULL,NULL,NULL,5,8,24,4,8,5,31,6,3,NULL,3,NULL,NULL,NULL,22.00,NULL,NULL,'2019-10-11 10:23:06','2019-10-11 19:07:04'),
	(74,'no prende mi computadora','no prende mi computadora','normal',2,'iguala','finalizado','pagado','Este Tickets Fue realizado en modo de prueba en entrenamiento',0,'2019-10-15',NULL,NULL,NULL,5,22,48,9,11,7,67,75,2,418,5,NULL,NULL,20.00,NULL,NULL,NULL,'2019-10-15 17:57:48','2020-04-01 18:01:27'),
	(75,'Mantenimiento de Hardware y Software Merari','Mantenimiento de Hardware y Software Merari','programado',3,'servicios','finalizado','pagado','Ver Datos Adjuntos',1.5,'2019-10-16','2019-11-08','2019-11-21',NULL,5,15,35,5,21,7,57,5,2,136,4,'B0100000309','Transferencia',1163.80,22.00,52.90,NULL,'2019-10-16 09:39:47','2019-11-27 12:45:16'),
	(76,'Mantenimiento de Hardware y Software Wendy Tejeda','Mantenimiento de Hardware y Software Wendy Tejeda','programado',3,'servicios','finalizado','pagado','Ver los Datos Adjuntos',1.5,'2019-10-16','2019-11-08','2019-11-21',NULL,5,14,34,5,21,7,45,5,2,61,4,'B0100000309','Transferencia',1163.80,22.00,52.90,NULL,'2019-10-16 09:41:50','2019-11-27 12:45:16'),
	(77,'Mantenimiento de Hardware y Software Elianny Pion','Mantenimiento de Hardware y Software Elianny Pion','programado',3,'servicios','finalizado','pagado','Ver Los Datos Adjuntos',1.5,'2019-10-16','2019-11-08','2019-11-21',NULL,5,16,37,5,21,7,58,5,2,54,4,'B0100000309','Transferencia',1163.80,22.00,52.90,NULL,'2019-10-16 15:10:26','2019-11-27 12:45:16'),
	(78,'Mantenimiento de Hardware y Software Elizabeth','Mantenimiento de Hardware y Software Elizabeth','programado',3,'servicios','finalizado','pagado','Ver Los Datos Adjuntos',1.5,'2019-10-16','2019-11-08','2019-11-21',NULL,5,16,37,5,21,7,88,5,2,99,4,'B0100000309','Transferencia',1163.80,22.00,52.90,NULL,'2019-10-16 15:27:34','2019-11-27 12:45:16'),
	(79,'Particion de Disco','Quitar la particion del disco de Wendy','programado',1,'servicios','finalizado','pagado','Extraccin de Informacin y  Reinstalacion del Sistema Operativo',2.5,'2019-10-18','2019-11-08','2019-11-21',NULL,5,14,34,5,20,7,45,63,2,61,4,'B0100000309','Transferencia',952.20,18.00,52.90,NULL,'2019-10-16 15:31:59','2019-11-27 12:45:16'),
	(80,'No quiere imprimir a color tampoco','Lo que mando a imprimir se queda en cola y no sale.','normal',4,'iguala','finalizado','pagado','Re-instalacin de Impresora',0.5,'2019-10-17',NULL,NULL,NULL,5,25,45,9,2,1,72,80,2,NULL,5,NULL,NULL,25.00,NULL,NULL,NULL,'2019-10-17 11:11:43','2020-04-01 18:01:35'),
	(81,'No hay espacio en Computadora','La computadora da un aviso que debe hacer una actualizacin, cuando le digo que OK dice que no tiene espacio para poderla hacer.','normal',4,'iguala','finalizado','pagado','Se debe de trasportar alguna informacin no requera por el momento  a un dispositivo de Almacenamiento para liberar espacio, en el Disco y se pueda realizar la Actualizacin',0.5,'2019-10-17',NULL,NULL,NULL,5,25,45,9,8,5,72,80,2,NULL,5,NULL,NULL,25.00,NULL,NULL,NULL,'2019-10-17 11:13:08','2020-04-01 18:01:43'),
	(82,'Lentitud','Durante el funcionamiento y con los programas office e internet, el equipo se torna lento. Se friza y dura mucho rato esperando funcionar normal.','normal',7,'iguala','finalizado','pagado','Borrar archivos Temporales, verificar actualizaciones, recomendaciones Cambiar a Disco SSD Y Aumento de Memoria RAM de 4gb  a 8gb',0.5,'2019-10-17',NULL,NULL,NULL,5,19,42,9,21,7,75,83,2,412,5,NULL,NULL,0.00,NULL,NULL,NULL,'2019-10-17 12:56:28','2020-04-01 18:01:50'),
	(83,'instalacion de impresora HP','instalacion de impresora HP','urgente',2,'servicios','finalizado','pagado','Instalacin de DRIVER de  2 IMPRESORAS',1,'2019-10-17','2019-11-08','2019-11-21',NULL,5,14,34,11,1,1,45,53,2,514,4,'B0100000309','Transferencia',1058.00,20.00,52.90,NULL,'2019-10-17 16:14:52','2019-11-27 12:45:16'),
	(84,'Mantenimiento de Hardware y Software Wendy Alba','Mantenimiento de Hardware y Software Wendy Alba','normal',3,'servicios','finalizado','pagado','Ver Los Datos Adjuntos',1.5,'2019-10-18','2019-11-08','2019-11-21',NULL,5,10,26,5,21,7,33,5,2,50,4,'B0100000309','Transferencia',1163.80,22.00,52.90,NULL,'2019-10-18 09:07:27','2019-11-27 12:45:16'),
	(85,'Mantenimiento de Hardware y Software Katherine de Los Santos','Mantenimiento de Hardware y Software Katherine de Los Santos','normal',3,'servicios','finalizado','pagado','Ver datos adjuntos',1.5,'2019-10-18','2019-11-08','2019-11-21',NULL,5,16,36,5,21,7,41,5,2,143,4,'B0100000309','Transferencia',1163.80,22.00,52.90,NULL,'2019-10-18 09:10:01','2019-11-27 12:45:16'),
	(86,'Mantenimiento de Hardware y Software Laptop HP Pavilion 15 Custodio 172','Mantenimiento de Hardware y Software Laptop HP Pavilion 15 Custodio 172','programado',3,'servicios','finalizado','pagado','ver los datos Adjuntos',1.5,'2019-10-18','2019-11-08','2019-11-21',NULL,5,14,34,7,21,7,55,5,2,172,4,'B0100000309','Transferencia',1163.80,22.00,52.90,NULL,'2019-10-18 10:06:14','2019-11-27 12:45:16'),
	(87,'Mantenimiento de Hardware y Software Laptop DELL INSPIRION 171','Mantenimiento de Hardware y Software Laptop DELL INSPIRION 171','programado',3,'servicios','finalizado','pagado','ver los datos adjuntos',1.5,'2019-10-18','2019-11-08','2019-11-21',NULL,5,14,34,7,21,7,55,5,2,171,4,'B0100000309','Transferencia',1163.80,22.00,52.90,NULL,'2019-10-18 10:33:00','2019-11-27 12:45:16'),
	(88,'Mantenimiento de Hardware y Software Laptop DELL Latitude 5480 170','Mantenimiento de Hardware y Software Laptop DELL Latitude 5480 170','programado',3,'servicios','finalizado','pagado','ver los datos adjuntos',1.5,'2019-10-18','2019-11-08','2019-11-21',NULL,5,14,34,7,21,7,55,5,2,170,4,'B0100000309','Transferencia',1163.80,22.00,52.90,NULL,'2019-10-18 15:36:14','2019-11-27 12:45:16'),
	(89,'equipo no encience','computadora no enciende','urgente',5,'iguala','finalizado','pagado','le indique que verificar, si esta bien conectado en la parte elctrica, porque no da signo de que tenia electricidad (cambio de Regleta que conecta al UPS)',0.5,'2019-10-21',NULL,NULL,NULL,5,23,49,9,11,7,62,74,2,448,5,NULL,NULL,0.00,NULL,NULL,NULL,'2019-10-21 08:47:07','2020-04-01 18:02:35'),
	(90,'equipo no prende','equipo no enciende','urgente',2,'iguala','finalizado','pagado','le indique que verificar, si esta bien conectado en la parte elctrica, porque no da signo de que tenia electricidad (cambio de Regleta que conecta al UPS)',0.5,'2019-10-21',NULL,NULL,NULL,5,23,49,9,11,7,62,74,2,448,5,NULL,NULL,20.00,NULL,NULL,NULL,'2019-10-21 08:49:07','2020-04-01 18:02:42'),
	(91,'Mantenimiento de Hardware y Software Petronila','Mantenimiento de Hardware y Software Petronila','programado',3,'servicios','finalizado','pagado','ver los datos Adjuntos',1.5,'2019-10-21','2019-11-08','2019-11-21',NULL,5,14,34,5,21,7,54,5,2,70,4,'B0100000309','Transferencia',1163.80,22.00,52.90,NULL,'2019-10-21 11:50:12','2019-11-27 12:45:16'),
	(92,'Mantenimiento de Hardware y Software Edwin Ubaez PC LOCAL','Mantenimiento de Hardware y Software Edwin Ubaez PC LOCAL','programado',3,'servicios','finalizado','pagado','Ver los Datos Adjuntos',1.5,'2019-10-21','2019-11-08','2019-11-21',NULL,5,14,34,5,21,7,55,5,2,74,4,'B0100000309','Transferencia',1163.80,22.00,52.90,NULL,'2019-10-21 12:39:35','2019-11-27 12:45:16'),
	(93,'Mantenimiento de Hardware y Software Laptop DELL Latitude 3590 175','Mantenimiento de Hardware y Software Laptop DELL Latitude 3590 175','programado',3,'servicios','finalizado','pagado','ver los Datos Adjuntos',1.5,'2019-10-21','2019-11-08','2019-11-21',NULL,5,14,34,5,21,7,55,5,2,175,4,'B0100000309','Transferencia',1163.80,22.00,52.90,NULL,'2019-10-21 15:15:51','2019-11-27 12:45:16'),
	(94,'la Mac de Ernesto','La maquina de Ernesto NO SIRVE los audifos y le da un BALTRI de vez en cuando y de cuando en vez','urgente',5,'iguala','finalizado','pagado','Tickets realizado en modo de prueba para el Entrenamiento',0,'2019-10-22',NULL,NULL,NULL,5,20,46,9,11,7,84,92,2,406,5,NULL,NULL,0.00,NULL,NULL,NULL,'2019-10-22 17:40:27','2020-04-01 18:02:57'),
	(95,'la batera de mi ups se dao.','cuando encend mi computador mi ups inicio  pitar a causa de que la batera esta daada.','normal',4,'servicios','finalizado','pagado','cambio de UPS por uno que estaba disponible',0.5,'2019-10-23','2019-11-08','2019-11-21',NULL,5,15,35,5,11,7,57,65,2,138,4,'B0100000309','Transferencia',1322.50,25.00,52.90,NULL,'2019-10-23 09:10:13','2019-11-27 12:45:16'),
	(96,'Mantenimiento de Hardware y Software Edwin Ubaez Laptop id 173','Mantenimiento de Hardware y Software Edwin Ubaez Laptop id 173','programado',3,'servicios','finalizado','pagado','Ver los Datos Adjuntos',1.5,'2019-10-23','2019-11-08','2019-11-21',NULL,5,14,34,7,21,7,55,5,2,173,4,'B0100000309','Transferencia',1163.80,22.00,52.90,NULL,'2019-10-23 14:11:58','2019-11-27 12:45:16'),
	(97,'Mantenimiento de Hardware y Software Desktop id 169 Custodio','Mantenimiento de Hardware y Software Desktop id 169 Custodio','programado',3,'servicios','finalizado','pagado','Ver los datos Adjuntos, No tiene Memoria RAM',1,'2019-10-23','2019-11-08','2019-11-21',NULL,5,14,34,7,21,7,55,5,2,169,4,'B0100000309','Transferencia',1163.80,22.00,52.90,NULL,'2019-10-23 14:18:43','2019-11-27 12:45:16'),
	(98,'Actualizaciones','Actualizacion Windows 7, limpieza temporales,','programado',3,'iguala','finalizado','pagado','Se actualizo S.O. y algunos drivers, limpieza temporales',1,'2019-10-23',NULL,NULL,NULL,5,6,22,4,21,7,28,6,3,34,3,NULL,NULL,NULL,22.00,NULL,NULL,'2019-10-24 08:54:30','2019-11-27 14:33:22'),
	(99,'Actualizaciones','Lentitud del S.O. actualizaciones','programado',3,'iguala','finalizado','pagado','El S.O esta lento porque hay que hacer cambio de disco duro, limpieza temporales,',1,'2019-10-23',NULL,NULL,NULL,5,6,22,4,21,7,29,6,3,36,3,NULL,NULL,NULL,22.00,NULL,NULL,'2019-10-24 08:56:05','2019-11-27 15:00:44'),
	(100,'Actualizaciones','Actualizar S.O.','programado',3,'iguala','finalizado','pagado','Se hizo actualizacin S.O., limpieza temporales',1,'2019-10-23',NULL,NULL,NULL,5,7,23,4,8,5,30,6,3,37,3,NULL,NULL,NULL,22.00,NULL,NULL,'2019-10-24 08:57:02','2019-11-27 15:01:00'),
	(101,'Actualizaciones, problemas al subir archivos','Inconvenientes al subir archivos, actualizaciones S.O.','programado',3,'iguala','finalizado','pagado','Se hizo actualizaciones S.O, limpieza temporales',1,'2019-10-23',NULL,NULL,NULL,5,9,25,4,21,7,32,6,3,35,3,NULL,NULL,NULL,22.00,NULL,NULL,'2019-10-24 08:59:14','2019-11-27 15:01:14'),
	(102,'Acceso al 101','hola, an est pendiente el acceso a uno de los discos duros. Es necesario para la revicin y depuracin de las carpetas','urgente',4,'iguala','finalizado','pagado','Se tiene un problema de Compatibilidad entre el NAS (10.0.0.103) y la Laptop MacBook ya que se realizo de forma automtica el Sistema Operativo de la Mac',1,'2019-10-24',NULL,NULL,NULL,5,20,46,9,5,6,79,87,2,401,5,NULL,NULL,25.00,NULL,NULL,NULL,'2019-10-24 13:49:13','2020-04-01 18:03:05'),
	(103,'No acceso con wifi','hola, la computadora no se conecta al internet a travs del wifi.','urgente',4,'iguala','finalizado','pagado','Habilitar el Wi-Fi estaba desactivado, selecciona \"Activar Wi-Fi\"',0.5,'2019-10-25',NULL,NULL,NULL,5,20,46,9,13,8,79,87,2,NULL,5,NULL,NULL,25.00,NULL,NULL,NULL,'2019-10-25 08:00:31','2020-04-01 18:03:12'),
	(104,'CONFIGURACIN ZONA HORARIA OUTLOOK','NECESITAMOS QUE TODAS LAS CUENTAS DE CORREOS TENGAN LA ZONA HORARIA CORRECTA YA QUE TODA LAS PLANIFICACIONES SE HACE POR ESTA VA','normal',3,'servicios','anulado',NULL,'trabajo realizado con la CONFIGURACIN ZONA HORARIA OUTLOOK de los Usuarios (Denny Paredes, Luz Payan y Elizabeth Matos )',NULL,'2019-10-25',NULL,NULL,NULL,NULL,15,35,5,9,5,56,64,2,NULL,4,NULL,NULL,NULL,22.00,NULL,NULL,'2019-10-25 11:51:04','2020-02-01 15:25:02'),
	(105,'Mantenimiento de Hardware y Software Server Monitoreo','Mantenimiento de Hardware y Software Server Monitoreo','programado',3,'servicios','finalizado','pagado','Ver Los Datos Adjuntos',4,'2019-10-25','2019-11-08','2019-11-21',NULL,5,16,36,8,21,7,42,5,2,396,4,'B0100000309','Transferencia',1163.80,22.00,52.90,NULL,'2019-10-25 16:07:20','2019-11-27 12:45:16'),
	(106,'outlook no funciona','outlook no funciona','urgente',2,'iguala','finalizado','pagado','reinicio del Outlook',0.5,'2019-10-28',NULL,NULL,NULL,5,23,49,9,9,5,62,74,2,481,5,NULL,NULL,20.00,NULL,NULL,NULL,'2019-10-28 09:32:09','2020-04-01 18:03:18'),
	(107,'Mantenimiento de Hardware y Software Server Central','Mantenimiento de Hardware y Software Server Central','programado',3,'servicios','finalizado','pagado','ver Los Datos Adjuntos',4,'2019-10-28','2019-11-08','2019-11-21',NULL,5,16,36,8,21,7,42,5,2,157,4,'B0100000309','Transferencia',1163.80,22.00,52.90,NULL,'2019-10-28 14:47:36','2019-11-27 12:45:16'),
	(108,'Mantenimiento de Hardware y Software Yeralbis Severino','Mantenimiento de Hardware y Software Yeralbis Severino','programado',3,'servicios','finalizado','pagado','ver los datos adjuntos',1.5,'2019-10-30','2019-11-08','2019-11-21',NULL,5,16,38,6,21,7,48,5,2,187,4,'B0100000309','Transferencia',1163.80,22.00,52.90,NULL,'2019-10-30 14:05:38','2019-11-27 12:45:16'),
	(109,'Mantenimiento de Hardware y Software Javier (Almacen)','Mantenimiento de Hardware y Software Javier (Almacen)','programado',3,'servicios','finalizado','pagado','`ver los datos adjuntos',1.5,'2019-10-30','2019-11-08','2019-11-21',NULL,5,16,38,6,21,7,47,5,2,197,4,'B0100000309','Transferencia',1163.80,22.00,52.90,NULL,'2019-10-30 14:07:11','2019-11-27 12:45:16'),
	(110,'Acceso Remoto al Sevidor para Usuario de Profit desde mi computadora.','Acceso Remoto al Sevidor para Usuario de Profit desde mi computadora.','urgente',2,'iguala','finalizado','pagado','acceso realizado al Server Finanzas',0.5,'2019-11-01',NULL,NULL,NULL,5,22,48,9,5,6,69,77,2,NULL,5,NULL,NULL,20.00,NULL,NULL,NULL,'2019-11-01 09:40:36','2020-04-01 18:03:25'),
	(111,'Levantamiento informacion IT SFH Santiago de Los Caballeros','Levantamiento y Creacin de Estructura IT SFH Santiago de Los Caballeros','programado',3,'servicios','finalizado','pagado','Viaje realizado correctamente de acuerdo a lo indicado, se adjunta Informes correspondientes.',14,'2019-11-06','2019-12-02','2020-02-02',NULL,5,16,36,11,5,6,42,5,2,NULL,4,'B0100000328','BHD Transferencia ENE/2020',1163.80,22.00,52.90,NULL,'2019-11-07 09:09:36','2020-02-02 12:15:40'),
	(112,'Team Viewer M&E','Favor de apoyarme con instalarle el team viewer v14 a mi maquina en monitoreo y evaluacion y compartirme las credenciales, actualmente me ecuentro en el interior y necesito acceder prioritariamente a este equipo.','normal',2,'servicios','finalizado','pagado','Actualizacin del TeamViewer, y Acceso Remoto a computadora solicitada',1,'2019-11-07','2019-12-02','2020-02-02',NULL,5,12,31,5,9,5,50,58,2,220,4,'B0100000328','BHD Transferencia ENE/2020',1058.00,20.00,52.90,NULL,'2019-11-07 10:34:10','2020-02-02 12:15:40'),
	(113,'Creacin Correo a la Srta Donata Caputo quien es una empleada','Creacin Correo a la Srta Donata Caputo quien es una empleada','normal',3,'iguala','finalizado','pagado','Ver la imagen Adjunta, Creacin del Nuevo Correo Electrnico, Nota: debe Ingresar la Clave activagroup y le pedir que la cambie',5,'2019-11-07',NULL,NULL,NULL,5,23,49,9,5,6,62,70,2,NULL,5,NULL,NULL,22.00,NULL,NULL,NULL,'2019-11-07 10:45:09','2020-04-01 18:03:31'),
	(114,'Mantenimiento de Hardware y Software Laptop Acer Prestada a Adabel Jimenez','Mantenimiento de Hardware y Software Laptop Acer Prestada a Adabel Jimenez','programado',3,'servicios','finalizado','pagado','por favor ver Datos Adjuntos',1.5,'2019-11-08','2019-12-02','2020-02-02',NULL,5,14,34,7,21,7,55,5,2,178,4,'B0100000328','BHD Transferencia ENE/2020',1163.80,22.00,52.90,NULL,'2019-11-08 14:50:50','2020-02-02 12:15:40'),
	(115,'instalacion de skype empresarial','instalacion de skype empresarial','normal',2,'servicios','finalizado','pagado','Instalacin Realizada',1,'2019-11-13','2019-12-02','2020-02-02',NULL,5,14,34,11,10,7,45,53,2,176,4,'B0100000328','BHD Transferencia ENE/2020',1058.00,20.00,52.90,NULL,'2019-11-13 10:38:08','2020-02-02 12:15:40'),
	(116,'Botn Shift teclado','El botn izquierdo del teclado de la laptop no funciona y aun sigo a la espera de solucin al tema de la pantalla.','normal',5,'iguala','finalizado','pagado','Se debe de enviar a servicio Tcnico por los problemas tcnicos que viene presentando, ya que eso ya es de Taller Especializado MAC',0.5,'2019-11-13',NULL,NULL,NULL,5,20,46,9,11,7,86,94,2,408,5,NULL,NULL,0.00,NULL,NULL,NULL,'2019-11-13 17:16:58','2020-04-01 18:03:37'),
	(117,'Botn Shift no funciona','El botn de Shift del lado izquierdo del teclado no funciona.','normal',5,'iguala','finalizado','pagado','Se debe de enviar a servicio Tcnico por los problemas tcnicos que viene presentando, ya que eso es de Taller Especializado MAC',0.5,'2019-11-13',NULL,NULL,NULL,5,20,46,9,11,7,86,94,2,408,5,NULL,NULL,0.00,NULL,NULL,NULL,'2019-11-13 17:19:14','2020-04-01 18:03:43'),
	(118,'TORTUGA','LA COMPUTADORA ESTA PRESENTANDO UNA LENTITUD PARECIDA A UNA TORTUGA MARINA, ESTA','urgente',3,'iguala','finalizado','pagado','Revisin de Recursos de Memoria RAM realizado. Recomendacin se tiene que llevar a Punto Mac, con el usuario de la iMac y mostrarle que sucede al momento de trabajar para que ellos observen mas a fondo el problema.',0.5,'2019-11-14',NULL,NULL,NULL,5,20,46,9,21,7,82,90,2,404,5,NULL,NULL,22.00,NULL,NULL,NULL,'2019-11-14 11:21:33','2020-04-01 18:03:49'),
	(119,'Acceso a los discos','hola, an sigo sin acceso a uno de los discos de creatividad..','normal',4,'iguala','finalizado','pagado','Con el proceso de Organizacin que se esta llevado a cabo segn los correo que se enviaron, solamente se proceder a entrara un solo Dispositivo de Almacenamiento 10.0.0.39, que es el que usted tiene Accesos',0.5,'2019-11-20',NULL,NULL,NULL,5,20,46,9,5,6,79,87,2,401,5,NULL,NULL,25.00,NULL,NULL,NULL,'2019-11-20 10:04:41','2020-04-01 18:03:55'),
	(120,'Revision de suministro electrico para internet de la oficina. Cuando se va la luz se cae el internet','Revision de suministro electrico para internet de la oficina. Cuando se va la luz se cae el internet','urgente',4,'servicios','finalizado','pagado','Cambio de conexiones Elctrica correctas en Datacenter',0.5,'2019-11-25','2019-12-02','2020-02-02',NULL,5,16,36,8,13,8,42,50,2,NULL,4,'B0100000328','BHD Transferencia ENE/2020',1322.50,25.00,52.90,NULL,'2019-11-25 16:50:44','2020-02-02 12:15:40'),
	(121,'Impresora no imprime','La impresora habilitada en el departamento de M&E no imprime, en su estado de impresion mantiene un documento en cola el cual obstaculiza la impresion.','normal',4,'servicios','finalizado','pagado','limpieza de la Cola de Impresin, nota se le tiene que cambiar el Toner',0.5,'2019-11-27','2019-12-02','2020-02-02',NULL,5,12,31,5,2,1,50,58,2,220,4,'B0100000328','BHD Transferencia ENE/2020',1322.50,25.00,52.90,NULL,'2019-11-27 14:14:36','2020-02-02 12:15:40'),
	(122,'No se conecta a la red','no veo nada','normal',5,'iguala','finalizado','pagado','Esto era una prueba para el entrenamiento de Tickets',1,'2019-11-28',NULL,NULL,NULL,5,6,22,4,5,6,28,31,3,34,3,NULL,NULL,NULL,0.00,NULL,NULL,'2019-11-28 10:34:01','2019-11-28 11:59:01'),
	(123,'Actualizaciones','Actualizaciones del sistema operativo','programado',3,'iguala','finalizado','pagado','Se hizo actualizaciones al S.O. y se limpiaron los temporales',1,'2019-11-28',NULL,NULL,NULL,5,6,22,4,8,5,28,6,3,34,3,NULL,NULL,NULL,22.00,NULL,NULL,'2019-11-28 12:27:44','2019-11-28 14:27:16'),
	(124,'Actualizaciones','Actualizacin sistema operativo','programado',3,'iguala','finalizado','pagado','Actualizaciones al S.O y temporales limpieza',1,'2019-11-28',NULL,NULL,NULL,5,6,22,4,8,5,29,6,3,36,3,NULL,NULL,NULL,22.00,NULL,NULL,'2019-11-28 12:28:42','2019-11-28 14:27:24'),
	(125,'Actualizaciones','actualizaciones','programado',3,'iguala','finalizado','pagado','Actualizaciones al S.O. y limpieza de temporales',1,'2019-11-28',NULL,NULL,NULL,5,8,24,4,8,5,31,6,3,NULL,3,NULL,NULL,NULL,22.00,NULL,NULL,'2019-11-28 12:44:03','2019-11-29 12:21:15'),
	(126,'Actualizaciones','actualizaciones sistema operativo','programado',3,'iguala','finalizado','pagado','Limpieza de temporales, actualizacion S.O',1,'2019-11-28',NULL,NULL,NULL,5,9,25,4,8,5,32,6,3,35,3,NULL,NULL,NULL,22.00,NULL,NULL,'2019-11-28 12:44:48','2019-11-28 14:27:41'),
	(127,'10.0.0.39','el disco 10.0.0.39 no me permite agregar archivos','normal',4,'iguala','finalizado','pagado','limpieza de datos en Carpeta Izapata,',1,'2019-12-04',NULL,NULL,NULL,5,20,46,9,5,6,83,91,2,NULL,5,NULL,NULL,25.00,NULL,NULL,NULL,'2019-12-04 11:44:20','2020-04-01 18:04:01'),
	(128,'Se me apaga el computador','El computador se apaga siempre que la luz se va, y tambin se apaga de vez en cuando sin hacerle nada.','normal',4,'servicios','finalizado','pagado','SE REALIZO un Cambio de UPS',0.5,'2019-12-09','2020-02-01','2020-03-16',NULL,5,16,37,5,11,7,88,96,2,99,4,'B0100000353','Transferencia',NULL,22.00,NULL,NULL,'2019-12-09 09:27:12','2020-04-21 15:02:23'),
	(129,'No se conecta a la red','No puedo entrar al compartido.','normal',2,'iguala','finalizado','pagado','Perdida de conexin en el cable UTP',1,'2019-12-18',NULL,NULL,NULL,5,6,22,4,5,6,28,31,3,NULL,3,NULL,NULL,NULL,20.00,NULL,NULL,'2019-12-18 16:42:37','2019-12-18 16:59:48'),
	(130,'Instalacion de nueva impresora','Alquilamos una nueva Impresora multifuncional en la Oficina de Santiago y no se ha podido instalar los controladores en la computadora. El modelo es Canon ir 4245','normal',2,'servicios','finalizado','pagado','La impresora puede imprimir lo que no realiza es la funcin de Escanear documentos, esto se debe a que la aplicacin para escanear no es compatible con el Sistema Operativo Windows 10, recomendacin seria Cambiar por una que si pueda brindar el Servicio',1,'2020-01-09','2020-02-01','2020-03-16',NULL,5,14,34,11,1,1,45,63,2,61,4,'B0100000353','Transferencia',NULL,20.00,NULL,NULL,'2020-01-09 08:49:46','2020-04-21 15:02:23'),
	(131,'Control de Organizacin de la informacin Amaury Roman','Control de Organizacin de la informacin Amaury Roman','programado',3,'iguala','finalizado','pagado','por Favor ver Datos adjunto',0.5,'2020-01-10',NULL,NULL,NULL,5,19,42,9,21,7,75,5,2,412,5,NULL,NULL,22.00,NULL,NULL,NULL,'2020-01-10 11:35:49','2020-04-01 18:04:08'),
	(132,'Control de Organizacin de la informacin Laura Gutierrez','Control de Organizacin de la informacin Laura Gutierrez','programado',3,'iguala','finalizado','pagado','Por favor ver datos Adjuntos',0.5,'2020-01-10',NULL,NULL,NULL,5,19,42,9,21,7,89,5,2,413,5,NULL,NULL,22.00,NULL,NULL,NULL,'2020-01-10 11:37:07','2020-04-01 18:04:14'),
	(133,'Actualizaciones y limpieza temporales','Limpieza de temporales, actualizacion S.O. y Antivirus','normal',3,'iguala','finalizado','pagado','Actualizaciones  S.O. y antivirus.',1,'2020-01-13',NULL,NULL,NULL,5,6,22,4,8,5,28,6,3,34,3,NULL,NULL,NULL,22.00,NULL,NULL,'2020-01-13 10:40:29','2020-01-13 11:30:36'),
	(134,'Actualizaciones','Actualizaciones S.O., Antivirus, limpieza temporales','normal',3,'iguala','finalizado','pagado','Actualizaciones S.O. y limpieza temporales',1,'2020-01-10',NULL,NULL,NULL,5,6,22,4,8,5,29,6,3,36,3,NULL,NULL,NULL,22.00,NULL,NULL,'2020-01-13 10:41:36','2020-01-13 11:31:03'),
	(135,'Limpieza temporales y actualizaciones','Actualizacin S.O. y antivirus, limpieza temporales','normal',3,'iguala','finalizado','pagado','Limpieza temporales y actualizaciones',1,'2020-01-10',NULL,NULL,NULL,5,7,23,4,8,5,30,6,3,37,3,NULL,NULL,NULL,22.00,NULL,NULL,'2020-01-13 10:43:12','2020-01-13 11:31:24'),
	(136,'Actualizaciones','Limpieza temporales y actualizaciones','normal',3,'iguala','finalizado','pagado','Limpieza temporales',1,'2020-01-10',NULL,NULL,NULL,5,8,24,4,8,5,31,6,3,NULL,3,NULL,NULL,NULL,22.00,NULL,NULL,'2020-01-13 10:44:07','2020-01-13 11:31:39'),
	(137,'Actualizaciones','Limpieza de temporales y reinstalacion de Office','normal',3,'iguala','finalizado','pagado','Reinstalacion de Office y limpieza temporales',1,'2020-01-13',NULL,NULL,NULL,5,9,25,4,8,5,32,6,3,35,3,NULL,NULL,NULL,22.00,NULL,NULL,'2020-01-13 10:45:08','2020-01-13 11:31:54'),
	(138,'REVISION Y DIAGNOSTICO DTE DE 4 LAPTOPS (SE ENVIARAN A SFH SANTO DOMINGO)','NO FUNCIONAN ADECUADAMENTE','normal',4,'servicios','finalizado','facturado','Revisin y Diagnostico: \r\nLenovo Ideapad 110 MP1672K1, problema Lentitud: se eliminaron archivos temporales, se des fragmento disco duro, se des-instalo programas no necesarios, se actualizo Windows, se agreg Usuario invitado.\r\nLaptop LATITUDE 3590 CNCMC008630052: presenta Visible golpe en pantalla, remplazo de Pantalla.\r\nLaptop Latitude 5480 D6ZNQN-CN1296384O01CA: presenta golpe en pantalla, remplazo de Pantalla .\r\nLaptop HP ProBook 450 G2, problema elctrico en la Placa Madre, llevar al taller.',4,'2020-01-14','2020-04-01',NULL,NULL,5,14,34,11,11,7,45,53,2,61,4,'B0100000375',NULL,1350.00,25.00,54.00,NULL,'2020-01-14 16:16:51','2020-04-21 15:00:16'),
	(139,'INSTALACION DE IMPRESORA MULTIFUNCIONAL Y OFFICE','INSTALACION DE IMPRESORA MULTIFUNCIONAL Y OFFICE','normal',2,'servicios','finalizado','pagado','Instalacin de Impresora en la Computadora de Wendy Tejeda',1,'2020-01-14','2020-02-01','2020-03-16',NULL,5,14,34,11,1,1,45,53,2,61,4,'B0100000353','Transferencia',NULL,20.00,NULL,NULL,'2020-01-14 16:20:28','2020-04-21 15:02:23'),
	(140,'Control de Organizacin de la informacin Catherine Batista','Control de Organizacin de la informacin Catherine Batista','programado',3,'iguala','finalizado','pagado','por favor ver datos adjuntos',1,'2020-01-14',NULL,NULL,NULL,5,19,41,9,21,7,73,5,2,409,5,NULL,NULL,22.00,NULL,NULL,NULL,'2020-01-14 18:02:30','2020-04-01 18:04:21'),
	(141,'Control de Organizacin de la informacin Daniela Calcano','Control de Organizacin de la informacin Daniela Calcano','programado',3,'iguala','finalizado','pagado','por favor ver datos adjuntos',1,'2020-01-14',NULL,NULL,NULL,5,19,42,9,21,7,74,5,2,NULL,5,NULL,NULL,22.00,NULL,NULL,NULL,'2020-01-14 18:03:40','2020-04-01 18:04:28'),
	(142,'Control de Organizacin de la informacin Eira Caceres','Control de Organizacin de la informacin Eira Caceres','programado',3,'iguala','finalizado','pagado','por favor ver datos adjuntos',1,'2020-01-14',NULL,NULL,NULL,5,19,41,9,21,7,78,5,2,410,5,NULL,NULL,22.00,NULL,NULL,NULL,'2020-01-14 18:04:43','2020-04-01 18:04:46'),
	(143,'Control de Organizacin de la informacin Donata Caputo','Control de Organizacin de la informacin Donata Caputo','programado',3,'iguala','finalizado','pagado','por favor ver datos adjuntos',1,'2020-01-14',NULL,NULL,NULL,5,19,41,9,21,7,76,5,2,411,5,NULL,NULL,22.00,NULL,NULL,NULL,'2020-01-14 18:05:40','2020-04-01 18:04:55'),
	(144,'Control de Organizacin de la informacin Yeidemy Luzon','Control de Organizacin de la informacin Yeidemy Luzon','programado',3,'iguala','finalizado','pagado','por favor ver datos adjunto',1,'2020-01-15',NULL,NULL,NULL,5,19,43,9,21,7,77,5,2,414,5,NULL,NULL,22.00,NULL,NULL,NULL,'2020-01-15 17:23:46','2020-04-01 18:05:02'),
	(145,'Control de Organizacin de la informacin Heidy Grullon','Control de Organizacin de la informacin Heidy Grullon','programado',3,'iguala','finalizado','pagado','por favor ver datos adjunto',1,'2020-01-15',NULL,NULL,NULL,5,22,48,9,21,7,67,5,2,418,5,NULL,NULL,22.00,NULL,NULL,NULL,'2020-01-15 17:24:44','2020-04-01 18:05:07'),
	(146,'Control de Organizacin de la informacin Marianni Lara','Control de Organizacin de la informacin Marianni Lara','programado',3,'iguala','finalizado','pagado','por favor ver datos adjunto',1,'2020-01-15',NULL,NULL,NULL,5,22,48,9,21,7,68,5,2,419,5,NULL,NULL,22.00,NULL,NULL,NULL,'2020-01-15 17:25:57','2020-04-01 18:05:12'),
	(147,'Control de Organizacin de la informacin Gabriela Coronado','Control de Organizacin de la informacin Gabriela Coronado','programado',3,'iguala','finalizado','pagado','por favor ver datos adjunto',1,'2020-01-15',NULL,NULL,NULL,5,22,48,9,21,7,69,5,2,420,5,NULL,NULL,22.00,NULL,NULL,NULL,'2020-01-15 17:27:35','2020-04-01 18:05:19'),
	(148,'Control de Organizacin de la informacin Maria Martinez','Control de Organizacin de la informacin Maria Martinez','programado',3,'iguala','finalizado','pagado','por Favor ver los Dato Adjunto',1,'2020-01-16',NULL,NULL,NULL,5,23,49,9,21,7,64,5,2,422,5,NULL,NULL,22.00,NULL,NULL,NULL,'2020-01-16 16:22:09','2020-04-01 18:05:25'),
	(149,'Control de Organizacin de la informacin Sandra Baez','Control de Organizacin de la informacin Sandra Baez','programado',3,'iguala','finalizado','pagado','por Favor ver los Dato Adjunto',1,'2020-01-16',NULL,NULL,NULL,5,21,47,9,21,7,70,5,2,416,5,NULL,NULL,22.00,NULL,NULL,NULL,'2020-01-16 16:23:23','2020-04-01 18:05:31'),
	(150,'Control de Organizacin de la informacin Sergio Soriano','Control de Organizacin de la informacin Sergio Soriano','programado',3,'iguala','finalizado','pagado','por Favor ver los Dato Adjunto',1,'2020-01-16',NULL,NULL,NULL,5,21,47,9,21,7,71,5,2,417,5,NULL,NULL,22.00,NULL,NULL,NULL,'2020-01-16 16:25:43','2020-04-01 18:05:36'),
	(151,'Control de Organizacin de la informacin Migdalia Acosta','Control de Organizacin de la informacin Migdalia Acosta','programado',3,'iguala','finalizado','pagado','por Favor ver los Dato Adjunto',1,'2020-01-16',NULL,NULL,NULL,5,23,49,9,21,7,62,5,2,421,5,NULL,NULL,22.00,NULL,NULL,NULL,'2020-01-16 17:15:33','2020-04-01 18:05:42'),
	(152,'Actualizar a Windows 10','El windows actual (Windows 7) Dejara de tener soporte por Microsoft','normal',3,'servicios','proceso',NULL,NULL,NULL,'2020-01-17',NULL,NULL,NULL,NULL,14,34,5,8,5,54,63,2,201,4,NULL,NULL,NULL,22.00,NULL,NULL,'2020-01-17 12:43:12','2020-01-20 08:20:24'),
	(153,'Excel PC','Excel en computadora de Laura Gutierrez no funciona.','urgente',4,'iguala','finalizado','pagado','Asistencia brindada con reinstalacion de Office',1,'2020-01-20',NULL,NULL,NULL,5,19,42,9,6,2,75,83,2,NULL,5,NULL,NULL,25.00,NULL,NULL,NULL,'2020-01-17 19:04:07','2020-04-01 18:05:47'),
	(154,'CAMIOS EQUIPOS','Hacer cambios en las PC de Daniela Calcao y Donata Caputo, y crear los accesos correspondientes en cada una de sus usuarios de la RED. La laptop usa donata pasara a ser usada por Daniela y la PC usada por Daniela sera usada por Donata.','urgente',3,'iguala','finalizado','pagado','Se realizaron los cambios de PC de Daniela Calcao y Donata Caputo, y se aadieron los  accesos correspondientes a cada usuario',4,'2020-01-20',NULL,NULL,NULL,5,19,42,9,20,7,75,83,2,NULL,5,NULL,NULL,22.00,NULL,NULL,NULL,'2020-01-17 19:07:07','2020-04-01 18:05:53'),
	(155,'Revision Internet Area de Recepcion','Elizabeth en el area de recepcion no tiene internet. El mismo va y viene varias veces al dia.','normal',4,'servicios','finalizado','pagado','conexin directa de cable de red , estaba conectado a un Switch de Red innecesariamente',0.5,'2020-01-20','2020-02-01','2020-03-16',NULL,5,16,37,5,7,3,88,50,2,NULL,4,'B0100000353','Transferencia',NULL,25.00,NULL,NULL,'2020-01-20 09:48:51','2020-04-21 15:02:23'),
	(156,'ACCEDER REMOTAMENTE A MI PC PARA FORMATEO.','Solicitud de acceso via Any Desk a mi Pc asignada que fue cedida en calidad de prestamo a oficina a Santiago, con el fin de formatear mi informacion y darles acceso al nuevo usuario.','normal',4,'servicios','finalizado','pagado','Procedimiento completado, informacin borrada',1,'2020-01-20','2020-02-01','2020-03-16',NULL,5,16,37,5,21,7,58,66,2,54,4,'B0100000353','Transferencia',NULL,25.00,NULL,NULL,'2020-01-20 12:40:27','2020-04-21 15:02:23'),
	(157,'Control de Organizacin de la informacin Abel Urea','Control de Organizacin de la informacin Abel Urea','programado',3,'iguala','finalizado','pagado','por favor ver datos adjuntos',1,'2020-01-23',NULL,NULL,NULL,5,20,46,9,21,7,79,5,2,401,5,NULL,NULL,22.00,NULL,NULL,NULL,'2020-01-24 11:10:48','2020-04-01 18:05:59'),
	(158,'Control de Organizacin de la informacin Ernesto Torres','Control de Organizacin de la informacin Ernesto Torres','programado',3,'iguala','finalizado','pagado','por favor ver datos adjuntos',1,'2020-01-23',NULL,NULL,NULL,5,20,46,9,21,7,82,5,2,404,5,NULL,NULL,22.00,NULL,NULL,NULL,'2020-01-24 11:11:56','2020-04-01 18:06:05'),
	(159,'Control de Organizacin de la informacin Carlos de Leon','Control de Organizacin de la informacin Carlos de Leon','programado',3,'iguala','finalizado','pagado','por favor ver datos adjuntos',1,'2020-01-23',NULL,NULL,NULL,5,20,46,9,21,7,85,5,2,407,5,NULL,NULL,22.00,NULL,NULL,NULL,'2020-01-24 11:29:41','2020-04-01 18:06:11'),
	(160,'Control de Organizacin de la informacin Carolina Despradel','Control de Organizacin de la informacin Carolina Despradel','programado',3,'iguala','finalizado','pagado','por favor ver datos adjuntos',1,'2020-01-23',NULL,NULL,NULL,5,20,46,9,21,7,86,5,2,408,5,NULL,NULL,22.00,NULL,NULL,NULL,'2020-01-24 11:30:58','2020-04-01 18:06:16'),
	(161,'Instalacion Internet Altice','Instalacion internet de Altice uso exclusivo para la pc de Florangel','normal',3,'iguala','finalizado','pagado','Se procedi a instalar el internet de Altice via Wifi exclusivo de la pc Florangel',1,'2020-02-03',NULL,NULL,NULL,5,9,25,4,13,8,32,6,3,NULL,3,NULL,NULL,NULL,22.00,NULL,NULL,'2020-02-03 10:42:46','2020-02-03 10:51:17'),
	(162,'Migracion de informacion','migrar las informaciones de la PC actual (encargada de proyectos) por la PC de la Cyber-educadora Frenly de Jess','normal',4,'servicios','finalizado','pagado','Informacin Transferida, Movilizacin de puesto de trabajo de computadoras',1.5,'2020-02-03','2020-03-01','2020-03-16',NULL,5,11,27,5,20,7,37,43,2,93,4,'B01000367','Transferencia',1338.25,25.00,53.53,NULL,'2020-02-03 10:47:19','2020-04-21 15:02:23'),
	(163,'REGISTRO DE NUEVAS LAPTOS','REGISTRO DE NUEVAS LAPTOS','normal',4,'servicios','finalizado','pagado','Procedimiento realizado a 3 Laptops,  Instalacin de Freeoffice2018, Configuracin de usuario administrador e invitado, registro en inventario sistema ZAPHYRUS TICKETS',2.5,'2020-02-05','2020-03-01','2020-03-16',NULL,5,14,34,11,19,7,45,53,2,NULL,4,'B01000367','Transferencia',1338.25,25.00,53.53,NULL,'2020-02-05 13:49:50','2020-04-21 15:02:23'),
	(164,'Office Defectuoso','Desintalacion y reinstalacion del Microsoft Office en PC de escritorio y Laptop','normal',4,'servicios','finalizado','pagado','Instalacin finalizada y correcta de Office 365',1,'2020-02-07','2020-03-01','2020-03-16',NULL,5,12,31,5,9,5,50,58,2,292,4,'B01000367','Transferencia',1338.25,25.00,53.53,NULL,'2020-02-07 09:52:26','2020-04-21 15:02:23'),
	(165,'REPARACIN DE 3 LAPTOS SEGUN DIAGNOSTICO','REPARACIN DE 3 LAPTOS SEGUN DIAGNOSTICO','normal',5,'servicios','cerrado',NULL,'Se prepararon equipos y se llevaron los tres al taller. En espera de Diagnstico. Se produce CUARENTENA NACIONAL, en espera de Diagnstico, Se realizar otro ticket de acuerdo a la decisin de la administracin. Esto corresponde al proceso de recogerlas y llevarlas al taller, esperar turno de atencin, validar cada equipo y explicar en el taller el tema de ada equipo. No son las horas de Gregory de esa vez, estas son las horas mias de ir a recoger las mquinas, llevarlas al taller e indicar el trabajo a diagnosticar con cada una. Yo demor tres horas en ese proceso.',3,'2020-02-11',NULL,NULL,NULL,NULL,14,34,11,11,7,45,53,2,NULL,4,NULL,NULL,NULL,0.00,NULL,NULL,'2020-02-11 10:09:46','2020-05-04 17:17:58'),
	(166,'Actualizaciones','Actualizaciones en la laptop','programado',3,'iguala','finalizado','pagado','Archivos temporales borrados, actualizaciones de sistema operativo listo, actualizaciones del antivirus',1,'2020-02-14',NULL,NULL,NULL,5,6,22,4,21,7,28,6,3,34,3,NULL,NULL,NULL,22.00,NULL,NULL,'2020-02-14 10:26:27','2020-02-14 11:27:50'),
	(167,'Actualizaciones','Actualizaciones al sistema operativo','programado',3,'iguala','finalizado','pagado','Archivos temporales borrados, actualizaciones de sistema operativo listo, actualizaciones del antivirus',1,'2020-02-14',NULL,NULL,NULL,5,6,22,4,21,7,29,6,3,36,3,NULL,NULL,NULL,22.00,NULL,NULL,'2020-02-14 10:28:34','2020-02-14 11:28:08'),
	(168,'Actualizaciones','Actualizaciones al sistema operativo','programado',3,'iguala','finalizado','pagado','Archivos temporales borrados, actualizaciones de sistema operativo listo, actualizaciones del antivirus',1,'2020-02-14',NULL,NULL,NULL,5,7,23,4,21,7,30,6,3,37,3,NULL,NULL,NULL,22.00,NULL,NULL,'2020-02-14 10:29:28','2020-02-14 11:28:21'),
	(169,'Actualizaciones','Actualizaciones al sistema operativo','programado',3,'iguala','finalizado','pagado','Archivos temporales borrados, actualizaciones de sistema operativo listo, actualizaciones del antivirus',1,'2020-02-14',NULL,NULL,NULL,5,8,24,4,21,7,31,6,3,NULL,3,NULL,NULL,NULL,22.00,NULL,NULL,'2020-02-14 10:30:22','2020-02-14 11:36:28'),
	(170,'Actualizaciones','Actualizaciones al S.O','programado',3,'iguala','finalizado','pagado','Archivos temporales borrados, actualizaciones de sistema operativo listo, actualizaciones del antivirus',1,'2020-02-14',NULL,NULL,NULL,5,9,25,4,21,7,32,6,3,519,3,NULL,NULL,NULL,22.00,NULL,NULL,'2020-02-14 10:31:12','2020-02-14 11:28:48'),
	(171,'Skype','Skype esta freezado y para actualizarlo se necesita la clave del adminsitrador','normal',2,'iguala','finalizado','pagado','Se actualizo Skype, limpieza de temporales y scan antivirus',1,'2020-02-24',NULL,NULL,NULL,5,6,22,4,5,6,28,31,3,NULL,3,NULL,NULL,NULL,20.00,NULL,NULL,'2020-02-24 11:09:25','2020-02-24 11:52:14'),
	(172,'instalacion de la impresora en la oficina de la Directora ejecutiva','instalacion de la impresora en la oficina de la Directora ejecutiva','normal',3,'servicios','finalizado','pagado','Instalacin de impresora oficina directora Ejecutiva finalizada',1,'2020-03-26','2020-03-01','2020-03-16',NULL,5,10,26,5,1,1,33,96,2,99,4,'B01000367','Transferencia',1177.66,22.00,53.53,NULL,'2020-02-26 11:55:52','2020-04-21 15:02:23'),
	(173,'Creacin de Usuario','Creacin de Usuario Servidor y traslado de informacin de Usuario Elianny (antigua Recpcionsta) a Elizabeth (Nueva Rececionista)','normal',4,'servicios','finalizado','facturado','Creacin de usuario en servidor  y traslado de informacin a usuario actual (Elizabeth Matos)',1,'2020-03-02','2020-04-01',NULL,NULL,5,16,37,5,9,5,88,96,2,99,4,'B0100000375',NULL,1350.00,25.00,54.00,NULL,'2020-03-02 09:57:25','2020-04-21 15:00:16'),
	(174,'RE-ASIGNAR PC Y SALVAR INFORMACION','Reasignar computadora antes asignada a katherine y colocar bajo mi responsabilidad. Extraer la infomacion para poder utilizarlos en mi usuario.','normal',4,'servicios','finalizado','facturado','Reasignar Computadora Elianny Pion, y copia de Datos para poder utilizarlos en usuario actual, realizado',1,'2020-03-02','2020-04-01',NULL,NULL,5,16,37,5,9,5,58,66,2,54,4,'B0100000375',NULL,1350.00,25.00,54.00,NULL,'2020-03-02 10:55:47','2020-04-21 15:00:16'),
	(175,'Atasco de papel','Se solicito soporte no programado, para asistir un atasco de papel que surgi en una impresora,','normal',4,'servicios','finalizado','facturado','Se debe contactar al mantenimiento correctivo de la misma.',1,'2020-03-02','2020-04-01',NULL,NULL,5,16,37,5,14,1,88,96,2,NULL,4,'B0100000375',NULL,1350.00,25.00,54.00,NULL,'2020-03-02 11:42:37','2020-04-21 15:00:16'),
	(176,'Solicitud de Listado de Computadoras y Equipos que no estn en uso.','Favor emitirnos un listado de los equipos y computadoras que actualmente no se encuentran en uso.','normal',4,'servicios','finalizado','facturado','Lista de equipos sin uso favor de verificar adjunto',4.5,'2020-03-03','2020-04-01',NULL,NULL,5,16,36,5,19,7,42,50,2,NULL,4,'B0100000375',NULL,1350.00,25.00,54.00,NULL,'2020-03-03 14:49:40','2020-04-21 15:00:16'),
	(177,'Mantenimiento y chequeo de bateria','Chequeo de laptop','programado',3,'iguala','finalizado','pagado','Limpieza temporales, actualizaciones S.O. y chequeo de la bateria y se mando correo a Manuel para cambio urgente (ver foto)',1,'2020-03-05',NULL,NULL,NULL,5,6,22,4,21,7,28,6,3,34,3,NULL,NULL,NULL,22.00,NULL,NULL,'2020-03-06 08:13:28','2020-03-06 08:25:07'),
	(178,'Mantenimiento de laptop','Mantenimiento de laptop','programado',3,'iguala','finalizado','pagado','Limpieza temporales, actualizaciones S.O.',1,'2020-03-05',NULL,NULL,NULL,5,6,22,4,21,7,29,6,3,36,3,NULL,NULL,NULL,22.00,NULL,NULL,'2020-03-06 08:14:38','2020-03-06 08:25:28'),
	(179,'Mantenimiento de pc','Mantenimiento de pc','programado',3,'iguala','finalizado','pagado','Actualizaciones S.O., limpieza temporales',1,'2020-03-05',NULL,NULL,NULL,5,7,23,4,21,7,30,6,3,37,3,NULL,NULL,NULL,22.00,NULL,NULL,'2020-03-06 08:15:46','2020-03-06 08:25:43'),
	(180,'Mantenimiento de laptop','Mantenimiento de laptop','programado',3,'iguala','finalizado','pagado','Actualizaciones S.O. limpieza temporales',1,'2020-03-05',NULL,NULL,NULL,5,8,24,4,21,7,31,6,3,NULL,3,NULL,NULL,NULL,22.00,NULL,NULL,'2020-03-06 08:16:45','2020-03-06 08:26:05'),
	(181,'Mantenimiento de laptop','Mantenimiento de laptop','programado',3,'iguala','finalizado','pagado','Actualizacion S.O., limpieza temporales',1,'2020-03-05',NULL,NULL,NULL,5,9,25,4,21,7,32,6,3,519,3,NULL,NULL,NULL,22.00,NULL,NULL,'2020-03-06 08:17:38','2020-03-06 08:26:19'),
	(182,'Respuesta a Solicitud de Auditores','Apoyo en respuesta de Solicitud de Auditores (Ver correos directos de Solicitud)','urgente',7,'servicios','finalizado','facturado','Entrega de Informes de Auditores - Actualizacin de Inventarios, Elaboracin de Dragramas, Informes de Scorecard IT.',12,'2020-03-11','2020-04-01',NULL,NULL,5,16,36,5,9,5,42,50,2,NULL,4,'B0100000375',NULL,1350.00,25.00,54.00,NULL,'2020-03-11 09:18:02','2020-04-21 15:00:16'),
	(183,'Crear Usuario de Sobella en el Servidor','Nota: Cambiar a Petronila por Sobella aqui en el sistema de Zaphyros','normal',3,'servicios','finalizado','facturado','Usuarios creados en servidor e tickes, Usuario: sarias Contrasea: Dominicana1 en los dos escenarios, se agreg 1.5 Horas  la parte de transferencia de datos. ',2.5,'2020-03-11','2020-04-01',NULL,NULL,5,14,34,5,9,5,54,63,2,NULL,4,'B0100000375',NULL,1188.00,22.00,54.00,NULL,'2020-03-11 09:27:03','2020-04-21 15:00:16'),
	(184,'Agregar Nuevos Equipos a Inventario','Agregar nuevos equipos adquiridos al inventario del sistema.','normal',3,'servicios','finalizado','facturado','inventarios de aparatos telefnicos con su imgenes, meraki y central telefnica',5.5,'2020-03-11','2020-04-01',NULL,NULL,5,16,36,5,19,7,42,50,2,NULL,4,'B0100000375',NULL,1188.00,22.00,54.00,NULL,'2020-03-11 14:22:04','2020-04-21 15:00:16'),
	(185,'Error en acceso a pagina Sirla Ministerio de Trabajo.','El relor esta adelantado.','urgente',2,'iguala','finalizado','pagado','Se verifico PC de Gabriela, pc okay, ya puede entrar ala pagina que no acceda',1,'2020-03-11',NULL,NULL,NULL,5,22,48,9,7,3,69,77,2,NULL,5,NULL,NULL,20.00,NULL,NULL,NULL,'2020-03-11 14:59:55','2020-04-01 18:06:22'),
	(186,'Validacin y Configuracin de DVR para Acceso Remoto - Configuracin DVR Mvil','Validar Configuracin Cmaras Remota en Mvil','normal',2,'servicios','finalizado','facturado','Procedimos a Configurar Servidor para Conexiones Remotas Mltiples, Validacin de Tipo de Conexin, Mtodo, SN y User/Pwd admitido para Conectarse al DVR. (3 Horas). Validacin del APP para iPhone y Android del Cliente Mvil (iDMSS Plus 30 Minutos)  y Configuracin Celular de Wendy (30 Minutos).',4,'2020-03-31','2020-04-01',NULL,NULL,5,10,26,5,5,6,33,1,2,NULL,4,'B0100000375',NULL,1080.00,20.00,54.00,NULL,'2020-03-31 21:19:55','2020-04-21 15:00:16'),
	(187,'Cambio de bateria','Cambiar la batera de la laptop esta inflada','normal',5,'iguala','finalizado','pagado','Se realizo cambio de bateria estaba muy inflada',1,'2020-04-17',NULL,NULL,NULL,5,6,22,4,11,7,28,6,3,34,3,NULL,NULL,NULL,0.00,NULL,NULL,'2020-04-17 14:52:26','2020-04-17 14:57:08'),
	(188,'Desmonte de 2 computadoras para escritorio para uso de Katherine y Yeuvy','Desmontar las 2 computadoras de uso normal de Yeuvy y Katherine para que sean usadas desde su casa en medio de la cuarentena COVID-19. Las mismas deben ser entregadas con numeros de series de todos sus componentes y fotos de las mismas.','programado',3,'servicios','finalizado','validado','1-Se desmoto las dos pc y se le entrego a cada usuario. \r\n2- Se verifico que la ip de cada PC que estn dinmica. \r\n3- Se le cambio la clave del usuario de Yeuvy no lo recordaba. \r\n4-Se cambio la clave de administrador (D0m!n!c@n@2*)\r\n5- Verifique DataCente OKAY`',2.5,'2020-05-13',NULL,NULL,NULL,5,11,27,5,18,7,37,50,2,93,4,NULL,NULL,NULL,22.00,NULL,NULL,'2020-05-07 20:18:43','2020-06-08 16:50:43'),
	(189,'Sistema operativo','La pc tiene problema con el arranque del sistema operativo.','normal',4,'servicios','proceso',NULL,NULL,NULL,'2020-06-05',NULL,NULL,NULL,NULL,11,29,5,11,7,44,52,2,166,4,NULL,NULL,NULL,25.00,NULL,NULL,'2020-06-05 17:39:41','2020-06-08 09:03:02'),
	(190,'Cambio de bateria','La batera se inflo','normal',4,'iguala','finalizado','pagado','Se cambio bateria de la laptop, estaba muy inflada',1,'2020-06-08',NULL,NULL,NULL,5,6,22,4,11,7,29,6,3,36,3,NULL,NULL,NULL,25.00,NULL,NULL,'2020-06-08 12:00:16','2020-06-08 12:14:37'),
	(191,'Actualizaciones y limpieza temporales','Actualizaciones','normal',3,'iguala','finalizado','pagado','Actualizacion de Skype, S.O. limpieza temp y scaneo antivirus',1,'2020-06-08',NULL,NULL,NULL,5,6,22,4,8,5,28,6,3,34,3,NULL,NULL,NULL,22.00,NULL,NULL,'2020-06-08 12:01:34','2020-06-08 12:14:48'),
	(192,'Actualizaciones y limpieza temporales','Actualizaciones','normal',3,'iguala','finalizado','pagado','Actualizacion de S.O, google chrome, limpieza temporales',1,'2020-06-08',NULL,NULL,NULL,5,7,23,4,8,5,30,6,3,37,3,NULL,NULL,NULL,22.00,NULL,NULL,'2020-06-08 12:02:20','2020-06-08 12:14:59'),
	(193,'Actualizaciones y limpieza temporales','Actualizaciones','normal',3,'iguala','finalizado','pagado','Actualizacin de S.O. limpieza temporales y actualizacion de app',1,'2020-06-08',NULL,NULL,NULL,5,9,25,4,8,5,32,6,3,519,3,NULL,NULL,NULL,22.00,NULL,NULL,'2020-06-08 12:03:03','2020-06-08 12:15:09');

/*!40000 ALTER TABLE `tickets` ENABLE KEYS */;
UNLOCK TABLES;


# Dump of table tipo_incidencias
# ------------------------------------------------------------

DROP TABLE IF EXISTS `tipo_incidencias`;

CREATE TABLE `tipo_incidencias` (
  `id` bigint(20) unsigned NOT NULL AUTO_INCREMENT,
  `nombre` varchar(191) COLLATE utf8mb4_unicode_ci NOT NULL,
  `descripcion` text COLLATE utf8mb4_unicode_ci NOT NULL,
  `catetoria_ticket_id` bigint(20) unsigned NOT NULL,
  `created_at` timestamp NULL DEFAULT NULL,
  `updated_at` timestamp NULL DEFAULT NULL,
  PRIMARY KEY (`id`),
  KEY `tipo_incidencias_catetoria_ticket_id_index` (`catetoria_ticket_id`)
) ENGINE=MyISAM DEFAULT CHARSET=utf8mb4 COLLATE=utf8mb4_unicode_ci;

LOCK TABLES `tipo_incidencias` WRITE;
/*!40000 ALTER TABLE `tipo_incidencias` DISABLE KEYS */;

INSERT INTO `tipo_incidencias` (`id`, `nombre`, `descripcion`, `catetoria_ticket_id`, `created_at`, `updated_at`)
VALUES
	(1,'Instalacin','Instalacin de impresoras',1,'2019-07-24 21:35:01','2019-07-24 21:35:01'),
	(2,'Mantenimiento','Mantenimiento de impresoras',1,'2019-07-24 21:35:22','2019-07-24 21:35:22'),
	(3,'Implementacin','Desarrollo de nuevas funcionalidades en el sistema de informacin',3,'2019-07-24 21:36:45','2019-07-25 14:54:10'),
	(4,'Instalacin','Instalacion de Sistema Operativos',5,'2019-07-24 22:02:47','2019-07-24 22:02:47'),
	(5,'Configuracin','Configuracin de Redes',6,'2019-07-25 14:45:00','2019-07-25 14:45:00'),
	(6,'Asesoramiento','Asesora en los paquetes de ofimtica',2,'2019-07-25 14:52:38','2019-07-25 14:52:38'),
	(7,'Configuracin','Configuracin en los sistemas de informacin',3,'2019-07-25 14:53:27','2019-07-25 14:53:27'),
	(8,'Actualizacin','Mantener los sistemas operativos actualizados para el mejor funcionamiento',5,'2019-07-25 14:55:26','2019-07-25 14:55:26'),
	(9,'Configuracin','Realizar cambios en los ajustes del sistema operativo',5,'2019-07-25 14:56:47','2019-07-25 14:56:47'),
	(10,'Conexin a Internet','Mecanismo de enlace con que una computadora o red de computadoras cuenta para conectarse a Internet.',7,'2019-07-25 14:58:50','2019-07-25 14:58:50'),
	(11,'Reparacin','Reparacin de los equipos',7,'2019-07-25 14:59:25','2019-07-25 14:59:25'),
	(12,'Reemplazo','Reemplazar los perifricos que no esten en funcionamiento',9,'2019-07-25 15:05:29','2019-07-25 15:05:29'),
	(13,'Diagnostico','Anlisis que se realiza para determinar cualquier situacin y cules son las tendencias.',8,'2019-07-25 15:33:48','2019-07-25 15:33:48'),
	(14,'Papel de Impresin','Papel de Impresin',1,'2019-07-25 15:41:53','2019-07-25 15:41:53'),
	(19,'Levantamiento','Levantamiento de Inventario Hardware y Software',7,'2019-08-26 14:57:41','2019-08-26 14:57:41'),
	(16,'Vendido','Vendido',7,'2019-08-13 21:05:49','2019-08-13 21:05:49'),
	(17,'Donado','Donado',7,'2019-08-13 21:06:05','2019-08-13 21:06:05'),
	(18,'Prestado','Prestado',7,'2019-08-13 21:06:17','2019-08-13 21:06:17'),
	(20,'Instalacin PCs y Laptops','Instalacin de Laptops y PCs',7,'2019-09-26 17:24:59','2019-09-26 17:25:30'),
	(21,'Mantenimiento','Mantenimiento Hardware y Software',7,'2019-09-27 10:55:11','2019-09-27 10:55:11');

/*!40000 ALTER TABLE `tipo_incidencias` ENABLE KEYS */;
UNLOCK TABLES;


# Dump of table tipo_inventarios
# ------------------------------------------------------------

DROP TABLE IF EXISTS `tipo_inventarios`;

CREATE TABLE `tipo_inventarios` (
  `id` bigint(20) unsigned NOT NULL AUTO_INCREMENT,
  `nombre` varchar(191) COLLATE utf8mb4_unicode_ci NOT NULL,
  `descripcion` text COLLATE utf8mb4_unicode_ci NOT NULL,
  `empresa_id` bigint(20) unsigned NOT NULL,
  `created_at` timestamp NULL DEFAULT NULL,
  `updated_at` timestamp NULL DEFAULT NULL,
  PRIMARY KEY (`id`),
  KEY `tipo_inventarios_empresa_id_index` (`empresa_id`)
) ENGINE=MyISAM DEFAULT CHARSET=utf8mb4 COLLATE=utf8mb4_unicode_ci;

LOCK TABLES `tipo_inventarios` WRITE;
/*!40000 ALTER TABLE `tipo_inventarios` DISABLE KEYS */;

INSERT INTO `tipo_inventarios` (`id`, `nombre`, `descripcion`, `empresa_id`, `created_at`, `updated_at`)
VALUES
	(1,'Hardware','Partes fsicas, tangibles, de un sistema informtico',1,'2019-07-24 21:53:31','2019-07-24 21:53:31'),
	(2,'Software','Conjunto de los componentes lgicos necesarios que hacen posible la realizacin de tareas especfica',1,'2019-07-24 21:53:53','2019-07-24 21:53:53');

/*!40000 ALTER TABLE `tipo_inventarios` ENABLE KEYS */;
UNLOCK TABLES;


# Dump of table users
# ------------------------------------------------------------

DROP TABLE IF EXISTS `users`;

CREATE TABLE `users` (
  `id` bigint(20) unsigned NOT NULL AUTO_INCREMENT,
  `nombres` varchar(191) COLLATE utf8mb4_unicode_ci NOT NULL,
  `apellidos` varchar(191) COLLATE utf8mb4_unicode_ci NOT NULL,
  `email` varchar(191) COLLATE utf8mb4_unicode_ci NOT NULL,
  `username` varchar(191) COLLATE utf8mb4_unicode_ci NOT NULL,
  `email_verified_at` timestamp NULL DEFAULT NULL,
  `password` varchar(191) COLLATE utf8mb4_unicode_ci NOT NULL,
  `estado_usuario` enum('activo','inactivo') COLLATE utf8mb4_unicode_ci NOT NULL DEFAULT 'activo',
  `empresa_id` bigint(20) unsigned NOT NULL,
  `remember_token` varchar(100) COLLATE utf8mb4_unicode_ci DEFAULT NULL,
  `created_at` timestamp NULL DEFAULT NULL,
  `updated_at` timestamp NULL DEFAULT NULL,
  PRIMARY KEY (`id`),
  UNIQUE KEY `users_email_unique` (`email`),
  UNIQUE KEY `users_username_unique` (`username`)
) ENGINE=InnoDB DEFAULT CHARSET=utf8mb4 COLLATE=utf8mb4_unicode_ci;

LOCK TABLES `users` WRITE;
/*!40000 ALTER TABLE `users` DISABLE KEYS */;

INSERT INTO `users` (`id`, `nombres`, `apellidos`, `email`, `username`, `email_verified_at`, `password`, `estado_usuario`, `empresa_id`, `remember_token`, `created_at`, `updated_at`)
VALUES
	(1,'Super Admin','Super Admin','madt@dte-online.com','superadmin',NULL,'$2y$10$oX5N7rCl9NbcreAb45YXzOsiiU4Qw6JHzQj.yBtGReqbAR0mu4JQG','activo',1,NULL,'2019-07-24 16:40:47','2019-10-23 18:11:35'),
	(2,'Cristian','Almanzar','cristian.almanzar@dte-online.com','calmanzar',NULL,'$2y$10$rJLBlwFukRQuuI/.SWCZf.rTveIPt.JoCNq8aQF3cLVgDfYxThMYW','activo',1,NULL,'2019-07-24 20:50:13','2019-07-24 20:50:13'),
	(3,'Ramon','Nolasco','ramon.nolasco@dte-online.com','ramonnolasco',NULL,'$2y$10$7mPNghFFUv0BLpyLEKko9uddlt2IphPrpqD8SVdKsETonR6U6cCkm','inactivo',1,NULL,'2019-07-24 20:50:40','2019-08-29 12:13:59'),
	(4,'Marco','Antonio','marco.antonio.diaz@dte-online.com','mantonio',NULL,'$2y$10$9yye5d4GsdDDKyNMK.B5QONG4Scp5vJvK7CrXZ59YT42YAiEbBRj2','activo',1,NULL,'2019-07-24 20:56:32','2019-07-24 20:56:32'),
	(5,'Gregory','Marmolejos','gregory@dte-online.com','gmarmolejos',NULL,'$2y$10$fNkR4QUr/acLCnYrKOuAquHOYvdwkhSXP3GyUV6X2R9iMWczGQuei','activo',1,NULL,'2019-08-05 10:52:38','2019-08-06 09:43:35'),
	(6,'Carlos','Valenzuela','carlos.valenzuela@dte-online.com','cvalenzuela',NULL,'$2y$10$J/ii/bIIzxqStNnXWDn2AuKuxPidLfc7dooHXqUQ4CNxgiFFPUHaG','activo',1,NULL,'2019-08-05 11:22:38','2019-10-24 08:48:16'),
	(7,'Elaine','Genao','elaine@ergotec.com.do','Egenao',NULL,'$2y$10$DsnlQ3wNmbzwY2.A/szvnO.qK5qxKRmfB52UCGv6PPVxpbcMEdPy.','activo',2,NULL,'2019-08-05 13:14:59','2019-08-05 14:19:28'),
	(8,'Katherine','Lapaix','costos@ergotec.com.do','Klapaix',NULL,'$2y$10$3Um1WCNnq68cLHdmmYDJUeNeyrG/y28mSNqbmeLspfr.K9UVtYkwS','activo',2,NULL,'2019-08-05 14:16:22','2019-08-05 14:23:48'),
	(9,'Aida','Garcia','aida@ergotec.com.do','Agarcia',NULL,'$2y$10$syMLSU1f2tBFdVVG2kLcuuzE9XVBrmsaIAfjA.cbn16f29pe71jx2','activo',2,NULL,'2019-08-05 14:21:54','2019-08-05 14:21:54'),
	(10,'Joselin','Morillo','cobros@ergotec.com.do','Jmorillo',NULL,'$2y$10$APl8cRmShYdq2H5/5kbXAe9m0.2caDYduiL0/Y9h571KFIbVa9rQm','activo',2,NULL,'2019-08-05 14:25:34','2019-08-05 14:25:34'),
	(11,'Gesabeth','Jorge','gesabeth@ergotec.com.do','Govalles',NULL,'$2y$10$zYyaDxHqWcSipPCgt0YJRuI6qUHumXjvoao8Bji0/FS9mYhewXkD.','activo',2,NULL,'2019-08-05 14:27:08','2019-08-05 14:27:08'),
	(12,'Madelin','Perez','madelin@ergotec.com.do','Mperez',NULL,'$2y$10$OeUskg1nB4f08M9oYhR4QOL8.smtnoHVDShC0OcSDK0kZyhperLTS','activo',2,NULL,'2019-08-05 14:28:55','2019-08-05 14:28:55'),
	(13,'Ruth','Jimenez','gestionhumana@ergotec.com.do','Rjimenez',NULL,'$2y$10$pIbsPHYR9RLuCMq263juhuThvhd/PWdNfTs7ayyM3qgnXKPPy221S','activo',2,NULL,'2019-08-05 14:31:17','2019-08-05 14:31:17'),
	(14,'Mayra','Jimenez','compras1@ergotec.com.do','Mjimenez',NULL,'$2y$10$KACLhUf4BTU7Yts8rzIDHOfb860hsnbxFRn2D5q9imP9qNuizMyge','activo',2,NULL,'2019-08-05 14:39:15','2019-08-05 14:39:15'),
	(15,'Nadia','Pea','atencionalcliente@ergotec.com.do','Npea',NULL,'$2y$10$LbmWZODSWcC3ZPivzlJSuu7B44gKWnZkq.iY41REJq.V8uhhFcIlG','activo',2,NULL,'2019-08-05 14:41:44','2019-08-05 14:41:44'),
	(16,'Erika','Tejeda','erika@ergotec.com.do','Etejeda',NULL,'$2y$10$VZL6pQUH5xn6sWig/pKmb.5bNx4MeotgXx42OUVzEawBWJi4cVk/O','activo',2,NULL,'2019-08-05 14:44:42','2019-08-05 14:44:42'),
	(17,'Ylia','Toribio','ylia@ergotec.com.do','Ytoribio',NULL,'$2y$10$keAzFXrxTczjuKbixtIzWuEFkMW5N88FEDIYUUXmhkVLLmNjurnPu','activo',2,NULL,'2019-08-05 14:46:27','2019-08-05 14:46:27'),
	(18,'Anny','Jimenez','anny@ergotec.com.do','Ajimenez',NULL,'$2y$10$QIxCWExjKSv.XCVNdyRW0e/PZk/wY1o5nAz7MJuxiGzAcKiLulshe','activo',2,NULL,'2019-08-05 14:48:18','2019-08-05 14:48:18'),
	(19,'Marcia','Rincon','marcia@ergotec.com.do','Mrincon',NULL,'$2y$10$h2Qh5VNZ0/d4fYKo.0Xo2u1RPXa4Dvjov587dcmbg.f/svQwvVdni','activo',2,NULL,'2019-08-05 14:50:07','2019-08-05 14:50:07'),
	(20,'Raysa','Rodriguez','raysa@ergotec.com.do','Rrodriguez',NULL,'$2y$10$ZTgRdlVrfcQwIqBf1w2fXuSOU/Sf4uQVpwzqi2rkCshz6vr4eLnMq','activo',2,NULL,'2019-08-05 14:51:37','2019-08-05 14:51:37'),
	(21,'Mavelys','Pea','diseno03@ergotec.com.do','Mpea',NULL,'$2y$10$f75UYG5rSwbSxMY.MEmIXuqXrqRB8NtkeP0jkIPGPZSIbm8jJW2t.','inactivo',2,NULL,'2019-08-05 14:55:01','2020-03-06 10:35:00'),
	(22,'Lorena','Rosario','diseno02@ergotec.com.do','Lrosario',NULL,'$2y$10$Q7vExYR77o/VxC/MWGlAO.6EQ0o9JxPYEusoPsA2b7rfwXGh3UUf2','activo',2,NULL,'2019-08-05 14:57:20','2019-08-05 14:57:20'),
	(23,'Masiel','Castillo','diseno04@ergotec.com.do','Mcastillo',NULL,'$2y$10$r/DEZSXTyT0ehFiOsRPvAeRk37xxuxIHdsrm4LZ0YF6FsV9P3zQh2','activo',2,NULL,'2019-08-05 14:58:59','2019-08-05 14:58:59'),
	(24,'Fatima','Duran','fatima@ergotec.com.do','Fduran',NULL,'$2y$10$pk3H.5hPpiukx4hE3lyU5OGOw4kwS2O.K6mBEihEX7RsGwSwTMGNO','activo',2,NULL,'2019-08-05 15:01:59','2019-08-05 15:01:59'),
	(25,'Diandra','Cespedes','diandra@ergotec.com.do','Dcespedes',NULL,'$2y$10$u2Xvv8UR5o6UNVvaN89ZSeTamdm31clEGv561lnMnVi0mkyz/Seia','activo',2,NULL,'2019-08-05 15:03:25','2019-08-05 15:03:25'),
	(26,'Millosi','Tejera','millosi@ergotec.com.do','Mtejera',NULL,'$2y$10$UCWt/9F5Zs937oOOMID.Xeor4QtLik4JWfoXC1cxySP5wYB8iUKMO','activo',2,NULL,'2019-08-05 15:05:14','2019-08-05 15:05:14'),
	(27,'Omar','Contreras','omar@ergotec.com.do','Ocontreras',NULL,'$2y$10$TTtZkZefMNwKRMmnA8HE5el90RA7Yxu8bYCelUZ/bkkNwdFv3gULS','activo',2,NULL,'2019-08-05 15:07:10','2019-08-05 15:07:10'),
	(28,'Alan','Garcia','alan@ergotec.com.do','Algarcia',NULL,'$2y$10$/B4lGVgLDtJHMQgLNzIaAe7DyeMUxbPng3MlPSg3R32Y.QtfUkpni','activo',2,NULL,'2019-08-05 15:08:48','2019-08-05 15:08:48'),
	(29,'Virginia','Cabral','virginia@ergotec.com.d','Vcabral',NULL,'$2y$10$eCVkk2DCRsdCDxM/ROGUdOpZSnTgFYV5Oky9fKl8WvbDsOoTkLDSW','activo',2,NULL,'2019-08-05 15:16:53','2019-08-05 15:16:53'),
	(30,'Milan','Lora','lora.milan@gl.com','Mlora',NULL,'$2y$10$o19QTHzriDAJc2egYFpEs.mAsnaWvgiLraX2Ot6KxwPLAR9ix0a/S','activo',2,NULL,'2019-08-05 15:18:42','2019-08-05 15:18:42'),
	(31,'Pilar','Caminero','pcaminero@vcmultichannel.com.do','pcaminero',NULL,'$2y$10$nO3Z3ugPXKsg/HSaYHxMte0hWvs71SPhd6A/p53LR7j311xFzL8SG','activo',3,NULL,'2019-08-05 17:40:52','2019-11-27 15:11:45'),
	(32,'Steffany','Sanchez','ssanchez@vcmultichannel.com.do','ssanchez',NULL,'$2y$10$tsaF9haK6eAJ10ZQuKmHEePJvPutctUuoj2HkijbM7346lCgnfqpG','activo',3,NULL,'2019-08-05 17:45:11','2019-11-27 15:11:25'),
	(33,'Manuel','Caraballo','mcaraballo@vcmultichannel.com.do','mcaraballo',NULL,'$2y$10$qCHumaU8QscIhQE3SbAOc.OelbBpomJ3gGvtidvnIK2sk3Bw.oKe2','activo',3,NULL,'2019-08-05 17:49:39','2019-11-27 15:10:55'),
	(34,'Laura','Mena','lmena@vcmultichannel.com.do','lmena',NULL,'$2y$10$1hygb2q4AB/.UmhHUIi6Gujk7F5AX0JVa6iOBmQ4gW/1GFSctiiRS','activo',3,NULL,'2019-08-05 17:53:58','2019-11-27 15:10:02'),
	(35,'Florangel','Furcal','ffurcal@vcmultichannel.com.do','ffurcal',NULL,'$2y$10$ShyBvFrIzApPTwKR5uc.puinIAtygOmB0oyu6Fb7SETYyjg8hG1ca','activo',3,NULL,'2019-08-05 17:57:55','2019-11-27 15:09:34'),
	(36,'Wendy','Alba','walba@sfh-dr.org','walba',NULL,'$2y$10$2evS.8CoCqYvDv/R02GAd.7BtOp4J5nOR/JEM.W.2O9bWUdG5eHGq','activo',4,NULL,'2019-08-09 15:37:17','2019-08-09 15:37:17'),
	(40,'Ana Celia','Carrero','acarrero@sfh-dr.org','acarrero',NULL,'$2y$10$S0CcE0/GPx/8uIAtt0QL6.ipcX03Lvs9W95toA48feM/0qUDdPZQO','activo',4,NULL,'2019-08-09 15:51:14','2019-08-12 14:33:35'),
	(41,'Mirna','Guillen','mguillen@sfh-dr.org','mguillen',NULL,'$2y$10$oW1djqS4Kl2nmgqrq9uYnOezh8cHIioatD6S1q6msEgK0GS4nn8fO','activo',4,NULL,'2019-08-09 15:56:48','2019-08-12 10:20:39'),
	(42,'Nathaly','De Sena','ndesena@sfh-dr.org','ndesena',NULL,'$2y$10$0NYdDPb4gAcUDPdKgb4mKe/5J9eZ3B17wB40xvtmmJPgIC2MC9UZK','activo',4,NULL,'2019-08-09 15:59:19','2019-08-09 16:02:14'),
	(43,'Yeuvy','Encarnacin','yencarnacion@sfh-dr.org','yencarnacion',NULL,'$2y$10$fpHDCBf3MBbo.6Z8pC5Zdu/8RJ9e0quKhXrj4A2SlpMvYtyYLKZMe','activo',4,NULL,'2019-08-09 16:07:20','2020-02-03 10:40:01'),
	(44,'Frenly','De Jesus','fdejesus@sfh-dr.org','fdejesus',NULL,'$2y$10$9pmprxN098ybs7QYu72Zeuw7Dp41poInVIgCxfEt60/e6/d7m0hG2','activo',4,NULL,'2019-08-09 16:12:18','2019-08-12 10:25:11'),
	(45,'Ana Amelia','Castillo','acastillo@sfh-dr.org','acastillo',NULL,'$2y$10$zcO7d3pBk.x4xKG/67jfOe3JGRcfkWbrT/d5qlSvNCqRDHxSV1JLG','activo',4,NULL,'2019-08-09 16:15:50','2019-08-12 11:29:35'),
	(46,'Laura','Jorge','ljorge@sfh-dr.org','ljorge',NULL,'$2y$10$WB/e18xxqiGyTOm/7yNtjuoFxe3/o.pTyaaLhWgzzWdU071a0TdbG','activo',4,NULL,'2019-08-09 16:17:32','2019-08-12 10:23:52'),
	(48,'Katherine','De Los Santos','kdelossantos@sfh-dr.org','kdelossantos',NULL,'$2y$10$3A8F6j0naiQvKqbkoU9rWOCzjoj5KuVjkFOnYRYQYdBx.UiSSdElC','activo',4,NULL,'2019-08-09 16:41:21','2019-08-09 16:58:34'),
	(50,'Adabel','Jimenez','ajimenez@sfh-dr.org','adjimenez',NULL,'$2y$10$frNzli4SzICghG29hYr30e9VGeRY.85offfVvneT04zSFsN0bJrOq','activo',4,NULL,'2019-08-12 10:14:04','2019-08-21 11:21:18'),
	(51,'Yerky','Hernandez','yhernandez@sfh-dr.org','yhernandez',NULL,'$2y$10$eQ8weaAjVKhnIqvOgn7XN.uWpNEAhn/vQwueEJ624hLn3dBDLGeZS','activo',4,NULL,'2019-08-12 10:29:30','2019-08-12 11:13:23'),
	(52,'Katherine','Rosario','krosario@sfh-dr.org','krosario',NULL,'$2y$10$iVzji2k74.aRCGcCOXjso.cKqq6PCLcEeI1B20wM7bhqjjTGpNs46','activo',4,NULL,'2019-08-12 10:31:56','2019-08-14 14:48:28'),
	(53,'Wendy','Tejeda','wtejeda@sfh-dr.org','wtejeda',NULL,'$2y$10$9Mufoik4GsEV7WZnXOFCjOLT0.Z3N2dTRyOwo8FaFvyEZRcy4p5UO','activo',4,NULL,'2019-08-12 10:38:29','2019-11-13 09:59:49'),
	(54,'Yanet','Hernandez','y.hernandez@sfh-dr.org','y.hernandez',NULL,'$2y$10$NPrTd9FEkH3cF39LkhPFruH.zQ4EqV8eG6Wimwh33E9tajEpcDBHu','activo',4,NULL,'2019-08-12 10:44:41','2019-08-12 11:13:05'),
	(55,'Javier','Ferrer','jferrer@sfh-dr.org','jferrer',NULL,'$2y$10$qH/XOeKxg/vwm5yW/HWdt.fMYIyEmO3WH0g1wWhKU5pJd8z5Lk8q.','activo',4,NULL,'2019-08-12 11:36:05','2019-08-12 11:36:05'),
	(56,'Yeralbis','Severino','yseverino@sfh-dr.org','yseverino',NULL,'$2y$10$18HOeXe.ZHyY/1DdihB0NeFN7XGndHm7Iy/LPGJQ/MuGvOiccSlpG','activo',4,NULL,'2019-08-12 11:50:09','2019-08-12 14:35:11'),
	(57,'Gregory','Quezada','gquezada@sfh-dr.org','gquezada',NULL,'$2y$10$hehkf.IAEeP2fqz0f/N0V.ieIXrVwevWqbnQcxxZgYj307gOSxSV.','activo',4,NULL,'2019-08-12 11:53:03','2019-08-12 11:53:03'),
	(58,'Ramon','Pereyra','rpereyra@sfh-dr.org','rpereyra',NULL,'$2y$10$.otTBmUOw8W5Pg2JOeNZ2uXmZZCVGTp4OQs9UfuG6wYRlg9JbsPQ2','activo',4,NULL,'2019-08-12 11:57:00','2020-02-07 09:48:24'),
	(59,'Luz P','Payan','lpayan@sfh-dr.org','lpayan',NULL,'$2y$10$nmeGycax.9GjX0KZhuKkqOXvO7oEg7SacJNbjNe5z4mHcwVgy.9i2','activo',4,NULL,'2019-08-12 12:05:03','2019-08-12 14:34:07'),
	(60,'Charina','Polanco','cpolanco@sfh-dr.org','cpolanco',NULL,'$2y$10$NsnBWJ5fcJMA3UXVM8HI8.eFVKGBKYYi0VnTO3wlHfugWludXh9/u','activo',4,NULL,'2019-08-12 13:38:55','2019-08-12 13:38:55'),
	(61,'Andreina','Ramirez','aramirez@sfh-dr.org','aramirez',NULL,'$2y$10$C2RKR/oSYgioO3b1k5ln.Ok.1r.aZ4//bYFnKI8CS3b.G/WBGekyS','activo',4,NULL,'2019-08-12 13:40:51','2019-08-12 13:40:51'),
	(62,'Petronila','Estevez','pestevez@sfh-dr.org','pestevez',NULL,'$2y$10$vNUKFccsiDDBxFTPXcGHm.MAp90IlSIWSXkS29Tpe4V2mLkR15jvK','activo',4,NULL,'2019-08-12 13:42:54','2019-08-12 13:42:54'),
	(63,'Edwin','Urbaez','eurbaez@sfh-dr.org','eurbaez',NULL,'$2y$10$FOd4ojnkNf585xOwHKXwmOjzwJoKgBkaJRpY9rt0nsknDcx2L94RK','activo',4,NULL,'2019-08-12 13:50:04','2019-08-12 13:50:04'),
	(64,'Denny','Paredes','dparedes@sfh-dr.org','dparedes',NULL,'$2y$10$Z6AfK9b5g0MGiUrnmJW.o.iZ875AiQkiQziIRM3FCtc/VUKB4ch6u','activo',4,NULL,'2019-08-12 13:53:36','2020-01-10 09:10:11'),
	(65,'Merari','Silva','msilva@sfh-dr.org','msilva',NULL,'$2y$10$pw6yeOmm52D1lvUzgKkizuQSAU3GY61dxjpVz2J7.5rREnSLsieI2','activo',4,NULL,'2019-08-12 13:57:01','2019-08-12 15:00:41'),
	(66,'Elianny','Pion','epion@sfh-dr.org','epion',NULL,'$2y$10$c39uDz8Cu.IylpFdUlJMzOTdnDJPOUzEo5pzRXmLS1HTAqzFQz.bC','activo',4,NULL,'2019-08-12 14:01:07','2019-08-12 14:01:07'),
	(67,'Victor','Encarnacion','vencarnacion@sfh-dr.org','vencarnacion',NULL,'$2y$10$GQCJZKgofaMQAmyqv/9OJ.hIRTUvjNSSa/UEa7IvxVoX8K92md4de','activo',4,NULL,'2019-08-12 14:26:34','2019-08-12 14:26:34'),
	(68,'Pamela','Faura','pfaura@psi.org','pfaura',NULL,'$2y$10$.xaZ5IRefxrI.FV3mdMeK.7lK8JEt/9WfPDFSGTD/9SQakeleTEmi','activo',4,NULL,'2019-08-12 14:47:02','2019-08-12 14:47:02'),
	(69,'Wagner','Jimnez','wjimenez@psilac.org','wajimenez',NULL,'$2y$10$A30lD/Cxs77QXPk.Ek1VL.C9CQZRxxrXuN1ULlnxp9N4i9btfIerK','activo',4,NULL,'2019-08-26 19:45:38','2019-08-26 19:45:38'),
	(70,'Altagracia Migdalia','Acosta Ramirez','migdalia.acosta@activagroup.net','macosta',NULL,'$2y$10$HgDZPbT3Wf/uRXjyignPl.TIMbyXil2BF2FUBiyG3GIfolddA5I2q','activo',5,NULL,'2019-09-09 15:33:51','2019-10-17 09:50:11'),
	(72,'Maria','Martinez Izquierdo','maria.martinez@activagroup.net','mmartinez',NULL,'$2y$10$UWOkhh.RO/F8Wdr6QoLDcO.NzfsLzXPXy03av/Fajoqm7KKeizdeW','activo',5,NULL,'2019-09-09 15:42:13','2019-10-17 09:50:52'),
	(73,'Caroll','Baez Caminero','caroll.baez@activagroup.net','cbaez',NULL,'$2y$10$4rM3TuuLcOBnLnJlN8Zy1Oq6FsbW19bqousZDDJPJmRiqWe9PDysC','activo',5,NULL,'2019-09-09 15:44:44','2019-10-10 12:41:30'),
	(74,'Karen','D Oleo Peguero','recepcion@activagroup.net','kdeoleo',NULL,'$2y$10$58njjrIIHfDjvl8IPvUhVunX8i0ds6oiK2EcL3CoumDAIRhtO2HY6','activo',5,NULL,'2019-09-09 15:47:11','2019-10-28 09:26:39'),
	(75,'Heidy','Grullon Gomez','heidy.grullon@activagroup.net','hgrullon',NULL,'$2y$10$FoLLAyrS6t4OBbQBz66ui.hGdbskct4Mnfh3bzRTKvrbYpToVwB5.','activo',5,NULL,'2019-09-09 15:49:50','2019-10-15 17:48:51'),
	(76,'Marianni','Lara Veloz','marianni.lara@activagroup.net','mlara',NULL,'$2y$10$kZ54XicBbtTb9jhZI0AXGOChWVLr4wVHKHGCdaljxuVVUpZabadeq','activo',5,NULL,'2019-09-09 15:51:56','2019-10-17 09:52:30'),
	(77,'Gabriela','Coronado Santos','gabriela.coronado@activagroup.net','gcoronado',NULL,'$2y$10$6iqFO.g3ItFxf/f5NxqMve0Ei.OOJ2n.DeqAOY36eVO1yQ4WSa2j2','activo',5,NULL,'2019-09-09 15:53:42','2019-11-01 09:27:21'),
	(78,'Sandra','Baez Caminero','sandra.baez@activagroup.net','sbaez',NULL,'$2y$10$RUaA7VWNIaA57nLcui7NkeHXeqGWH0ZIFVpMFDMm.OSsl/Tn3VZT.','activo',5,NULL,'2019-09-09 15:56:01','2019-10-17 09:53:49'),
	(79,'Sergio','Soriano','sergio.soriano@activagroup.net','ssoriano',NULL,'$2y$10$S3FsWCkXr4emyPQBQg.h6uDe7/IKX0tlzUGBWdZEgIc42/C2Cq8ty','activo',5,NULL,'2019-09-09 16:01:11','2019-10-17 09:54:26'),
	(80,'Sachi','Sone','sachi.sone@activagroup.net','ssone',NULL,'$2y$10$IwzD/vePzS7YQOZVjeZ4LOVUC.DWa1/26bxKtcgBJM0GAA03trqvy','activo',5,NULL,'2019-09-09 16:03:31','2019-10-17 11:09:01'),
	(81,'Catherine','Batista Curiel','catherine.batista@activagroup.net','cbatista',NULL,'$2y$10$QJ9s66b35mDd0Rx4hpDLJushXQjyTHrbKlGKOlGoH96ThNmiv4BJO','activo',5,NULL,'2019-09-09 16:07:07','2019-10-17 09:55:54'),
	(82,'Daniela','Calcao Reina','daniela.calcano@activagroup.net','dcalcano',NULL,'$2y$10$s0U3IQBRmPCARBKdfNo/X.Hm.kXQU6Qo1jO96K6wLgA8D/XykB3t.','activo',5,NULL,'2019-09-09 16:10:01','2019-10-17 09:56:40'),
	(83,'Amaury','Roman Gil','amaurys.roman@activagroup.net','aroman',NULL,'$2y$10$VqcfL7eweDweaT/ltzV2.e.NHNUC6SpR6a4bvB.Z0w7ZqoLfn37.y','activo',5,NULL,'2019-09-09 16:15:38','2019-10-17 09:57:33'),
	(84,'Catherine K','Lluberes Vargas','catherine.lluberes@activagroup.net','clluberes',NULL,'$2y$10$tVJ7Odr77UL58TEztBlxX.TyRc.iX4PiT0HlM0jb.oWiE5..IgJOK','activo',5,NULL,'2019-09-09 16:19:09','2019-10-17 10:27:14'),
	(85,'Yeidemy','Luzon Vasquez','yeidemy.luzon@activagroup.net','yluzon',NULL,'$2y$10$lrDj0WlkAy.FRbTjI9uEJucjQcbTSHqhE4SLT2mlpdIIY9f.H9/xW','activo',5,NULL,'2019-09-09 16:21:17','2019-10-17 09:58:51'),
	(86,'Eira','Caceres','eira.caceres@activagroup.net','ecaceres',NULL,'$2y$10$HH6Mzn5.V3XPMjax/ODzseK4Z67.1bDahO7VJY6QzVWXwcG5.DOQm','activo',5,NULL,'2019-09-09 16:23:26','2019-10-17 10:00:25'),
	(87,'Abel','Urea Almonte','abel.urena@activagroup.net','aurena',NULL,'$2y$10$38wCHhyQAb/k8DiP5XPPOOmrANGKg/nWCDHKSYqqEhop34Bhg851y','activo',5,NULL,'2019-09-09 16:26:23','2019-10-17 14:36:26'),
	(88,'Eric','Alcantara Martinez','eric.alcantara@activagroup.net','ealcantara',NULL,'$2y$10$NAImx9kQZT/TBMBVARs5kuGtR1tMIXeKE1YWLs1KZjmNJuMI2rlxi','activo',5,NULL,'2019-09-09 16:28:48','2019-10-17 14:37:16'),
	(89,'Su-Lion','Sang Polanco','sulion.sang@activagroup.net','ssang',NULL,'$2y$10$Df04bYsK9TL0UYExxbjf2Od0CdjmwdEr7DrmIb5wU1oIOaTkzNG1m','activo',5,NULL,'2019-09-09 16:31:49','2019-10-17 14:39:51'),
	(90,'Ernesto','Torres Valdez','ernesto.torres@activagroup.net','etorres',NULL,'$2y$10$aTUzeOguoPy4P8s8Nd64H.Pw0TwuXNINNsx46mnbtqbWm1xpvXAo6','activo',5,NULL,'2019-09-09 16:34:11','2019-11-12 10:48:45'),
	(91,'Ian Michel','Zapata Angeles','ian.zapata@activagroup.net','izapata',NULL,'$2y$10$fNsZ9OHjF4h0zB6roHRnvuUkrTcTcJ9lpRCbGQNFle2UM9Vy56uza','activo',5,NULL,'2019-09-09 16:38:23','2019-10-17 14:41:09'),
	(92,'Jean Carlos','Polanco Urea','jean.polanco@activagroup.net','jpolanco',NULL,'$2y$10$52bKPAPn8gijnV49zl9gSerKlsEvGnGqmvjOqyMXMA.rGEzWbZgHa','activo',5,NULL,'2019-09-09 16:42:48','2019-10-17 14:41:49'),
	(93,'Carlos','De Leon Duverge','carlos.deleon@activagroup.net','cdeleon',NULL,'$2y$10$NGxSxyBtigZGVIQGvkzoP.KqhNs4bAuZwWDDHtWRbPYXCAhRENOPK','activo',5,NULL,'2019-09-09 16:45:46','2019-10-17 14:42:34'),
	(94,'Carolina','Despradel Abreu','carolina.despradel@activagroup.net','cdespradel',NULL,'$2y$10$d/LQHPOAw1I92ObbyHX70ODYQI0NnyzAVPWxXnJsBixa9dbewDVQ6','activo',5,NULL,'2019-09-09 16:47:54','2019-10-17 14:43:24'),
	(95,'Karla','Laureano','cuentasporpagar@ergotec.com.do','Klaureano',NULL,'$2y$10$D1rr1lBwVAYEc9xYoyUfH.eONX207ecWQqwMbCMRXrWMSTPHnoJkK','activo',2,NULL,'2019-09-19 15:16:52','2019-09-19 15:16:52'),
	(96,'Elizabeth','Matos','ematos@sfh-dr.org','ematos',NULL,'$2y$10$ERJxTyelvE8rLOK74bGu2eS/oa8RixCd48U3XI4fTWqfkktPZ3Bvi','activo',4,NULL,'2019-09-27 09:35:06','2019-10-25 11:31:31'),
	(97,'Laura','Gutierrez','laura.gutierrez@activagroup.net','lgutierrez',NULL,'$2y$10$.M8efOwwCBKLvyam.YsAA.JilDb/FzNb1m6wleAWb1EwcGdXSahT6','activo',5,NULL,'2019-10-17 15:19:39','2019-11-12 10:40:13'),
	(98,'Roberto','Garcia','roberto.garcia@dte-online.com','dteroberto',NULL,'$2y$10$eQmSCyQUqUzikLWoMPbn0O5K0LoIf67GLMWkZW2BemMWOnh3mtAhi','activo',1,NULL,'2020-03-02 12:49:34','2020-05-04 20:30:24'),
	(99,'prueba','prueba','EMAIL@sfh-dr.org','Prueba',NULL,'$2y$10$kzMGOC7MPzWjkulTrXgYl.EtnZM/nigqojk63319KJaC/gY7hqRKS','activo',4,NULL,'2020-03-11 15:22:29','2020-03-11 22:08:35'),
	(101,'Sobella','Arias','sarias@sfh-dr.org','sarias',NULL,'$2y$10$jPMHG7qFZ.UAEOHBLklmC.Y0yEWy8ke8W5o9sRfCTF9HPofVIGNjq','activo',4,NULL,'2020-03-11 22:11:08','2020-03-11 22:11:08'),
	(102,'Alejandro','Chahin De La Cruz','alejandro.chahin@activagroup.net','achahin',NULL,'$2y$10$qr37mvmnN/mhHFHK5n4LXuirgUKwt.9Q.r8tOEu2yYoLTon8RYKD2','activo',5,NULL,'2020-03-18 09:20:43','2020-03-18 09:20:43'),
	(103,'Paola','Hernandez','paola.hernandez@activagroup.net','phernandez',NULL,'$2y$10$2ls.7AJZ0WZnw6f3ZZC4beb4liMpCPGlg1YFE0vQN3dMjYTnfa65y','activo',5,NULL,'2020-03-19 09:13:56','2020-03-19 09:13:56');

/*!40000 ALTER TABLE `users` ENABLE KEYS */;
UNLOCK TABLES;



/*!40111 SET SQL_NOTES=@OLD_SQL_NOTES */;
/*!40101 SET SQL_MODE=@OLD_SQL_MODE */;
/*!40014 SET FOREIGN_KEY_CHECKS=@OLD_FOREIGN_KEY_CHECKS */;
/*!40101 SET CHARACTER_SET_CLIENT=@OLD_CHARACTER_SET_CLIENT */;
/*!40101 SET CHARACTER_SET_RESULTS=@OLD_CHARACTER_SET_RESULTS */;
/*!40101 SET COLLATION_CONNECTION=@OLD_COLLATION_CONNECTION */;
